S0200000534F4C554D5F4155544F4445544543545F46554C4C5F7634332E73333725
S315000000000810002049010000B13E0000DF25000075
S31500000010B13E0000B13E0000B13E0000B13E00001E
S31500000020B13E0000B13E0000E4430000B13E0000D6
S31500000030B13E000094430000B13E0000B13E000016
S31500000040B13E0000B13E0000B13E0000B13E0000EE
S31500000050B13E0000B13E0000B13E0000B13E0000DE
S31500000060B13E0000B13E0000B13E0000B13E0000CE
S31500000070B13E0000B13E0000B13E0000B13E0000BE
S31500000080B13E0000B13E0000B13E0000B13E0000AE
S31500000090B13E0000B13E0000B13E0000B13E00009E
S315000000A0B13E0000B13E0000B13E0000B13E00008E
S315000000B0B13E0000B13E0000B13E0000B13E00007E
S315000000C0B13E0000B13E0000B13E0000B13E00006E
S315000000D0B13E0000B13E0000B13E0000B13E00005E
S315000000E0B13E0000B13E0000B13E0000B13E00004E
S315000000F0B13E0000B13E0000B13E0000B13E00003E
S31500000100B13E0000B13E0000B13E0000B13E00002D
S31500000110B13E0000B13E0000B13E0000B13E00001D
S31500000120B13E0000B13E0000B13E0000B13E00000D
S31500000130B13E0000B13E0000B13E0000B13E0000FD
S31500000140013800D0FCE7704708B50D4B83F30A88E9
S315000001500C4B09A1D1E90001C3E9000101F048FDFA
S3150000016000F0C8F901F036FD01F00EFD01F020FDAA
S3150000017000F060F9AFF30080A5EDF5FEA5EDF5FE04
S3150000018008000020081000200348044B834202D0D8
S31500000190034B03B1184770472010002020100020A1
S315000001A000000000064B0749C91A891048BF0131F3
S315000001B0491003D0044B0BB101481847704700BFE4
S315000001C020100020201000200000000010B5064C72
S315000001D0237843B9FFF7D8FF044B13B10448AFF3B4
S315000001E000800123237010BDB45D002000000000D4
S315000001F07046000008B5054B1BB105490548AFF32D
S315000002000080BDE80840FFF7CDBF00BF000000003A
S315000002102010002070460000F0B5421ED11C034697
S3150000022085B018D86E460D4C04F110073546206887
S315000002306168083403C5BC422E46F7D104A90F33C2
S3150000024011F8014D12F8010F844204D19A42F7D1F8
S31500000250012005B0F0BD0020FBE700BF8043000091
S31500000260F0B50368044603F16043B3F5004F4FF061
S3150000027000009FB029D8826A636816699E4224D816
S31500000280B3F5002F21D8656B06F14003AB425ED86B
S31500000290B5F5002F5BD82846FFF7BEFF002856D0DD
S315000002A0284602F05AF980B16B6973B1022B0ED160
S315000002B0AB69C4F1040119444FF0FF32204601F046
S315000002C0C3F8244BC31A584258411FB0F0BD40F240
S315000002D0046328460293FFF79FFF08B90020F4E75E
S315000002E000235F6B3846FFF797FF0028F6D0A6F18C
S315000002F050039F42F2D8284603A902F035F9002898
S31500000300ECD0039DAE42E9D8AC42E7D8B5F5002F54
S31500000310E4D804A801F02AF921462A1B04A803F010
S31500000320F4FA04A803F0F3FA01F034F9044601F0F4
S3150000033035F923460090294605F1200204A801F06C
S315000003409BF802900298B0FA80F04009BDE70120C0
S31500000350BBE700BFE320BBDE30B54FF0FF3289B00C
S3150000036005460C4601F070F80D4B984215D140F247
S31500000370022000F033F91C22002101A803F0CDFF72
S31500000380084B29466846009303F0B4FD6846211FD2
S3150000039003F0B0FD684601F05BFD002009B030BDFA
S315000003A0E320BBDE0100064310B5044688B040F2E8
S315000003B0022000F013F91C22002101A803F0ADFF72
S315000003C0054B21466846009303F094FD684601F00C
S315000003D03FFD002008B010BD0000034337B50C46B2
S315000003E00546E0B1D9B100230B60114B036003F061
S315000003F0FBFC013018BF2B6801A81CBF43F4404327
S315000004002B604FF0FF33019303F0F1FC019B43B9DE
S315000004102B6803432B60236843F48043236003B0B7
S3150000042030BD012B02BF236803432360F3E700BFFF
S315000004301424004013B501F073FE01280DD1294B99
S3150000044004205A6E4FF4802327494B6601F510416C
S31500000450086250035CBF254A53664FF04023D3F829
S315000004608420110606D44FF400621A67D3F884205C
S31500000470D206FBD402F0A5F800F0A2F808B900F005
S3150000048087F803F0C4FA044658B900F099F808B1A1
S3150000049000F08EF840F2012000F0CAF84FF4017027
S315000004A018E000F08DF808B900F07AF800F0A2F82C
S315000004B0012802D900F06CF8FEE700F0A7F80C4B13
S315000004C00193019B002B0ADC40F205439C42E5D1D7
S315000004D040F2032000F0ACF8002002B010BD019BF2
S315000004E0013BEDE7008000400090004000A0004086
S315000004F000350C00012307B58DF806308DF807305E
S315000005004FF04023D3F894305A060FD500F0A4F8E4
S31500000510A0F2022080B2072808D8C923C340DB070F
S3150000052042BF00238DF806308DF807304FF4C043E4
S315000005305B68013308D14FF4027000F04FF80023D6
S315000005408DF806308DF807309DF8073063B14FF40B
S31500000550C040FFF785FE8DF806009DF806301BB9F2
S315000005604FF4027000F03AF89DF8063053B100F0EF
S3150000057027F808B100F01CF84FF4C040034B986010
S3150000058002F023F803B05DF804FB00BF00ED00E0C5
S315000005904CF23C32014B5A80704700BF00000020ED
S315000005A04AF6C032014B5A80704700BF0000002057
S315000005B04FF20F02014B5A80704700BF0000002027
S315000005C04AF6C030044B5B8823F00F039BB21B1A1C
S315000005D058425841704700BF00000020044A08B541
S315000005E01080FFF7EDFF10B94FF20F03538008BDDF
S315000005F00000002008B5FFF7E3FF18B1024B58884A
S3150000060000F00F0008BD00BF0000002008B5FFF78E
S31500000610D7FF48B1054A538803F00F010F2914BFCD
S31500000620013323F00F03538008BD00BF00000020F4
S3150000063008B5FFF7D3FFBFF34F8F0549054BCA68CF
S3150000064002F4E0621343CB60BFF34F8F00BFFDE7B8
S3150000065000ED00E00400FA054FF20F01084B5A883E
S315000006608A4201D1188870473AB91B8840F20220A5
S31500000670012B18BF4FF4007070474FF4007070479D
S31500000680000000204FF4003208B5044B9A6601F0D2
S3150000069047FBB0FA80F0400908BD00BF009000405B
S315000006A0072BF8B506460F4614461D4601D900200D
S315000006B0F8BD0121202001F0A9FA0121212001F035
S315000006C0A5FA8CB144EA06039B07F0D14FF4003239
S315000006D0064B31469A66284623463A4601F04AFBBF
S315000006E0B0FA80F04009E3E70120E1E7009000401E
S315000006F010B5044600F0D8F8074BB0FBF3F304FB43
S3150000070003F0022806D9BDE810400323B0FBF3F03E
S31500000710FFF716BD10BD00BF40420F004FF08062CC
S31500000720024B5A664FF480725A667047009000403A
S3150000073010B5FFF7F3FF012100230422022001F088
S3150000074085FA002302221946104601F07FFA02219B
S3150000075000230846042201F079FA0123042203212A
S31500000760022001F073FA0122174C04F580535A60F7
S3150000077040F6AA6363610023144A2361E36404F527
S3150000078000539A6440F20143A36041F20503E3601B
S3150000079000F08AF80E4B0138B0FBF3F0102300028C
S315000007A0E0610C4A63610C4BC3F834260222C3F89D
S315000007B02C264FF00212C3F830261C22C3F81C2642
S315000007C00523636110BD00BF00C00540FFFF0100A7
S315000007D00050C3000200010000C0034008B50146F6
S315000007E0FFF79CFFBDE80840014803F092BB00BF3D
S315000007F000C0054038B505460D4CC0F307412046FC
S31500000800FFF78CFF03F08FFB2046C5F3072103F0AB
S315000008108AFBE9B2204603F086FB204603F073FB11
S31500000820204603F070FB2046BDE8384003F06BBB62
S3150000083000C0054008B5FFF771FFBDE80840FF217D
S31500000840014803F066BB00BF00C0054038B50B4D3C
S31500000850FF212846FFF762FF03F065FBFF212846CC
S3150000086003F061FB284603F04EFB0402284603F022
S315000008704AFBA4B2204380B238BD00BF00C0054089
S3150000088008B5FFF74BFF0822014B1A6708BD00BFEA
S3150000089000E0034008B5FFF741FF0822014B1A6745
S315000008A008BD00BF00D0034030B51C4B87B001AA7D
S315000008B003F11005144618685968083303C4AB429F
S315000008C02246F7D11B782370154B1B6F03F00703E5
S315000008D0032B1FD04FF48022124B5A66124A93689C
S315000008E0C3F30443102B17D818336B440F4913F87E
S315000008F0143C4B430E498B4203D19268C2F301620A
S31500000900D340074A106FC0F303300130B3FBF0F059
S3150000091007B030BD074BF4E7074BF2E72C44000065
S3150000092000800040009000400000014040420F005F
S3150000093000093D0000F04902C0EA21010A4B18688F
S3150000094030B9B1F5205F0DD8012208481A6070470A
S31500000950012806D1B1F5005F03D8022204481A60C7
S3150000096070470020704700BF38100020B4350020C3
S31500000970B415002031B1044A1368002BC4BF03F13B
S31500000980FF331360704700BF3810002002232DE9A3
S31500000990F04F8846164600278BB0DFF8C490DFF884
S315000009A0C4A005908DF81F309DF81F20022A07D09D
S315000009B0002E48D041F20231012A18BF0F4642E00C
S315000009C0D9F80010234DC1F540730893DAF80030CA
S315000009D0214809930DF11F0302930023019309ABEC
S315000009E0009308AA1D4B294402F00DFE9DF81F3006
S315000009F038BB63B3089BD9F8004029461C4424F051
S31500000A00030B43465A46059802F02FFF14F00304E1
S31500000A10074605D02246284605EB0B0103F063FC8A
S31500000A20DAF800200999C9F800408A42A2EB0104CD
S31500000A3004D90A482246014403F055FCCAF800408E
S31500000A40B2E741F2033738460BB0BDE8F08F41F20A
S31500000A500237F8E7B01000203C100020B413002045
S31500000A60AC100020B013002008B570220021064803
S31500000A7003F053FC01220020044B1A70044B18604B
S31500000A80044B186008BD00BF3C100020B55D002077
S31500000A90AC100020B01300202DE9F84399465B689E
S31500000AA080460F46144613B31B4B1D7875B10022C2
S31500000AB01A7051F8043B05220366184B184800F0DB
S31500000AC061F830BB164802F08BFC1125154E641BED
S31500000AD03368C3F50073A3420CD3D6F800801248DE
S31500000AE0224679194044444403F0E0FB3460002078
S31500000AF0BDE8F883002249464046FFF747FF002835
S31500000B00F6D13368C3F50073A342E6D241F204304E
S31500000B10EEE741F20530EBE7B55D0020101000204E
S31500000B203C100020B0130020B41300204B6870B5B1
S31500000B3005460C46E3B10122FFF728FFC8B90D4B65
S31500000B40186888B10C4E0428C0F104024FF0FF016A
S31500000B5088BF0022304403F0E0FB234604223146DE
S31500000B60284602F082FE20B90449054802F0C7FD76
S31500000B70002070BDAC100020B01000201010002026
S31500000B803C1000202DE9FF41E846044640461E463B
S31500000B9002F0C1FD054660BB32464146204602F0E2
S31500000BA08DFD054628BB039AB2F1804F25D240F64B
S31500000BB0FF731649B2F5800F28BF0B469F1827EA28
S31500000BC003076169974238BF174611B1A36ABB4252
S31500000BD015D030467368984700233946636130461E
S31500000BE033689847606150B93146204602F05DFD92
S31500000BF00225284604B0BDE8F081054BDEE798E8FB
S31500000C000F00A76284E80F00F3E700BFFFFF0F00A5
S31500000C10FFFF3F000068024BC31A58425841704715
S31500000C20FD0707FD034A044B90420CBF18460020FF
S31500000C30704700BFFD0707FD4044000030B502467F
S31500000C4000230C25054905FB03F460180C59944252
S31500000C5003D001330B2BF6D1002030BD54440000E5
S31500000C60F0B50023082785B0CDE9007315463B464D
S31500000C700DEB0702044602F091FD41F20303984290
S31500000C80064613D1039A029B6A600A4A2B60934276
S31500000C9008D0094A934205D03A46E06C0DEB0701AD
S31500000CA002F033FE6B68236500236365304605B0AA
S31500000CB0F0BD00BFF70A0AF7FC0404FC2DE9F04179
S31500000CC000254FF0FF3704468846164603F02003FA
S31500000CD080F842301822FF21C0E91855A0F840508C
S31500000CE080F84350A0F8445080F84650C0F8887009
S31500000CF0683003F012FB88222946C4E91286C4F83C
S31500000D008070C4F8847004F1900003F006FB074B72
S31500000D10C4F82071C4E9463584F8245116B130462A
S31500000D2000F024FC0020BDE8F08100BF00010101B5
S31500000D302DE9F04FA3B09846CDE90F2300230446D2
S31500000D400E464FF001092C9D1193119967E094F816
S31500000D5046300C2B5FD8062B33D909FA03F212F46E
S31500000D60286F40F0F78112F4885F40F091810A2BDA
S31500000D7055D1DFF88CA3636D072B49D84FF0080BCC
S31500000D80382314AA2046CDF80490CDF800B00FA958
S31500000D9002F004FD41F203030790079A9A4200F01D
S31500000DA01B81079B4BE0A3F10E02062A00F2D482B8
S31500000DB0DFE812F04403D800D800780278020F0268
S31500000DC04203013B052B2ED8DFE813F071001C000F
S31500000DD00600C401D4006A010127636D072B17D8EA
S31500000DE0082312AA00932046402301970FA902F078
S31500000DF0D5FC41F203030890089A9A4200F0168146
S31500000E00089B1CE00127636D072B2DD984F84670DB
S31500000E1041F2030313E0A3F10D02072AC3D94145AA
S31500000E2095D30020A3E012AA20460FA9FFF718FFCA
S31500000E3041F203020390039B934208D0039B029363
S31500000E4041F20303029A9A423FF47FAF49E0139AB4
S31500000E501299226500226265A74A914240F0F1800C
S31500000E60022284F84620EAE7082312AA00932046C5
S31500000E70402301970FA902F091FC41F2030304906D
S31500000E80049A9A4201D0049BD9E7129B03F07F4350
S31500000E90B3F1407F05D0142384F8463041F20903AC
S31500000EA0CDE7139BD807AED541F20A03C7E7204624
S31500000EB012AA0FA9FFF7D4FE41F203030590DDF84D
S31500000EC014A09A450FD0DDF814A041F20303CDF823
S31500000ED008A0029A9A423FF438AF029B0BB1002356
S31500000EE0F370029843E01298FFF7A8FE074628B968
S31500000EF0142341F2080A84F84630E6E7437994F869
S31500000F0024219A4205D9142341F20E0A84F8463068
S31500000F10DBE70168794A914205D00289D10748BFCB
S31500000F20013384F8243112A8FFF774FE18B93B790F
S31500000F3084F84630C9E71298C4F88C00FFF772FEB1
S31500000F4094F842309A06F2D50028F0D04368002B78
S31500000F50EDD0204698470590059B002BE7D041F23F
S31500000F60010AB2E7142341F2010084F8463023B0A7
S31500000F70BDE8F08F00213C2213A81291012703F04F
S31500000F80CCF9D4E9143293427FF640AFCDE900376D
S31500000F9012AA402320460FA902F000FC41F20303E7
S31500000FA00690069A9A4201D0069B48E70DF1480C36
S31500000FB006F108030DF1600E624603CA7245186019
S31500000FC05960944603F10803F6D110681860337827
S31500000FD043F001033370D4E7337843F004033370EE
S31500000FE0159BB36273785B071CD50020236DCDF883
S31500000FF048A0C4F8843094F84530606643F0020394
S3150000100084F84530EF686FB104222B6812A9B847FF
S31500001010606E2B685A46EF6814A90830B847636EAD
S31500001020103363660B2384F84630A4E63378139AAC
S3150000103043F002033370129B7360236D083B7362A7
S315000010402AB1142384F8463041F20103F7E604235B
S3150000105084F8463094F84530626643F0010384F81C
S315000010604530BAE6042312AA00932046402301978E
S315000010700FA902F093FB41F203030990099A9A42E1
S3150000108001D0099BDBE6226D129B042A01D9236657
S315000010900127636D032BE5D9092384F84630B7E6AB
S315000010A000236366072384F846304EE6FF1ADDE91F
S315000010B010329B1A94F84020032F134407D9032BB0
S315000010C020D820460FA902F048FB0023B7E69F422E
S315000010D0F7D89F4228BF1F46402312AA2046CDE9D3
S315000010E000790FA902F05AFB41F203030A900A9A0B
S315000010F09A4210D00A9BA2E6EB17A603F90707F956
S31500001100EB17A65E402F28BF40279F4228BF1F46E9
S3150000111027F00307E0E794F846B0BBF1070F1FD0AE
S31500001120042FC7F1040A88BF4FF0000A12AB5246DB
S31500001130FF21D81903F0F1F8BBF1090FBA441DD10C
S315000011402B465246204612A902F08FFB0A900A9BB4
S31500001150002BCFD1D4E914739F42A7D801239CE773
S31500001160D5F808A0BAF1000FDAD02B683A46606EBF
S3150000117012A9D047636E3B446366EBE7BBF1040FED
S315000011801DD173789F07E5D5EB68002BE2D0626E20
S31500001190042A0BD80AEB0203062B07D913AB9B1ABA
S315000011A01A68C4F884204FF0FF321A60EF682B6883
S315000011B05246606E12A9B847636E5344DCE7BBF132
S315000011C00B0FC7D173785807C4D5EF68002FEED13F
S315000011D0C0E794F8427017F0200707D0D4F88C00C7
S315000011E0FFF720FD074600283FF42EAFD4E914216F
S315000011F094F84230914203F020030ED3002BADD079
S31500001200002FABD0FB68002BA8D029462046984774
S315000012100B900B9B002BA1D029E053B34FB33B6936
S315000012203BB320469847DDE910329B1A94F84020DC
S3150000123013448342FFF445AFD4E91421A2EB010A1B
S31500001240BAF1400F28BF4FF0400A9A4528BF9A4688
S31500001250012312AACDE900A3204640230FA902F0DC
S315000012609DFA41F203030B900B9A9A4203D00B9B13
S31500001270E5E50120D7E794F842309906B6D5002F68
S315000012803FF4E2AED7F808B0BBF1000F3FF4DCAE96
S315000012902B465246204612A9D8470B900B9B002B93
S315000012A0A4D0E4E700218A6A496B1269503A914258
S315000012B03FF6CAAE112B0FD194F81831002B7FF4EC
S315000012C04DAF41F206030C930C9A9A4202D11423B5
S315000012D084F846300C9BB2E594F84430002B7FF43A
S315000012E03DAF0193402312AA009320460FA902F0B6
S315000012F055FA41F203030C900C9A9A42EAD1E06C3B
S3150000130002F005FB94F81831A3B104F1B40300937D
S31500001310E06C04F194031AAA12A900F0ADF80C903F
S315000013200C9BA3B10023F370142384F8463041F2DA
S31500001330060384E5D4F84CA000F02CF9074600F02B
S315000013402DF93B4600901AAA504612A9E5E701235B
S31500001350F37084F8443001E700234FF0040812AA22
S31500001360CDE90083204640230FA902F017FA41F287
S3150000137003030D900D9A9A4202D00D9B0293B0E59D
S31500001380D4F888202F4B9A4205D0142384F846308F
S3150000139041F20503F2E70123F37094F84530DA07CA
S315000013A007D5EF682FB1424640462B6804F1840109
S315000013B0B84794F845309B0707D5EF682FB104224C
S315000013C02B68104604F18401B847236E6BB36F682F
S315000013D05FB34FF0FF3304F18008042241460EA8A4
S315000013E00E9302F070FF28B10422414648F2040031
S315000013F02B68B84704F16809042249460EA802F092
S3150000140062FF90B100239B6A1422D3F8108004F186
S315000014106C0108F10800D5E90037B847D5E900376F
S315000014200422494608EB0200B8470123B3700E2395
S3150000143084F846300023A1E70023F37041F2070049
S3150000144095E500BFE320BBDE30B50824094B002537
S315000014505C66012403F5FE235C6001449D601A610D
S31500001460DC60884201D1586A30BD10F8012B1A623F
S31500001470F7E700BF009000402DE9F041B0B01446F8
S315000014800D461A460646369B002867D0002965D0C9
S31500001490002C63D0002A61D0002B5FD006214FF4C8
S315000014A0005006912F4920AF88660320C1F86002DC
S315000014B00021BE4609910C910F9105F12008F446D2
S315000014C0286869680835ACE803004545E646F6D164
S315000014D00DF1A00C04F1200E654620686168083401
S315000014E003C57445AC46F7D10DF1400C654602F1D3
S315000014F0200E2C4610685168083203C472452546F2
S31500001500F7D118AC03F1200522461868596808334C
S3150000151003C2AB421446F7D14023CDE90A730893C0
S3150000152020230AAA0E9303AB07CACDF81CC00D965A
S3150000153083E8070007AB93E807008DE807000DABCB
S315000015400ECB094802F0ECFD0690069B40F20460C3
S31500001550002B08BF002030B0BDE8F08140F20160EA
S31500001560F9E700BF009000408C4500004FF40052A0
S31500001570074B10B59A6602220446C3F8602202F0B1
S31500001580C9F92046BDE81040002102F0C7B900BFE6
S3150000159000900040004870474CE307000048704741
S315000015A06CE307002DE9F3471446DDE90A920D4680
S315000015B01F4600284DD14CB313683F2B2AD85168DB
S315000015C051B32549002F14BFB846884603F03F069D
S315000015D01B19136022BF536801335360FEB93F2CB9
S315000015E00ED9A3092A46009341463B46002002F045
S315000015F0AEF924F03F031D4404F03F0434B1002645
S315000016002246294609EB060002F050FE002002B0F1
S31500001610BDE8F087B846D9E7DFF83C80D6E7C6F1E3
S31500001620400A5445ECD32946524609EB060002F01F
S315000016303DFE0123264400934A463B464146002090
S31500001640A6F1400402F083F93F2C5544D6D9B8469A
S31500001650C7E70248DBE700BF1845000080AFFFFF81
S315000016602DE9F0411746146886B01E46E3008DF852
S315000016700F3063098DF80E30630B8DF80D30630D56
S315000016808DF80C3053680546DA0002EB54728DF87B
S315000016900B2004F03F045A09372C8DF80A204FEA34
S315000016A053324FEA53538DF80920884694BFC4F14C
S315000016B03802C4F17802CDE900178DF808300D49DB
S315000016C003460020FFF76EFF08222B460020CDE9D7
S315000016D000870DEB0201FFF765FF284605F12003A1
S315000016E050F8042B984246F8042BF9D1002006B096
S315000016F0BDE8F081D844000010B5ADF50E7D4FF47D
S315000017000572002009A902F0CDF940F2012400215A
S3150000171009A802F09EF9A042F9D040F203239842AC
S3150000172027D19DF8243059070CD49DF824309A0708
S3150000173030D4DB071DD50C998A9800F057F9C0B153
S31500001740002018E0139800F029FF0028EDD000F0E3
S315000017507BFC194B0446984210D11C22002102A89A
S3150000176002F0DBFD01A8019400F08CFCB0F5403FCF
S3150000177004D140F205400DF50E7D10BD8A9800F0AB
S31500001780F3F80028D1D04FF40040FEF70DFE0028F4
S31500001790CBD1EEE70022926A0A9992689142C8D9A3
S315000017A08A9800F0FFF80028E3D012994FF4004021
S315000017B0FEF7D2FDDDE700BF0000034331B10A4B5F
S315000017C05A68824205D80023C1E9003340F201403D
S315000017D07047013053F8302003EBC0035B680020EC
S315000017E00A604B60704700BF7C45000070B40C4631
S315000017F011461A460D4B5D68854210D9013003EB40
S31500001800C0056D68A618AE420DD8A5420BD3954209
S3150000181009D353F83000204470BC02F06EBA40F28F
S31500001820014070BC704740F20240FAE77C45000078
S3150000183070B50D46002186B00DF1070302931E4BCD
S3150000184004461646116028461C22CDE903338DF85E
S315000018500710059302F061FD9DF8072052B994F830
S315000018607230132B06D0D4F810321BB9D4E982316A
S31500001870994219D32378990744BF61683160DB0721
S3150000188009D504F1080304F1240153F8040B8B4233
S3150000189045F8040BF9D162B9237840F20640002BD3
S315000018A018BF002006B070BD204602A902F0B4F8A9
S315000018B0D2E70020F6E700BF133A000070B40C46EA
S315000018C011461A460D4B5D68854210D9013003EB6F
S315000018D0C0056D68A618AE420DD8A5420BD3954239
S315000018E009D353F83000204470BC02F027BA40F206
S315000018F0014070BC704740F20240FAE77C450000A8
S31500001900074B5A68824207D9013003EBC00251687F
S3150000191053F8300002F06DBA40F20140704700BF44
S315000019207C45000070B5054688B0C0B14FF4403222
S3150000193000236C46C0E900230A4B05F114061A7809
S315000019405B680272C360684600F0A4F80FCC0FC64D
S3150000195094E80F0086E80F0005F114032B6108B028
S3150000196070BD00BF7C45000000B5ADF50B7D4FF4A2
S31500001970057205A902F096F878B904238DF815309A
S31500001980074BCDE90100039001A905A8049302F0D5
S315000019909DF80DF50B7D5DF804FB0020F9E700BF0F
S315000019A011250000002300B59B6AADF50B7D9B68F1
S315000019B08B4204D300200DF50B7D5DF804FB4FF43C
S315000019C0057205A902F06EF80028F3D102238DF8FE
S315000019D01530054BCDE90100039001A905A8049334
S315000019E002F074F8E7E700BF1125000000B5ADF579
S315000019F00B7D4FF4057205A902F054F878B901235E
S31500001A008DF81530074B0190CDE90230049001A9FD
S31500001A1005A802F05BF80DF50B7D5DF804FB0020D0
S31500001A20F9E700BFF124000010B5FEF781FE01F0D2
S31500001A30ECFF42F21070FEF75BFEFEF721FFAB20D3
S31500001A40FEF7CCFEFEF726FF47F23050FEF750FEBB
S31500001A50FEF716FF002002F05EF8FEF7F7FE04041C
S31500001A60FEF7F4FE0443FEF715FF094B9C420CD12A
S31500001A70FEF706FF9F20FEF7B1FEFEF7DBFEFEF740
S31500001A80E5FEFEF707FF002010BD40F20310FBE75E
S31500001A90504446532DE9F041054602F05DF80446F0
S31500001AA0FEF7EEFE04F1240002F035F8FEF7C2FE62
S31500001AB00446FEF7BFFE0443E4B2FEF7EBFEFF2C3E
S31500001AC01FBF04F00F0601362411760014BF04FB75
S31500001AD0066640F6B83602F03FF80446FEF7D0FE3A
S31500001AE004F1280002F017F8FEF7A4FE00F00F0438
S31500001AF0FEF7ACFEFEF79EFE0746FEF7CBFEFF2F77
S31500001B0008D10F2C3AD01F22631C5B0002FB033363
S31500001B101C020BE0631C5B0007F01F0217F0600F4E
S31500001B2002FB0334C7F347111ED1240102F02CF83F
S31500001B30074602F03BF810B902F049F8074602F0F2
S31500001B4090F8804602F071F80E4B2876C5E900360B
S31500001B5000236B614FF000432846C5E90247C5F8EC
S31500001B601080EB61BDE8F081C807CFD48B074CBF6E
S31500001B704FF47A634FF47A435C43D7E747F2305425
S31500001B80D4E700BF10020300064B0748DA1C121AFE
S31500001B90C11E22F00302994288BF0022034902F0C7
S31500001BA085BB00BF20100020101000207C460000DE
S31500001BB0064B0748DA1C121AC11E22F0030299428C
S31500001BC088BF0022002102F0A8BB00BFB85D00203C
S31500001BD0201000200348044A0449121A921002F009
S31500001BE068B900BF8C4600008C460000B85D002036
S31500001BF0044B054A9A60D3F8882042F47002C3F871
S31500001C008820704700ED00E000000000420910B592
S31500001C100FD0012A0FD00A4B0A4C022A18BF2346BE
S31500001C2000F01F0049B103F58053012282401A607B
S31500001C3010BD1346F4E7044BF2E703F50053F4E74F
S31500001C40688000406082004064800040F8B5044629
S31500001C500D461F4616464AB101238B403021184ACD
S31500001C6001FB0022F7B141F21001535004EB44038B
S31500001C70072D4FF00F014FEA031316D8A80006FAF6
S31500001C8000F281400F48184402F025F94EB90123AD
S31500001C9030210B4AAB4001FB042277B141F210011F
S31500001CA05350F8BD42F21001DFE7A5F108008000AD
S31500001CB006FA00F281400448E5E742F21001EFE738
S31500001CC000C0034004C003400CC00340F0B5114AF5
S31500001CD0114C124E00F00105E3695F0713D40DB9EC
S31500001CE0334213D103EA00078F4207D10B4A1A4049
S31500001CF0002A0CBF00206FF00100F0BD013AEBD1C5
S31500001D006FF00200F9E74FF0FF30F6E76FF00100E1
S31500001D10F3E700BF80969800000003400200010030
S31500001D204FF4003238B50F4B0F4C9A6641F67133BB
S31500001D300122E569E3630D4B0021DA60022360614D
S31500001D402120236105F48035FFF7C0FF10B921205B
S31500001D50FFF7BCFF0122064BDA600DB10023E363F7
S31500001D6038BD00BF00900040000003400010034053
S31500001D70002003402DE9F04F01274FF4402530267F
S31500001D802C4CDFF8BCC0DFF8BCE0CCF8047044F89B
S31500001D90205000244FF4003506FB00E6F465346657
S31500001DA03467254CDFF8A090A56641F6713504F539
S31500001DB01C34D4F81C80E563E568DFF890A03D4349
S31500001DC0E56007FA00F04BB9E26818F4803F22F0AC
S31500001DD00102E26029D10020BDE8F08F01F500552F
S31500001DE005EA09056D1A9D4228BF1D466161D4F8B2
S31500001DF01CB0AF081BF0040F19D1013F3F0147F09B
S31500001E0060577766B266C6F86CA0CCF82400DEF898
S31500001E1034703842FBD0094F294478630427CCF844
S31500001E2028002A4427615B1BCDE7E363D3E74FF025
S31500001E30FF30D1E7004004400090004000200440FD
S31500001E40001004400000044000E0FFFF18000340BB
S31500001E50F8B5C3690446042B66D802F035F84FF48A
S31500001E608032324B3249586E03F580535A66314DF3
S31500001E70314BC003C1F80036C1F804565CBFA1F56A
S31500001E80E4214A662D4AE5691A6022685A602C4A9E
S31500001E9004F1080303EB8501121B8B4202EB0300DE
S31500001EA01FD1284600216368264CF3B9224A41EA2D
S31500001EB0056191601368516892684B405340002257
S31500001EC082422CD144F82230BFF34F8F1E491F4B5C
S31500001ED0CA6802F4E0621343CB60BFF34F8F00BFC2
S31500001EE0FDE753F8046F0660D7E70022D3F800E059
S31500001EF004EB80079E68BC46C6F39906B24207F11A
S31500001F00040706D3114410445A68012ACED05B68F0
S31500001F10CBE75EF822600132CCF80060EAE754F8BD
S31500001F20221001324B40CBE7F8BD00BF00800040D5
S31500001F3000C00740004E00A0004C00A0DEC0ECE54B
S31500001F40044C00A00C4C00A000ED00E00400FA05D3
S31500001F504FF48031174B10B5586E03F58053596610
S31500001F6003F5E623D3F8043603F1C042A2F5804216
S31500001F70B2F5606F01D9002010BDC2035CBF0E4AE6
S31500001F80516619680D4A9142F5D11A690532B2F5C2
S31500001F90007FF0D200210C46914205D353F822006F
S31500001FA0031B58425841E7E753F8210001314440EA
S31500001FB0F2E700BF0080004000A00040DEC0ECE574
S31500001FC038B50F4B0F495A6E4FF48033D20358BFC2
S31500001FD00D4A4B6601F5E621D1F80456044658BF72
S31500001FE0536630B1FFF7B4FF30B100206B68236051
S31500001FF038BD4FF4E020FBE74FF47E00F8E700BF62
S31500002000008000400090004000A000400B4B0C49AF
S315000020105A6E4FF48033D20358BF0A4A10B54B6646
S3150000202001F5E621D1F8044658BF5366FFF790FF45
S3150000203010B1A068C0F3C05010BD00BF00800040C2
S315000020400090004000A000400B4B0C495A6E4FF424
S315000020508033D20358BF0A4A10B54B6601F5E62114
S31500002060D1F8044658BF5366FFF7D0FF08B1E068C1
S3150000207010BD4FF47E00FBE700800040009000405A
S3150000208000A00040F8B5234B23495A6E4FF4803325
S31500002090D2034B6658BF214A01F5E621D1F8045612
S315000020A058BF5366846805F11406FFF7AFFF48B3BF
S315000020B02A6956F82230DB4346F82230A86810F425
S315000020C070201DD0A86800F47020F8BD0021D4F857
S315000020D000C0A668C6F39906B1420DD0934203D15B
S315000020E09CB19342F2D3F0E7013305EB83073F69D6
S315000020F04CF821700131EFE7646824F00104EFE742
S315000021000346EDE74FF47E00DFE7934238BF4FF416
S31500002110E020DAE7008000400090004000A0004088
S31500002120024B1868C0F30740704700BF0080E00FFD
S3150000213060B5054619B10139B1F5806F0FD2094E68
S31500002140F06810F48030FBD143EA012312072B43D9
S3150000215002F08052134343F00043736060BD0120D8
S31500002160FCE700BF0020024C0122054B9A60DA68AA
S31500002170D203FCD4D86820F00F000004000C70478E
S315000021800020024C0322024B186019615A63704703
S315000021900000024C82B01FB507930A9B04AC8B4229
S315000021A028BF0B4604E907001048D100079948BF2D
S315000021B003330160099948BF23F0030323F07043FA
S315000021C001F0E041194341F000518160002102F025
S315000021D0E042019C1A4342F00052C16004618261F0
S315000021E0416304B0BDE8104002B070470000024CE5
S315000021F03F22034B1A631022DA6103229A63704767
S315000022000000024C024AD36B9B07FCD4704700BF08
S315000022100000024C044B9B6A13F0240F14BF0120EC
S3150000222000208000704700BF0000024C08B5FFF791
S31500002230F1FF064BDB6B23F47F4323F0EF030343ED
S315000022401EBF0122024BC3F8FC2F08BD0000024C42
S3150000225000F0FF3F0138C0B206289ABF014B185C58
S3150000226000207047674600000138C0B206289ABFB2
S31500002270014B185C00207047604600002DE9F04FC6
S31500002280BBB0804603A880E80E001E467A4B174670
S31500002290D3F800248A46D4069DF8109103D4012071
S315000022A03BB0BDE8F08F08F1FF32062A6DD8DFE8B3
S315000022B002F004191F252B313700D3F80C34D80748
S315000022C0EDD5012307930023B9F1010FCDE90833BA
S315000022D02CD0B9F1020F5AD04046FFF7C5FF632450
S315000022E0054631E0D3F80C349907D8D50223E9E73F
S315000022F0D3F80C345A07D2D50423E3E7D3F80C34C9
S315000023001B07CCD50823DDE7D3F80C34DD06C6D58C
S315000023101023D7E7D3F80C349C06C0D52023D1E789
S31500002320D3F80C345806BAD54023CBE7524BD3F832
S315000023300C34D903B3D5079B404643F4C0630793D7
S31500002340FFF788FF0324054613230422009307A9F9
S315000023504FF0005312A801F0AFFE5146009446F02C
S3150000236000533A4601F0A8FE4FF0000B04465E46C5
S31500002370DDF814A1469B9B452CD1B9F1030F42D140
S315000023804046FFF771FFB84237D0072088E73A4B3F
S31500002390D3F80C24D20382D5D3F80C349B037FF5F3
S315000023A07EAF97B17C423946374604F00304079B5B
S315000023B0404643F4E0630793FFF74CFF24023E4692
S315000023C005460F4644F0A304BEE704210DF1200A9A
S315000023D00C46ECE7DAF8042016444AB103230093CE
S315000023E02046DAF80830DAF8001001F065FE0446F7
S315000023F00BF1010B0AF10C0ABCE7404601F0DAFECC
S3150000240001383042C1D17EBB0323324620460093B9
S3150000241008A9334601F050FE04260446103C204627
S3150000242001F05FFE2046314601F066FE489BAB4256
S3150000243028BF2B461C46EBB1002322460093479942
S31500002440499B0AA801F038FE2A1B04D0002319462E
S31500002450009301F031FE103801F043FE12A80AA9DC
S3150000246001F01FFE00201BE716F0030618BFC6F199
S315000024700406D3E70AA8E7E70000024C4FF400522F
S31500002480034B00209A660322C3F86022704700BF00
S31500002490009000404FF40052034B00209A6603223E
S315000024A0C3F86022704700BF00A00040C0F30C03D1
S315000024B02DE9F04105460F4616460BB9FEF7E2F840
S315000024C005F5005424F4FF5424F01F0405EB060818
S315000024D0A04507D8324639462846BDE8F0410223D2
S315000024E0FEF7DEB82046FEF7CDF804F50054EFE718
S315000024F070B40025AD6A03462E69864206D86C691B
S3150000250013449C4202D370BCFFF7D0BF70BC704727
S3150000251037B500F5004310F5004F0D4614460193FC
S3150000252019D2019BB3F5FC2F15D2019BC3F5FC23F1
S31500002530934210D338B9836A5A69B2F5004F02D96B
S315000025401869FEF79FF822462946019803B0BDE8B0
S315000025503040FFF7ABBF03B030BD036913F0FE0F89
S315000025600CBF01200020704738B504460D46FDF724
S3150000257053FE38B16369012B07D12046FFF7EDFF03
S3150000258010B1A46901202C6038BD0020FCE708B515
S31500002590FFF716FDB0FA80F0400908BD4FF0FF3393
S315000025A013B5044601A80193FFF7F1FF20B1019B83
S315000025B0A3422CBF0020012002B010BD4FF4004002
S315000025C07047FFF731BA01F065BC0346184601684B
S315000025D081F3088881F3098840688746FEE74FF44F
S315000025E00170FEF725B8B1F5057F10B504460FD387
S315000025F04FF40572002101F090FE04F5CE7204F549
S31500002600AA7104F12C000023BDE81040FEF756BB6A
S3150000261040F2052010BD13B50446009101462C304A
S31500002620FEF786FBC4F8100218B141F20703984280
S3150000263004D1A37823B1E07800F2022002B010BDE5
S3150000264040F20120FAE72DE9F04387B00DF10809C1
S3150000265004460E4617460021102248461D46DDF860
S31500002660388001F05AFE00211C22C8F800102846C6
S3150000267001F053FE32463B462146CDF8009004F168
S315000026802C00FEF755FB23789A0744BF6268C8F80A
S315000026900020DB0709D504F1080304F1240253F8EE
S315000026A0041B934245F8041BF9D1237840F20640F7
S315000026B0002B18BF002007B0BDE8F0834FF405706B
S315000026C07047002303604FF400107047436D002BE2
S315000026D014BF012011207047826CF0B5531EB3F56C
S315000026E0887F18D8D0E9093CD0E90B47C91A91422E
S315000026F028BF11464569866B2FB9C768A7EB040E3C
S315000027008E4598BF07630C44521AC462826419440A
S315000027108B4201D14362F0BDB34234BF644600240C
S315000027209A1B2A44125DEA540133F1E72DE9F04F72
S3150000273095B008910D92036B416A0793C36A0193A2
S31500002740079B002B40F0AA80019AC3689B1A089A3F
S31500002750521A9A4240F2A2800B444FF0FF37D0E95A
S315000027600DBA8568099307FA05F5ED430E95456898
S31500002770C36BAF40FD430F9500250293036C0469BC
S315000027800393436C0B950493036804F668250C9336
S31500002790119504F26465436912950C9D0593C5F184
S315000027A00805836A026A13950693D0E906360E9DDC
S315000027B0019FB6F1807F05EA070808EB0B1C3CBFBA
S315000027C013F8015B360234F81C7038BF45EA022262
S315000027D0F50A7D4395424FEA0B1E40F2C380C7F5CA
S315000027E0006607EB561624F81C60019F079E04F648
S315000027F06C6C3E4312D03E460F9F37400C9E07FA44
S3150000280006FE00294CD1069E013E059FBE5D139F24
S315000028103E414FF4C067764407FB06CC019EBBF1F0
S31500002820060F06F10106019647D80126BBF1030FF4
S3150000283094BFABEB0B0BABF1030B0096009EB5F10F
S31500002840807F38BF13F801EB4FEA460638BF2D02EA
S315000028503CF8067038BF4EEA02224FEAD52E07FB37
S315000028600EFE964500960CEB06081BD9C7F50065CB
S3150000287007EB5515AFB27546009EA8F80070FF2EFF
S31500002880DCD9059E009F77542E460131099D8D4265
S3150000289040F236830D9D9D4289D831E3089B5CE763
S315000028A04E1EB2E7009EA7EB57170136A5EB0E05A5
S315000028B0A2EB0E02BFB20096DEE7069FA1EB0A0668
S315000028C0514528BF0027BE46059FBBF10A0F3E446F
S315000028D016F80E9034BF03260626ABEB060B012630
S315000028E04FF4807800964FEA4909009E09EA0807E6
S315000028F00A9708EB06070A9EB5F1807F38BF13F8E2
S3150000290001EB37440CEB470638BF2D023CF8177035
S3150000291038BF4EEA02224FEAD52E07FB0EFE10966E
S31500002920009E96454FEA460600960ED9C7F5006505
S3150000293007EB5515AFB20A9D28EA05087546109EA5
S315000029403780009EFF2ECED99BE7009EA7EB571738
S315000029500136DDF82880A5EB0E05A2EB0E02BFB20C
S315000029600096ECE7761BA7EB5717B6F1807F24F8A5
S315000029701C70A2EB05020BF1C0093CBF13F8015B0A
S31500002980360234F8197038BF45EA0222F50A7D434B
S3150000299095424FEA490C40F20581C7F5006607EB00
S315000029A0561624F81960049E129F0A96039E0BF190
S315000029B00C0B0496029ECDE902A6B5F1807F3CBFC2
S315000029C013F8016B2D02B7F800C038BF46EA0222A1
S315000029D0EE0A0CFB06F6964240F2A3814FF0000E7B
S315000029E0CCF500650CEB55153D8007EB0817043751
S315000029F04FF008094FF0010CB6F1807F38BF13F88D
S31500002A00018B4FEA4C0C38BF360237F80C5038BFF2
S31500002A1048EA02224FEAD62805FB08F8904507EB5C
S31500002A200C0A40F2AE81C5F5006605EB5616B5B246
S31500002A304646CC45AAF80050DED3AEEB090E0EEBA7
S31500002A400C05BBF10B0F009540F2B382032D94BF2A
S31500002A504FEAC51E4FF49C6E4FF0010598BF0EF568
S31500002A60587EB6F1807F4FEA450538BF13F801CB93
S31500002A7005EB0E0838BF360234F8087038BF4CEA4A
S31500002A8002224FEAD62C07FB0CFC944540F28381C8
S31500002A90C7F5006607EB5616B7B266463F2D24F813
S31500002AA00870DED9403D032D3FD905F0010C0D2DF0
S31500002AB04FEA55074CF0020C00F283814FF00108F3
S31500002AC0013FC5F1004E0CFA07FC0EF2AF2EE644AC
S31500002AD04FEA4E050B95C24665460A970B9FB6F11F
S31500002AE0807F4FEA480838BF13F8019B07EB080EB2
S31500002AF038BF360234F80EC038BF49EA02224FEA20
S31500002B00D6290CFB09F9914540F24E81CCF50066B9
S31500002B100CEB56161FFA86FC4E460A9F24F80EC08A
S31500002B20013F4FEA4A0A0A97D8D1079F05F1010AE1
S31500002B30002F40F03C82019FAF4240F25782BBF12A
S31500002B40130F34BF4FF0070B4FF00A0B009F099D80
S31500002B500237B5EB010CB84600F04882BC4528BFE9
S31500002B60BC46069FA1EB0A05514528BF00273D44F8
S31500002B70019F67440197A8EB0C070B97069F7F1BE5
S31500002B80BC45059F0F4400F21C82A5EB0108059D7C
S31500002B90614405EB010C17F808E007F801EBBC45AA
S31500002BA0F9D173E6A7EB5717761B521B24F8197059
S31500002BB0079D019F3D4303D1012015B0BDE8F08F6D
S31500002BC0B6F1807F38BF13F8015B0CF1180938BFE6
S31500002BD0360234F8097038BF45EA0222F50A7D4309
S31500002BE0954250D9C7F5006607EB5616B5F1807FBA
S31500002BF024F809600EF1F00E38BF13F8016BC644D5
S31500002C0038BF2D0234F81E7038BF46EA0222EE0A9B
S31500002C107E4396421FD9C7F5006507EB5515069FFB
S31500002C2024F81E50514528BF0027BC46059FA1EB3E
S31500002C300A053D4415F80C50BBF1060F7D54019D65
S31500002C4088BF4FF00B0B05F1010598BF4FF0090B3C
S31500002C50013101951AE6AD1B921B029ECDF808A024
S31500002C60B246A7EB571724F81E70049EBBF1060F59
S31500002C700A96039E8CBF4FF00B0B4FF0080BCDE965
S31500002C8003A6119F99E6761BA7EB5717B6F1807F2F
S31500002C9024F80970A2EB05020CF1300E3CBF13F8C4
S31500002CA0015B360234F80E7038BF45EA0222F50A97
S31500002CB07D43954206D9C7F5006607EB561624F8FC
S31500002CC00E60D2E7761BA7EB5717B6F1807F24F884
S31500002CD00E70A2EB05020CF1480C3CBF13F8015B29
S31500002CE0360234F80C7038BF45EA0222F50A7D43F5
S31500002CF095420AD9C7F5006607EB561624F80C600C
S31500002D00DDE9026702970396AFE7A7EB571724F8AA
S31500002D100C70049F521B751B029E0297039F04971B
S31500002D20F1E7AD1BACEB5C1CB5F1807FA7F800C0EA
S31500002D30A2EB06023CBF13F8016B2D02B7F802C0E6
S31500002D4038BF46EA0222EE0A0CFB06F696420BD97B
S31500002D50CCF500650CEB551507EB08187D804FF098
S31500002D60080E08F5827743E6ACEB5C1C921BA7F8CD
S31500002D7002C04FF0100E4FF4807907F50177AE1BB5
S31500002D8038E6A5EB5515A6EB0806A2EB0802ADB290
S31500002D900CF1010C4DE6A7EB5717A6EB0C06A2EBC0
S31500002DA00C02BFB2013579E6ACEB5C1CA6EB09065A
S31500002DB0A2EB09021FFA8CFC08F1010845EA0A0594
S31500002DC0ABE6053FB6F1807F3EBF13F8015B3602E6
S31500002DD045EA02227608921BD51705F1010E013F3E
S31500002DE005EA06050EEB4C0C2A44EBD1B6F1807FC2
S31500002DF03CBF13F8017B36024FEA0C15B4F846C601
S31500002E0038BF47EA0222F70A0CFB07F7974204F29B
S31500002E10446E40F2AC80CCF500660CEB56161FFAF9
S31500002E2086FC0226B7F1807FA4F846C63EF816A0B7
S31500002E304FEA460C0EEB46093EBF13F8016B3F0204
S31500002E4046EA0222FE0A0AFB06F6964240F29980FC
S31500002E50CAF500680AEB58181FFA88F8A9F8008026
S31500002E60B6F1807F3CBF13F8017B36023EF81CA00A
S31500002E7038BF47EA0222F70A0AFB07F797424FEAEA
S31500002E804C080EEB4C0940F28780CAF5006C0AEB41
S31500002E905C1C1FFA8CFCB7F1807FA9F800C038BF14
S31500002EA013F8016B3EF818903CBF3F0246EA022237
S31500002EB0FE0A09FB06F696424FEA480C87BFC9F59B
S31500002EC0006809EB5818A9EB591845F008058FBF9B
S31500002ED01FFA88F8921B1FFA88F8BE1B6F1C2EF883
S31500002EE00C807FF422AE009CABF10C0B04F58974C8
S31500002EF00B94DDE902A40294049C03940A9C0494B6
S31500002F00B6F1807F3CBF13F8014B3602C0E90636A6
S31500002F100B9B38BF44EA02228364019B0262C362B0
S31500002F20029B4162C363039BC0F838A00364049B01
S31500002F30C0F834B04364036B23B9C368019A934263
S31500002F4098BF03630899FFF7C7FB436A089A934241
S31500002F50836C07D282690D998A4203D2B3F5897FC1
S31500002F60FFF4E9ABB3F5897F3CD8002025E6ACEB4E
S31500002F705C1CD21B1FFA8CFCF71B45F001050326CF
S31500002F8050E7AAEB5A18921B1FFA88F80CF1010CAD
S31500002F9045F00205BE1B61E7AAEB5A1CD21B1FFABD
S31500002FA08CFC08F1010845F00405F71B73E7079F41
S31500002FB0C2E5DDE902A50295049D03950A9D0495E7
S31500002FC0C4E5B9460CEB070E059F17F80580069F6A
S31500002FD009F8018B0135AF4208BF0025CE45F3D174
S31500002FE0614453E44FF489738364BEE74162E3E5C9
S31500002FF02DE9F047D0E9075301278468D0F82C80E3
S31500003000A740D0F834C0013F066907EA080707EB76
S315000030100C1EB5F1807F36F81E900A4407D2914205
S3150000302080F0DC8111F8014B2D0244EA0323EC0AFF
S3150000303009FB04F4A34278D2056B06F66C6658EADF
S31500003040050519D0D0E900E70125BD40013D05EA97
S31500003050080505FA0EF7456AD0F8148005B9856AA1
S31500003060013D18F80550CEF1080E45FA0EF53D441F
S315000030704FF4C06707FB0566BCF1060F20D8012098
S315000030804000B4F1807F375A07D2914280F0A68182
S3150000309011F8015B240245EA0323E50A7D43AB42AE
S315000030A029BF01302C46641B5B1BFF28E8D9012091
S315000030B0B4F1807F80F02281914228BF00201DE17B
S315000030C0876BD0F824C04569BC45ACEB070E2CBF16
S315000030D00027876A05EB0E0010F807C001204FF4A1
S315000030E080774FEA4C0C07EA0C0E3D187544B4F194
S315000030F0807F36F8158007D2914280F06F8111F8F3
S31500003100015B240245EA0323E50A08FB05F54000B6
S31500003110AB422BBF01302C46774627EA0E0724BF69
S31500003120641B5B1BFF28DCD9C1E7281B0CF1C00C14
S31500003130B0F1807FA3EB04034FEA4C0436F81CC0C1
S3150000314007D2914280F04A8111F8015B000245EAFC
S315000031500323C50A0CFB05F5AB4280F0A0800220D4
S315000031604FF0000E06F2646CB5F1807FBCF800806B
S3150000317007D2914280F0328111F8014B2D0244EAC8
S315000031800323EC0A08FB04F4A34280F0EB800CEB6B
S31500003190071C00270CF1040C4FF008094FF001083A
S315000031A04FEA4808B4F1807F3CF808A007D2914264
S315000031B080F0148111F8015B240245EA0323E50A35
S315000031C00AFB05F5AB4229BF08F101082C46641B32
S315000031D05B1BC845E4D3BEF1030F3FF669AFA7EB0F
S315000031E009074744032F88BF4FF49C674FF001053A
S315000031F09CBFFF0107F558776D0006EB050CB4F18F
S31500003200807F3CF807E007D2914280F0E78011F812
S3150000321001CB24024CEA03234FEAD42C0EFB0CFC10
S31500003220634529BF01356446A4EB0C04A3EB0C03EC
S315000032303F2DE1D9403D032D7FF63AAF0D2D4FEAE4
S31500003240550700F2B18005F0010C013F4CF0020C6D
S31500003250C5F100450CFA07FC05F2AF25654406EBFF
S3150000326045064FF0010C4FEA4C0CB4F1807F36F85E
S315000032700CE007D2914280F0B18011F8015B240284
S3150000328045EA0323E50A0EFB05F5AB4231BF2C46A2
S31500003290641B5B1B0CF1010C013FE4D108E7401BEA
S315000032A03444B0F1807FB4F818C0A3EB050307D20D
S315000032B0914280F0938011F8015B000245EA0323F6
S315000032C0C50A0CFB05F5AB4222D20EF1F00EB5F1A4
S315000032D0807F36F81E4006D291427FD211F8010B4C
S315000032E02D0240EA0323E80A6043834208D2B0F184
S315000032F0807F71D2914234BF03200020BDE8F08761
S315000033002D1A1B1A03204FF00C0E06F6682C2BE71D
S31500003310401BB0F1807FB4F830C0A3EB050306D2A2
S3150000332091425BD211F8015B000245EA0323C50A0C
S315000033300CFB05F5AB42E5D3401BB0F1807FB4F83A
S315000033404840A3EB050306D2914247D211F8015B30
S31500003350000245EA0323C50A6543AB4224BF5B1B53
S31500003360451BCFE72D1BB5F1807FBCF80280A3EB90
S31500003370040306D2914231D211F8014B2D0244EAE0
S315000033800323EC0A08FB04F4A34205D20CEB07174F
S3150000339007F5827C0827FFE61B1B10274FF4807970
S315000033A00CF5017C2C1BF9E6053FB4F1807F06D2B3
S315000033B0914213D211F8015B240245EA0323640803
S315000033C01D1BED0F013D2540013FA3EB0503ECD18D
S315000033D0042706F2446644E703208FE700208DE7C2
S315000033E000230122C0E90B33C0E912324362836530
S315000033F0026570472DE9F74F9846002704469DF869
S315000034003030D8F80060C8F8007000938B46154637
S31500003410FFF762F90D9B1F70A36CB3F5897F09D185
S31500003420236A13B901230D9A1370206A003818BF56
S3150000343001201EE0E36C8BB1A36D5EB3042B1BD998
S3150000344094F85C30002B40F0D780D4F85D20E3641C
S3150000345012BA22624FF0FF32A365E261636A5B45EE
S3150000346055D3A36CD3B9236AF3B9042300200D9A6C
S31500003470137003B0BDE8F08F5A1CA26515F8012B36
S31500003480234483F85C20D8F80030013E0133C8F8A5
S315000034900030D1E7042BD3D80323E7E7009B002BAA
S315000034A040F0A7800223E1E7009B002BFAD001231E
S315000034B0226D9AB1D4E9002111444FF440728A403A
S315000034C00021206902F236728A4222D80122C4E91A
S315000034D01022C4E90E22002262632265A76D002F26
S315000034E068D1132E1BD943B3324629462046FFF72F
S315000034F07FFDF0B93246294604F15C0000F0D6FEA5
S31500003500A665D8F800303344C8F80030C4E7002375
S31500003510CEE74FF4806720F811700131D4E73246C8
S31500003520294620460193FFF763FD019B0028E1D061
S315000035300BB102285DD12A4602E0A6F114022A4404
S3150000354059462046A561FFF7F1F8002854D1A36932
S31500003550D8F800205D1B2A44C8F80020761B1D46BB
S315000035605AE715F809100137D15509F10109132F4A
S3150000357025D9A76504F15C0A93BB524659462046F5
S31500003580C4F818A0FFF7D2F8B0BBA369A3EB0A03EF
S315000035909F4236D3FA1A914533D3D8F8001009EB77
S315000035A00302D31B19443744C8F800102B44BE1A33
S315000035B0A065D4E74FF0000904F15B02D7E7B145F7
S315000035C0CFD104F15C0A3A4651462046A7650193DD
S315000035D0FFF70EFD019B88B9D8F800304B4493E7FE
S315000035E03A4651462046FFF703FD0028F4D002284C
S315000035F0C3D002230D9A137001203AE7002BBCD0EA
S31500003600F5E70B2035E72DE9F04F89B0DDF8488066
S315000036109A469DF84C3004460493D8F800308B4601
S3150000362002930023164617681360C8F80030029B01
S31500003630149A0793D4E909318B4204BF00236362CD
S31500003640656A20464B1BBB4232BF0023049B791997
S31500003650CDE90032524607ABFFF7CCFE079A029B34
S3150000366061699B1A0293D8F8003003901344C8F896
S315000036700030636A5846A3EB0509294492444A463A
S31500003680059300F013FE059BCB44ED1A33682F44D7
S315000036904B443360039B23B9B9F1000F01D0002FCF
S315000036A0C5D1039809B0BDE8F08F10B504464B6844
S315000036B00846216998470023236110BD70B54FF471
S315000036C040751646D1E9003213449D40036904460D
S315000036D005F2367513B1436DAB420ED03146204626
S315000036E0FFF7E3FF30463368690098472061B0FA78
S315000036F080F040096565400070BD0020FCE738B5E4
S3150000370004460D46FFF7D1FF6B6828466169984766
S315000037100023636138BD042A01D804207047D1F81C
S315000037200130B3F5805F38BF4FF48053C3600A7829
S31500003730E02AF2D80923B2FBF3F303EBC301521AD2
S31500003740D2B202600522B3FBF2F2826002EB820281
S315000037509B1ADBB243600020704770B5D1E9015275
S31500003760AA4205D290F840302B449B1A402B10D920
S31500003770002012E00A6890F84040D65C90F841209C
S315000037800133224402F03F02013486548B6080F8F4
S3150000379040408B689D42EDD8012070BD2DE9F04177
S315000037A090F840C017469E46D1E90123069ED21ADC
S315000037B06244B24204460D469DF81C800AD2FFF7C9
S315000037C0CCFF00284FD1142341F2020084F8463082
S315000037D0BDE8F08176453DD8002394F840200AB133
S315000037E09E421DD1D5E901128A4201D29E4229D8B4
S315000037F09E4235D131463846D4F88820FDF724FE5E
S31500003800C4F88800B8F1000F04D032463946E06C9F
S3150000381000F07BF8636D41F2030033446365D7E73C
S3150000382094F84120A25CFA5494F841200133013205
S3150000383002F03F0284F8412094F84020013A84F8CF
S315000038404020CAE729688A5CFA54AA680133013223
S31500003850AA60C7E741F20100142384F84630B7E7AF
S3150000386041F20200F8E70020B2E72DE9F047994659
S315000038705B6804460F469046002B40D011F00303C8
S3150000388040D19B6A006E1B6981181D1DA9421BD37E
S315000038901C33984218D2A842024638BF2A4699429B
S315000038A094BFC2EB010AC2EB030A101A3E18C5F117
S315000038B06800104431465246204400F0F7FC524658
S315000038C0FF21304600F029FD48F20403226E9A4299
S315000038D00CD848F2070102EB0800884206D99B1A69
S315000038E0FA58C4F880204FF0FF32FA50D9E9003573
S315000038F042463946206EA847236E4344236600207D
S31500003900BDE8F08741F20200FAE700F00CB8014684
S3150000391000F016B86822002100F0FFBC0346002024
S31500003920C3E90000704707B500F128030190009332
S3150000393000F108030020FDF735FE03B05DF804FB37
S3150000394002460B4600F128010830FDF789BEF0B5A6
S315000039501D4693B0002837D1189B06909B01CDE9F0
S3150000396004230AAB0A461E4601F120071C461068CE
S315000039705168083203C4BA422346F7D1002307969A
S315000039800993FEF77BFD0446D8B92023089304ABC0
S3150000399093E807008DE8070007AB04200ECB00F084
S315000039A01AFC0746FEF776FD8FB92B46324612AE55
S315000039B0154603CDB542186059602A4603F108033F
S315000039C0F6D1204613B0F0BD6FF07104F9E76FF041
S315000039D06F04F6E710B500244A1EA1424FEA8202A0
S315000039E04FF0FF0108BF224640F8044B00F095FC5B
S315000039F0204610BD036840F204500133012B98BFE6
S31500003A000020704740F20250704770477047FDF73C
S31500003A1073BE01221A70704730B504460D46A3B036
S31500003A20D0F80C1202AA8023D0F80402FDF7DEFEBD
S31500003A3080232146009502AA04F12C00FDF778F9AF
S31500003A40D4F80C32C4F810028033C4F80C3223B018
S31500003A5030BD1FB50023CDE90033CDE90213D0F800
S31500003A601032044693B9D0E982329A420ED26946A0
S31500003A70FFF7D2FFD4F8100270B141F2070240F20C
S31500003A800123904208BF184604B010BDA37833B195
S31500003A90E07800F20220F7E740F20120F4E740F276
S31500003AA00220F1E737B50C46054611462046FEF7DB
S31500003AB09AFD48B969462846FDF780FE20B9019B64
S31500003AC0C4F80452C4F8083203B030BD38B500F566
S31500003AD0CE7204460D46202300F5AA712C30FDF760
S31500003AE0EDF8D4F810321BB9D4E982329A4203D3E6
S31500003AF0A07800B1E07838BD29462046FFF78CFF54
S31500003B00EFE708B5FCF7BCFE0620FCF767FEBDE84C
S31500003B100840FCF7BFBE10B504465A20FCF75EFE0F
S31500003B202046FCF767FEBDE81040FF20FCF756BEB6
S31500003B3010B5FCF7A5FE0520FCF750FEFCF77AFE53
S31500003B400446FCF7A7FE04F0010010BD08B5FFF718
S31500003B50EFFF0028FBD108BD70B5FFF7F7FFFCF7B4
S31500003B608FFE0C20FFF7D7FFFCF764FE0546FCF737
S31500003B7061FE0646FCF75EFE040444EA06242C4376
S31500003B80FCF788FE204670BD10B5FFF7E5FF04463A
S31500003B90FCF776FE04F11C00FFF7BDFFFCF74AFEBA
S31500003BA00446FCF777FE0120A04010BD10B5FFF7D4
S31500003BB0D3FF0446FCF764FE2046FFF7ACFFFCF794
S31500003BC039FE0446FCF766FE04F0010010BDF8B5A8
S31500003BD0FFF7C2FF0446FCF753FE04F11C00FFF793
S31500003BE09AFFFCF727FE0746FCF724FEFCF722FEA9
S31500003BF00446FCF71FFEFCF71DFE0546FCF71AFE01
S31500003C00FCF718FE0646FCF745FE012316B103FA3B
S31500003C1006F0F8BD15B103FA05F0FAE714B103FA98
S31500003C2004F0F6E703FA07F0F3E710B5FFF794FFA1
S31500003C300446FCF725FE04F12800FFF76CFFFCF7AD
S31500003C40F9FD0124C0F307108440FCF723FE41F67A
S31500003C50F073A4F110029A4294BF20464FF480708C
S31500003C6010BD70B5FFF772FFFFF776FF0446FCF74D
S31500003C7007FE201DFFF74FFFFCF7DCFD0546FCF7AE
S31500003C80D9FD0646FCF7D6FD0404FCF7D3FD44EA4D
S31500003C9006242C4344EA0064FCF7FCFD002CBFBF5D
S31500003CA00123A4B2A3400133AABF601CD808C008F0
S31500003CB070BD38B50C460546FFF7D3FFA04207D3C3
S31500003CC0A84205D32C4484428CBF0020012038BD75
S31500003CD00020FCE738B505460C46FFF737FFFFF72F
S31500003CE010FFFCF7CDFD2846FCF778FD2046FCF7D3
S31500003CF081FDBDE83840FCF7CDBD70B50D461146D7
S31500003D0006461446FFF7D5FFA8B1FFF71FFFFCF7DD
S31500003D10B7FD0320FCF762FD3046FCF76BFD2C4433
S31500003D20A54203D1FCF7B6FD002070BDFCF782FD6D
S31500003D3005F8010BF4E740F20240F6E72DE9F843F7
S31500003D40064688461446FFF770FF2146074630466A
S31500003D50FFF7AFFF002844D0FFF7F8FEFCF790FD11
S31500003D600320FCF73BFD3046FCF744FD25468DB9A4
S31500003D70FCF790FD7B1E334229D07D4235403D4401
S31500003D803319AB4232BF2546AD1BADB25CB92046F6
S31500003D90BDE8F883FCF74EFDFF2805F1FF35E6D0B8
S31500003DA040F20340F4E7FFF7D1FEFFF7AAFEFCF767
S31500003DB067FD0220FCF712FD3046FCF71BFD08EB01
S31500003DC00509C14508D1FCF765FD641B2E44A742D1
S31500003DD03D4628BF2546D9E718F8010BFCF7FEFC3F
S31500003DE0EFE740F20240D3E74FF0FF307047FEF7AF
S31500003DF068BC2DE9F8430D460446FFF7C5FE0646A6
S31500003E00FFF72FFF8046FFF7E2FE074600F1FF3976
S31500003E10FFF7CCFED0B1731E45EA04021A4233D135
S31500003E2029462046FFF745FF88B3BCB9A84515D1FA
S31500003E30FFF78CFEFFF765FEFCF722FDC720FCF7B7
S31500003E40CDFCFCF727FD0020BDE8F8834B46E3E7F1
S31500003E5021462020FFF73EFF3444AD1B15B114EA7E
S31500003E60090FF5D1BD4208D2002DECD02146202005
S31500003E70FFF730FF3444AD1BF6E72146D820FFF7A5
S31500003E8029FF3C44ED1BEDE740F20440DCE740F23D
S31500003E900240D9E708B5FFF759FEFCF7F1FCB92057
S31500003EA0FCF79CFCFCF7F6FCFFF7B0FD002008BD14
S31500003EB0FEE710B53AB1002350F8234041F82340FD
S31500003EC001339A42F8D110BDEFF3108072B67047F5
S31500003ED000B962B6704770B5054614460E46FFF740
S31500003EE0F3FF2B685C4034405C402C60BDE87040BA
S31500003EF0FFF7EEBFC369032B9FBF00EB83020133BD
S31500003F00D160C361704783691B06FCD5406AC0B2A5
S31500003F10704783695A06FCD5C16383699B06FCD545
S31500003F20406AC0B2704783695B06FCD5C1637047BF
S31500003F3013B51AB10024009400F0BEF802B010BD0B
S31500003F40F0B58DB005AC84E807001C46A1420D46CD
S31500003F5028BF2546129B0DB304B3114628460026FA
S31500003F6003F51813CDE90A468DE8030003F2411361
S31500003F705F02C5EB4323099302950CAA059B12E940
S31500003F800700069500F041F9A54207D23146621BAB
S31500003F90381B0DB0BDE8F04000F035B90DB0F0BDEE
S31500003FA030B591B001AC84E807001C461346DA0030
S31500003FB049BF029A6200033222F00302014604A8B6
S31500003FC0FFF7B6FF04A800F08CF81499224601F515
S31500003FD0181101F241114D0208A8C4EB412100233A
S31500003FE0FFF7A6FF05F5007100232246091B0CA862
S31500003FF0FFF79EFF0CA800F074F808A904A800F0CB
S3150000400050F811B030BD10B58CB005AC84E807008F
S315000040100E9ADDE9060102F5181202F5A0725202A7
S31500004020CDE9092300228DE803000B9202930CAA26
S31500004030059B12E9070000F0E8F80CB010BD2DE969
S31500004040F04B4FF0000899460746164645468AB09B
S3150000405003AC84E8070002F0805B07AC049A424593
S3150000406002D80AB0BDE8F08B139B13B9AA1E012A29
S315000040700AD9129BCDE90779099600955BB194E8B8
S3150000408007004B46FFF75CFFBBF1000F00D14F4422
S315000040900135C844E2E74B4694E80700FFF7B3FF53
S315000040A0F2E708B5FEF76EF8FEF7A2F8FEF7AAF8F3
S315000040B0BDE80840FEF7BAB810B5044622F07042D3
S315000040C0103060602160A26039B1A26803F07043CD
S315000040D01343A360029BE36010BDA36843F08043D3
S315000040E0F7E701234360C36843F02003C360836896
S315000040F043F0005383607047C36803F00F03012B3E
S3150000410002D0033B012B08D8C36801F01F0143EA24
S315000041100123C36083680B4483607047006970475E
S3150000412070B586B003AE054686E80E00FFF7F6FFCB
S31500004130202804463AD86A6800EB80039A4203D0E6
S31500004140062343439A4233D10B9BB3EB440F2FD143
S315000041500E9A93422CD1012221463120EB68FDF7BD
S31500004160E7FF08BB0123CDE90033234695E80700A6
S31500004170FFF765FF08230AAA009307CA2346FFF73D
S315000041800FFF0C23009396E807002346FFF7D8FE9F
S315000041900A230DAA009307CA2346FFF701FFFDF77E
S315000041A0E3FF002818BF032006B070BD0120FBE71F
S315000041B00720F9E7062808D804280AD80138032872
S315000041C08CBF0020012080017047C31F5842584110
S315000041D0F9E78020704770B58AB007AC84E80E0016
S315000041E003AD064694E8070085E80B000123029319
S315000041F00EAB019303230093304694E80E00FEF7BE
S315000042003DF80AB070BD00F088B882B02DE9F043E1
S315000042108BB005AE86E80700079D1F4615F0804562
S3150000422013938046DDE914328946169C16D18C42DA
S3150000423028BF0C46D20016D584B10F2C1AD8A9EB8C
S315000042400502042A3B6828BF042208EB050009A9D9
S315000042500435099300F02AF8AC42F0D80BB0BDE85B
S31500004260F04302B070479C4228BF1C46002CF5D094
S315000042700F2C13D9DDE914018DE803000294139B7A
S3150000428096E80700FDF786FFFDF7B2FFFDF7BAFFD8
S315000042900BB0BDE8F04302B0FDF7C8BF2246394671
S315000042A00BB0BDE8F04302B000F000B80A44431E6C
S315000042B0914200D1704710B511F8014B914203F8B5
S315000042C0014FF9D110BD0139024410B5904201D118
S315000042D0002005E0037811F8014FA34201D0181B16
S315000042E010BD0130F2E7884210B501EB020402D995
S315000042F08442234607D8431EA14208D011F8012B59
S3150000430003F8012FF8E7024401468A4200D110BDA6
S3150000431013F8014D02F8014DF7E7024403469342B4
S3150000432000D1704703F8011BF9E700000000000008
S315000043300000000000000000000000000000000077
S31500004340F8B500BFF8BC08BC9E467047F8B500BF7C
S31500004350F8BC08BC9E467047000000000000000044
S315000043600000000000000000000000000000000047
S315000043700000000000000000000000000000000037
S31500004380B814B6F1E0CFF3ADB7DD25C9FA79B713A6
S315000043900000000013B779FAC925DDB7ADF3CFE009
S315000043A0F1B614B801020000000000008C460000BF
S315000043B040000000030004020000000000000000AE
S315000043C000000000000000000000000000000000E7
S315000043D000000000000000000000000000000000D7
S315000043E00000000007B0CD5E0200000001000402DC
S315000043F09046000000600000000008007004010004
S31500004400C3250000C725000061020000E725000063
S31500004410172600003845000047260000BD2600008C
S3150000442000000000DD030000BD25000004000007B9
S3150000443000000D1013001A202630384050000000EE
S31500004440FD0707FD690A0000990A00002D0B000010
S31500004450CD260000EB17A6030201000003000000B2
S31500004460F40A0AF40505000001000000EB17A65E39
S315000044700A06000001000000F50909F5030700001F
S3150000448001000000F60808F606080000000000001B
S31500004490FE0101FE0808000000000000FD0303FD08
S315000044A00C08000000000000FD0707FD13080000CF
S315000044B000000000F30B0BF3110A000003000000DC
S315000044C0F70A0AF7120B000003000000FC0404FCC4
S315000044D00D0C00000300000080000000000000003A
S315000044E000000000000000000000000000000000C6
S315000044F000000000000000000000000000000000B6
S3150000450000000000000000000000000000000000A5
S3150000451000000000000000006A09E667BB67AE8580
S315000045203C6EF372A54FF53A510E527F9B05688C8F
S315000045301F83D9AB5BE0CD190001000025190000EF
S31500004540BD170000ED170000BD180000011900009E
S31500004550F5390000D5390000053A0000A53A0000FB
S31500004560533A000031180000313B0000FB3C0000CC
S315000045703D3D0000F33D0000E93D00000000000065
S31500004580010000000000000000B00300A04500008C
S31500004590C000000000000000000010002000000025
S315000045A0FFFFFFFF00000001000000000000000008
S315000045B000000000FFFFFFFFFFFFFFFFFFFFFFFF01
S315000045C0FFFFFFFF00000000FFFFFFFFFFFFFFFFF1
S315000045D0BCE6FAADA7179E84F3B9CAC2FC6325519F
S315000045E06B17D1F2E12C4247F8BCE6E563A440F232
S315000045F077037D812DEB33A0F4A13945D898C29677
S315000046004FE342E2FE1A7F9B8EE7EB4A7C0F9E1633
S315000046102BCE33576B315ECECBB6406837BF51F5E4
S31500004620FFFFFFFF00000001000000000000000087
S3150000463000000000FFFFFFFFFFFFFFFFFFFFFFFC83
S315000046405AC635D8AA3A93E7B3EBBD55769886BCD9
S31500004650651D06B0CC53B0F63BCE3C3E27D2604B30
S315000046601014202040402010141C20304020000050
S315000046707C46000010100020040000003D090000E8
S3110000468075090000F5010000CD010000E6
S3150000600000080020B17A0000C9940100CF94010075
S31500006010D3710000D5940100536300005363000060
S315000060205363000053630000536300005363000092
S3150000603053630000E48302005363000053630000CF
S31500006040536300005363000053630000F1790000BE
S315000060505363000053630000536300005363000062
S315000060605363000053630000536300005363000052
S3150000607005D800005363000053630000536300001B
S315000060805363000053630000536300005363000032
S3150000609053630000F1640000536300005363000083
S315000060A053630000917B0000697B0000536300008E
S315000060B053630000B554020053630000F55E02000E
S315000060C03F7D02003B7D0200E55602004B7D02004B
S315000060D0437D0200CD5E0200477D0200355F02006F
S315000060E0653902001D3C0200A55F020053630000F3
S315000060F053630000536300005363000053630000C2
S3150000610053630000536300005363000053630000B1
S3150000611053630000536300005363000053630000A1
S315000061205363000053630000536300005363000091
S31500006130536300005363000091D5000081D5000031
S31500006140013800D0FCE770470F207047026893695A
S3150000615013F0200FFBD07047014B01221A617047E4
S3150000616000F00350014B10221A61704700E0035003
S31500006170014B10221A61704700D00350BFF34F8FB6
S315000061800549CA6802F4E062044B1343CB60BFF3CF
S315000061904F8F00BFFDE700BF00ED00E00400FA05E9
S315000061A000239B6AB3F5C04F07D21A680A4B9A427E
S315000061B007D0002303708360704700230370836059
S315000061C070470123037000239A6A926842609B6AB3
S315000061D09B698360704700BF07B0CD5E00239B6A52
S315000061E0B3F5C04F18D230B585B005460C4601232D
S315000061F08DF8043000230293039301A8FFF7D0FF24
S31500006200039B13F4806F05D000239B6A1B6C214609
S315000062102846984705B030BD7047144B1B68B3F14C
S31500006220FF3F06D04FF4001202FA03F3104A13663A
S315000062307047104B1B78BBB90F4B4FF480725A66F0
S3150000624003F5A6235B681BB9094B4FF400121A66C7
S31500006250094B4FF400725A6603F5AE235B681BB90F
S31500006260034B4FF480021A66704700BF04080020F3
S315000062700090004408140020009000500C4B1B684E
S31500006280B3F1FF3F12D10B4B1B787BB90A4B5B680E
S3150000629013F0010F02D0064B00221A60074B5B6811
S315000062A013F0010F02D0024B01221A60704700BFA3
S315000062B0040800200814002000C005500000065005
S315000062C000239B6AB3F5C04F26D21B6BB3F5C04FB4
S315000062D025D200B585B001238DF804300023029342
S315000062E0039301A8FFF75CFF039B13F4803F19D0CB
S315000062F0029BC3F307421B0E17D0012B07D00023C6
S315000063009B6A1B6B1B6C984705B05DF804FB0A2A59
S31500006310F5D840F20110F7E740F20110704740F25D
S315000063200110704740F20110EEE740F20110EBE772
S3150000633000230360704703680B600160704700E04C
S315000063401846036823B18B42FAD10B680360704785
S315000063507047FEE710B4154B154A9A60D3F88820AB
S3150000636042F47002C3F88820124A4FF40041916645
S3150000637001F1884101F500524FF0FF3010664FF6EB
S31500006380DF7050660220C3F8D000BFF34F8FBFF313
S315000063906F8F09480824C0F880414FF44033D3601A
S315000063A004600B615DF8044B704700BF00ED00E030
S315000063B0006000000090005000E100E013462AB99A
S315000063C0704750F8043B41F8043B13465A1E002B15
S315000063D0F7D1704708B50448044A121A92100449C6
S315000063E0FFF7ECFF08BD00BF44F9030044F90300C2
S315000063F0E82C00200048704700B4C4040020704711
S3150000640000487047002D31014FF06041D1F8003E41
S31500006410012282401343C1F8003E002070474FF02E
S315000064206041D1F8003E0122824023EA0203C1F80E
S31500006430003E0020704708B50820FFF7E5FF08205A
S31500006440FFF7EDFF08BD4FF06043D3F8803E13F031
S31500006450010F01D1112070470E4AD2F8FC3043F0EB
S315000064608073C2F8FC304FF06043D3F8002E4FF033
S31500006470010C0CFA00FC42EA0C02C3F8002E53F899
S315000064802030002BE8D04FF0604303F820100020A6
S31500006490704700BF00ED00E0104B5B78ABB10728FA
S315000064A015D8B1B10D4B03EB00131B7C9BB10C4B04
S315000064B01B6D0122824013EA020003D001230B70F8
S315000064C00020704700230B70704706487047064847
S315000064D07047054870470548704700BF08140020FC
S315000064E000000450028000F0018000F0078000F0F8
S315000064F0F8B51C4B1F6D5B6D1F4002D401250024AF
S3150000650002E0FEE701346D00072C2AD83D42F9D09F
S31500006510154B1D65154B03EB04135B68002BF1D07F
S31500006520124E06EB0416F1680131F160B26820469E
S31500006530984780F00100C0B2737C012BE2D100289D
S31500006540E0D00A4B03EB441393F890206FF341021B
S3150000655083F8902093F8A0206FF3410283F8A020DF
S31500006560D0E7F8BD000004500020045008140020B5
S31500006570B0F1FF3F01D010B970470248704702489A
S31500006580704700BF21E000F024E000F089080023F6
S3150000659001E0043001338B4205D20268B2F1FF3FBD
S315000065A0F7D00020704701207047704700238365AD
S315000065B070478164012380F854307047037A0B706A
S315000065C0437A8B70837A0B71C37A8B71037B4B7022
S315000065D0437BCB70837B4B71C37BCB7100207047B1
S315000065E0B0F5207F20D00ED8B0F5007F16D020D889
S315000065F010B1B0F5C07F04D10F4B186FC0F3033054
S3150000660018E0002016E0B0F5607F05D10A4BD3F8FC
S315000066108000C0F301100DE000200BE0064BD3F81C
S315000066209000C0F3046005E0034B186FC0F38020B0
S3150000663000E000200130704700800050044B4FF40A
S3150000664000225A6603F5804301229A62704700BF12
S3150000665000900050014BA3F88401704708140020F5
S31500006660024B4FF480321A67704700BF009000500B
S3150000667038B505460C46174B4FF400329A66002093
S31500006680FFF7AEFF05FB00F0134BDA6902F4803228
S3150000669041F67131D9639B6823F440136CB90F49F5
S315000066A0884207D800210B430B498B600AB10022B0
S315000066B0CA6338BD4FF48011F5E7002C07DD0749A2
S315000066C0884201D80021EEE74FF48011EBE74FF442
S315000066D04011E8E70090005000000350005A6202A3
S315000066E008B5002903DD0121FFF7C2FF08BD00211F
S315000066F0FFF7BEFFFAE708B5FFF77CFE0021FFF7BC
S31500006700B7FF08BD002807DB00F1604000F56140D7
S3150000671090F800030009704700F00F00014B185C69
S315000067200009704714ED00E04209064B53F8223089
S3150000673000F01F0023FA00F080F0010000F00100D5
S31500006740704700BF00E100E008B51920FFF7ECFF35
S3150000675028B1084B4FF00072C3F880211A601A2046
S31500006760FFF7E2FF28B1034B4FF08062C3F88021A8
S315000067701A6008BD00E100E038B5EFF3108313F0AE
S31500006780010F1BD10446FFF7CFFF0546B8B92046D7
S31500006790FFF7B8FF0446EFF3118313B1B0EB131FF5
S315000067A00FD2094B5B68C3F3080343B1103B58B2E1
S315000067B0FFF7A8FFA04202D8012500E001252846E0
S315000067C038BD0125FBE700BF00ED00E010B504462B
S315000067D01520FFF7D1FF30B994F85430002BFBD0C9
S315000067E005E0FFF785FE94F85430002BF9D010BD74
S315000067F0044A536F23F44073417843EA01235367F5
S31500006800704700BF004000507047704770477047A0
S315000068107047036C13F0400FFBD0C1637047034B06
S31500006820984201D000207047382070470000035A74
S31500006830436813F0010F19D00A230363C36C13F0E6
S31500006840500FFBD1036C13F0030FFBD1836A8362F5
S31500006850C36C13F0010FFBD100E0436B036C13F024
S31500006860800FFAD100F5005001234360704710B540
S315000068700446FFF7DDFF0023E360A36041F2020256
S315000068802261E3616361A36123626362E362A364DD
S3150000689004F5005201495164A36210BD7F370C0113
S315000068A008B5F9B10A4600F580530121596002F096
S315000068B00F01C36CC3F30A03002BFAD10163C36C47
S315000068C013F07803FBD112F0010F00D0012312F070
S315000068D0040F01D043F00203026C02F003029A4255
S315000068E0FAD108BDFFF7A4FFFBE7704700E0436A53
S315000068F0436913F4807FFAD100F500502023C36367
S315000069007047043021B100F58050012303607047C1
S3150000691000F50050F9E7436913F0807FFBD100F5DD
S31500006920005001234360704700F580500123436007
S315000069307047022A09D9033AD2B2022A04D821F0B2
S31500006940FF03036001717047704721F07F4311F424
S31500006950000201D04FF07F4213430360090E01711C
S31500006960704770B505460C46466806F00106FFF707
S31500006970DBFF2378627843EA0223A278120402F44A
S3150000698080321343E27832B14FF400321343C5F834
S31500006990983016B170BD0022F8E72846FFF7BBFF16
S315000069A0F8E729B9034A012303FA00F0106070479B
S315000069B0014AF8E7401004504020045008B50A4B3D
S315000069C05B785BB107280BD8074B03EB00131B7CE6
S315000069D043B10021FFF7E5FF002008BD0348FCE7AF
S315000069E00348FAE70348F8E708140020028000F09D
S315000069F0018000F0078000F008B50A4B5B785BB1B8
S31500006A0007280BD8074B03EB00131B7C43B101216E
S31500006A10FFF7C7FF002008BD0348FCE70348FAE775
S31500006A200348F8E708140020028000F0018000F017
S31500006A30078000F0064B4FF400329A6603F51C33CC
S31500006A4041F67132DA6303F500530122DA607047CA
S31500006A500090005008B5FFF7EDFF002008BD084B79
S31500006A6041F67132DA6303F500520121D16000224A
S31500006A70DA63A3F518334FF400329A66704700BF05
S31500006A800000035008B5FFF7EAFF08BD41B906301C
S31500006A90084B53F8200020F0F8004004400C7047E3
S31500006AA01230044B53F8200020F0F8004004400C4C
S31500006AB0704700BF0080035001281DD0F0B1352873
S31500006AC01ED822281ED3223813280BD8DFE800F060
S31500006AD01C0C0E100A0A0A0A0A0A0A0A0A0A0A0AF2
S31500006AE00A0A0A12002070470220704704207047E5
S31500006AF00520704706207047032070470020704726
S31500006B0000207047002070470120704708467047F4
S31500006B1070B50446C2F3062602F0070241B942EAFE
S31500006B20062242F440220634094B43F8242070BD65
S31500006B3011463046FFF7EAFF05463046FFF7BCFF31
S31500006B4045EA00251234024B43F82450EFE700BF14
S31500006B50008003500B784A7843EA8203CA7843EAF6
S31500006B6042130A7943EA021300EB4002920002F153
S31500006B70B04213630B78012B00D070478A78024B22
S31500006B8043F82020F9E700BFE88003504FF0B043F8
S31500006B905B680BB9002837D04FF0B0435B6843B150
S31500006BA04FF0B0435B6823B14FF0B0439B6A002BB4
S31500006BB0F6D180B1154B01225A604FF0B0435B68A5
S31500006BC023B14FF0B0439B6A002BF6D14FF0B04390
S31500006BD00122DA6070474FF0B0435B6823B14FF093
S31500006BE0B0439B6A002BF6D14FF0B0430222DA6025
S31500006BF04FF0B0435B6823B14FF0B0439B6A002B64
S31500006C00F6D1034B01225A60704700BF00100058AE
S31500006C10002000584FF0B0435B6843B14FF0B043DB
S31500006C205B6823B14FF0B0439B6A002BF6D1154B3E
S31500006C3001225A604378E3B113468278DAB1022220
S31500006C401343C278CAB104221343027943EA0213FA
S31500006C50427943EAC2034FF0B042936002F5805294
S31500006C6001235360037853B101224FF0B043DA6039
S31500006C7070470023E1E70022E2E70022E4E7022270
S31500006C80F3E700BF00200058024B1868C0F3074026
S31500006C90704700BF0080E00F034B9B680A3303F088
S31500006CA01F030120984070470080E00F38B5044666
S31500006CB021F0B6F8FFF75CFC054608B1284638BD5A
S31500006CC0FFF7EAFF01462046FFF760FC0028F5D1F2
S31500006CD0004DF3E70EE000F00A4B984207D00A4B4E
S31500006CE0984209D0C36D43F08003C3657047A3F58E
S31500006CF01033C3F88C11F5E7A3F52033C3F89C11C4
S31500006D00F0E700BF00C005500000065000F58053B4
S31500006D1001225A6040F6AA63436100238360C3657B
S31500006D2041F20502C2600361C361C36400F500520B
S31500006D300C49916483650C4B984206D00B4B9842E4
S31500006D400CD00A4B984204D101E0002303650023CE
S31500006D50436500F500500123436070470023036537
S31500006D60EFE700BFFFFF010000C00550000006501E
S31500006D70836913F0800FFBD0406AC0B2704710B52C
S31500006D80046802E02046FFF7F3FFA36913F0800FC3
S31500006D90F8D110BD836913F0400FFBD0C16383693E
S31500006DA013F0200FFBD0406AC0B27047836913F01E
S31500006DB0400FFBD0C1637047F8B50E46154607680D
S31500006DC0002407E0315D91FAA1F1090E3846FFF77C
S31500006DD0EDFF0134AC42F5D30020F8BD4369002B2A
S31500006DE00DDB41B9436A13F0010FFBD100F50050EA
S31500006DF001234360704700F58050012343607047CC
S31500006E000023036270476FF0040308E003F1604259
S31500006E1002F56142502182F8001301335BB23F2B29
S31500006E2008DC002BF2DA03F00F01034A0A44502172
S31500006E301176F2E700207047FCEC00E008B5006C24
S31500006E40FFF7E7FC002008BD29B1036C03F580536A
S31500006E5001229A647047036C03F5005301229A6479
S31500006E60036C03F500535A647047012900D9704733
S31500006E7010B5074BD3F888416C3C05E00521206C22
S31500006E80FFF70EFDE46E6C3C14F16C0FF6D110BDED
S31500006E900814002070B50E4615460024234600E06F
S31500006EA00134AC4206D2315D0020FFF7CCFA03462E
S31500006EB00028F5D0184670BD4FF06043D3F8803EE9
S31500006EC013F4000FF8D17047002807DB00F01F020B
S31500006ED0400901239340024A42F82030704700BF20
S31500006EE000E100E000280CDB00F01F02400901234E
S31500006EF093402030034A42F82030BFF34F8FBFF350
S31500006F006F8F704700E100E080F82C10704790F812
S31500006F102C0070470346A0B190F838201AB190F8BB
S31500006F203C00022805D093F83C00042805D0012037
S31500006F307047012283F83C207047012283F83C20E9
S31500006F4070470120704790F839007047037E6BB395
S31500006F5030B4037A03EB43031B0103F1A04303F5AB
S31500006F608023DC6EC16805694B199C4213D0013C35
S31500006F708C4201D26C1E0C442346026B9A4212D0FC
S31500006F801A78112A09D0132A07D0013B8B42F4D272
S31500006F906B1E0B44F1E70C46E9E7112A14BF0022E9
S31500006FA0012280F83420046330BC70477047BFF379
S31500006FB04F8F0549CA6802F4E062044B1343CB6065
S31500006FC0BFF34F8F00BFFDE700ED00E00400FA05B8
S31500006FD0BFF35F8F074B5A6A22F480325A62D3F8A6
S31500006FE0942022F00102C3F89420BFF34F8FBFF321
S31500006FF06F8F704700ED00E001F00303DB004FF0F8
S31500007000FF0C0CFA03FC07290ED810B54FEA910EB7
S315000070100EF10C0150F821409A40624002EA0C023F
S31500007020624040F8212010BD704770B5FFF7D0FFD1
S31500007030244C254EB44242D026F01F05203DA02206
S3150000704000212248FFF7D8FFB5F1005F0FD3204992
S31500007050D1F88C3145F001051E4AC2F898301E4819
S31500007060C2F89C00C2F8A0500133C1F88C31B4427A
S3150000707012D01F3424F01F0444F003041449D1F83D
S315000070808C31144AC2F89830C2F89C401348C2F8B2
S31500007090A0000133C1F88C31BFF35F8F0D4B052281
S315000070A0C3F894205A6A42F480325A62BFF34F8F73
S315000070B0BFF36F8FBFF34F8FBFF36F8F70BD4FF06E
S315000070C08045BCE7500B00206C09002090ED00E0E5
S315000070D00814002000ED00E003000020E1FFFF3F60
S315000070E070B505460E461446FFF772FF1F2C51D9A0
S315000070F015F01F0F02D025F01F05203516F01F0FC3
S3150000710001D026F01F0600230DE066451DD10123A0
S31500007110002423E02A49D1F8982022F0FF02C1F882
S3150000712098200133DBB2274AD2F88C21934213D23E
S315000071302349C1F89830D1F89C2022F01F02D1F8DB
S31500007140A04024F01F0C9542DFD06545E2D8964258
S31500007150E0D30123282401E000231C46DBB90122E9
S3150000716011461948FFF748FF25F01F0545F00305AE
S315000071701449D1F88C3126F01F0646F00306104A52
S31500007180C2F89830C2F89C50C2F8A0600133C1F82A
S315000071908C3100E00024BFF35F8F094B0522C3F852
S315000071A094205A6A42F480325A62BFF34F8FBFF37B
S315000071B06F8FBFF34F8FBFF36F8F204670BD00BF39
S315000071C000ED00E00814002090ED00E008B5FFF7A0
S315000071D0EEFE08B5FFF7FAFF08BD024BD3F89001A3
S315000071E0704700BF08140020064BD3F8943103FB08
S315000071F000F000F5742000F23F20034BA3FB0030A3
S31500007200800C70470814002083DE1B43012000E039
S315000072100130022806D8421E034B134493F89831D6
S31500007220002BF5D0C0B2704708140020F8B506460A
S315000072300F46032903D8DFE801F00A0406080025F3
S3150000724006E0042504E0102502E0402500E00125C3
S31500007250032E05D8DFE806F002080B0E45F00205FE
S315000072600C4BD3F89C4109E045F00805F8E745F0DA
S315000072702005F5E745F08005F2E7246844B1636828
S315000072801A682A42F9D05B68394630469847F4E7CF
S31500007290F8BD00BF08140020EFF3108072B67047E7
S315000072A000B962B67047164B1B79834227D010B5DA
S315000072B082B0044600238DF8043002238DF8053091
S315000072C010B900238DF8053001A8FFF791FA64B1D3
S315000072D04020FFF789FF0B4AD2F8A0311B1AC2F8EB
S315000072E0A031074B1C7102B010BD4020FFF77CFF98
S315000072F0044AD2F8A0310344C2F8A031F1E770473E
S315000073000408002008140020024B012283F8A4215F
S31500007310704700BF081400200120704708B54FF4DD
S31500007320C870FFF761FF08BD074B93F8A5314BB155
S31500007330054BD3F8A80100EBD000034BD3F8A031DE
S31500007340184470470020F8E7081400207047024BE5
S3150000735093F8A501704700BF081400200F4BD3F81F
S31500007360AC31002201E01A469B680BB18342FAD188
S3150000737083420FD14AB183689360836863B15A69C7
S3150000738041690A445A61002070478268034BC3F87A
S31500007390AC21F2E702207047002070470814002055
S315000073A00B49D1F8AC31002281F8B02106E0084B38
S315000073B0012283F8B021704759690A44012A06D888
S315000073C0D98811F0020FF2D19B68002BF4D17047D7
S315000073D0081400204FF0B0439B6A13F0080FF9D150
S315000073E04FF0B043186A704708B5FFF7F3FF0C4A31
S315000073F0D2F8AC31D2F8B421821A03E0521A002135
S3150000740059619B683BB132B159699142F6D3891AE9
S3150000741059610022F5E7024BC3F8B40108BD00BF6D
S31500007420081400204FF0B043186C704710F0010F9D
S315000074300BD1002310F0020F01D043F040034FF0B0
S31500007440B04291690B43936170470123F2E710F054
S31500007450010F15D1002110F0020F0AD041F04001B2
S31500007460084B01225A714FF0B042D36B23F003034D
S31500007470D3634FF0B042936923EA010393617047E7
S315000074800121E8E70408002010F0020F02D0024BA9
S3150000749040225A61704700BF001000584FF0B043B9
S315000074A05B69012804D0022805D1C3F38010704718
S315000074B003F001007047002070470369C2689342D9
S315000074C004D881688A1A1344581E7047981A0138DE
S315000074D07047704708B5FFF7D7FB012800D008BDF5
S315000074E0094B5A6E03F580534FF48021596603F514
S315000074F010430421196212F4802FF0D1A3F5004342
S315000075004FF480225A66EAE70080005070477047C1
S31500007510704770477047704708B5034BD3F8D821BA
S31500007520D3F8B801904708BD08140020022907D8EF
S3150000753008B5044BD3F8B80108B1436A984708BDAB
S31500007540704700BF08140020FEE770477047704779
S31500007550C1F12001C84170472DE9F04F83B0814643
S315000075608846D0F800B0D0F804A087680097C368B2
S3150000757001931E4655465A46002417E087EA06033D
S315000075802B40734021461344234A52F824000344F7
S3150000759058F8210002EB8402D2F800111844FFF7D4
S315000075A0D7FF013432463E462F4605443F2C21D8AC
S315000075B02309012B0BD0022B13D0002BDED065EA5A
S315000075C006037B40C4EBC40101F00F01DBE785EA4B
S315000075D0070333407B4004EB8401013101F00F01C6
S315000075E0D1E785EA0703734004EB4401053101F056
S315000075F00F01C8E75A44C9F800205544C9F8045099
S31500007600009B1F44C9F80870019B1E44C9F80C6012
S3150000761003B0BDE8F08F00BF6C7E0200884200DC3C
S3150000762008467047A0F13003DBB2092B17D9A0F149
S315000076304103DBB2192B14D920381A2824D8DFE8E5
S3150000764000F0132323232615232323231719231B93
S315000076501D1F23232323232323232323210058B25F
S315000076607047373840B2704724207047262070474D
S315000076702720704728207047292070472A20704706
S315000076802B2070472C2070474FF0FF307047252085
S31500007690704738B505460C464CB1013CA4B2285D8E
S315000076A0FFF7C0FFB0F1FF3FF6D1002000E0012058
S315000076B038BD41B1013989B2435C303BDBB2092B9D
S315000076C0F7D90020704701207047092803D91A28E6
S315000076D00CD8094B00E0094B01EB4101CB4003F00C
S315000076E0070303F10800072B03D070474FF4F77325
S315000076F0F2E71020F9E700BFDCDD03000AB8BB079C
S3150000770010B4046804FB02116FEA010C0CF0070CBC
S31500007710012202FA0CF253B15FFA82FC8268C908B0
S31500007720535C43EA0C0353545DF8044B704780687E
S31500007730C908435CD24352B213404354F4E710B530
S31500007740046804FB02116FEA010C0CF0070C01221D
S3150000775002FA0CF28468C908605C40FA0CFC0CF072
S31500007760010C9C4505D05FFA82FE40EA0E0060548B
S3150000777010BDD24352B210406054F9E7036803FBD0
S3150000778002118268CB08D05CC94301F007010841A9
S3150000779000F00100704770B50E4614461D469DF870
S315000077A010302A462146FFF7ABFF01232A46214621
S315000077B03046FFF7A5FF70BD2DE9F04782B0814640
S315000077C08A4616461F46D0F800806FF003052DE066
S315000077D0002100E00021009151464846FFF7DBFFFB
S315000077E0013464B2042C1FDC85EAE570A0EBE57079
S315000077F084EAE471A1EBE471C9B2C0B2FFF70EFFEF
S31500007800C0B27B193219EBD45FFA88F18A42E7DA03
S31500007810002BE5DB9942E3DDD2B2DBB20228D9D0F8
S315000078200428D5D00121D6E701356DB2042D02DC3E
S315000078306FF00304D6E702B0BDE8F0872DE9F04FFC
S3150000784083B083468A46914698466FF0010721E049
S31500007850CCB204EB0905EDB208EB0706F6B287EAEF
S31500007860E770A0EBE7700029B8BF4942C9B2C0B2C1
S31500007870FFF7D4FE013818BF0120009033462A4690
S3150000788051465846FFF787FF013461B20229DFDD12
S3150000789001377FB2022F02DC6FF00101F6E703B079
S315000078A0BDE8F08F2DE9F04F83B0D0F800A0062A8E
S315000078B037D9804689461746002308E0F90A41F67B
S315000078C0257000FB01F181EA47070133DBB20B2B80
S315000078D0F4D947EA0237002521E027FA05F606F033
S315000078E00106114BA3FB053202F0FE0404EB520421
S315000078F02C1B5444E4B20B3CE4B24FEA520B009604
S315000079005B46224649464046FFF745FF009623461A
S315000079105A4649464046FFF73EFF0135EDB2112D66
S31500007920DBD903B0BDE8F08FABAAAAAA4FF0070CCB
S315000079300022BCF1000F1CDB00B5D30903EBC30E1C
S3150000794003EB4E03C3EB03139BB283EA42039BB2E2
S3150000795041FA0CF202F0010200FB02F25A400CF16D
S31500007960FF3C4FFA8CFCBCF1000FE6DAD0B25DF8B2
S3150000797004FBD0B270472DE9F04F83B00746894625
S3150000798001929B460C9D9DF834604FF0000A22E060
S3150000799006FB03F15A1E06FB02F2695CA954013389
S315000079A0DBB2BB42F4D37B1E06FB03F30024EC548C
S315000079B00BE0414619F80400FFF7B8FF06FB04F296
S315000079C0AB5C4340AB540134E4B2BC42F1D30AF1A0
S315000079D0010A5FFA8AFADA4507D2019B13F80A8090
S315000079E02B7888EA03080123DBE703B0BDE8F08FB4
S315000079F02A4B93F8DC3103B9FEE700B583B00023C8
S31500007A000093019308236A462549264818F038F959
S31500007A1030BB254BD3F840311F2B18D9224BD3F856
S31500007A204031203B01229A40019B134301930823D6
S31500007A306A461B491B4818F0D9F84FF0005340F22C
S31500007A400B221A804FF20F025A80FEF797FB164B55
S31500007A50D3F8403101229A40009B13430093E6E796
S31500007A60124A9042E9D1104BD3F840311F2B0DD961
S31500007A700D4BD3F84021203A01239340019308236C
S31500007A806A460749074818F0B1F8D6E7064BD3F817
S31500007A904021012393400093F1E700BF0814002022
S31500007AA000710800E8150020008000440BE000F09B
S31500007AB008B5FEF74FFCFEF78DFC124A0AE0106887
S31500007AC0516850F8230041F82300013391688B4236
S31500007AD0F5D30C320C4B9A4201D20023F6E70B4A3F
S31500007AE008E01168002041F82300013351688B42F9
S31500007AF0F7D30832064B9A4201D20023F6E707F085
S31500007B00ABF900BF34ED030040ED030040ED030088
S31500007B1040ED030010B5044602E0202007E0904740
S31500007B20F4B194FAA4F00028F7D0B0FA80F001235B
S31500007B30834024EA03040B4B03EB0013D3F83422EF
S31500007B40002AEDD0074B03EB001393F83C32002BD1
S31500007B50E5D0044B03EB0013D3F838129047DFE768
S31500007B6010BD00BF0814002008B5084BD3F8240444
S31500007B70D3F82024104000F0553020F0502003F5B3
S31500007B800053C3F82004FFF7C5FF08BD00C003502B
S31500007B9008B5084BD3F82404D3F82024104000F08D
S31500007BA0AA3020F0A02003F50053C3F82004FFF705
S31500007BB0B1FF08BD00C0035008B50249024817F0DE
S31500007BC03BFF08BD0C080020E815002008B5034659
S31500007BD0084613F0030F02D111F0030F0AD09200EA
S31500007BE019461EF0BAFE002008BD53F8041B40F8E3
S31500007BF0041B013A002AF8D1F5E72DE9F8430646B9
S31500007C0088461746C5684FF0000918E05B1B5A1EE8
S31500007C10B3685C1B944228BF1446BC4228BF3C464E
S31500007C2070682246414628441EF097FEA144A044AF
S31500007C303F1B2544B368AB4209D0F5604FB13369A9
S31500007C409D42E3D3B2685B1B1A44013AE0E7002584
S31500007C50F3E74846BDE8F8832DE9F843044688462D
S31500007C601646C5688768A7EB0509914507D9406898
S31500007C7028441EF072FE3544E560BDE8F88340688E
S31500007C804A4628441EF069FEED1B35442A4608EB99
S31500007C90090160681EF061FEE560EEE7F8B50F4683
S31500007CA01646184B451C05EB450503EBC50500EBD1
S31500007CB0400003EBC003DC6A012C11D0022C1CD05F
S31500007CC014B100242046F8BD2846FFF7F6FB86428D
S31500007CD0F8D8324639462846FFF7BEFF3446F1E764
S31500007CE02846FFF7EAFB3446864228BF044622466A
S31500007CF039462846FFF7B0FFE4E72846FFF77DFF41
S31500007D000446DFE75C0B0020F8B505460E469400F6
S31500007D10224620F081F8FEF72BFC074628B92246BA
S31500007D203146284620F058F808B93846F8BD014FC4
S31500007D30FBE700BF10E000F010B5154CA8220021AB
S31500007D4020461EF00CFC0323236163611149A161E7
S31500007D5004F1A803E3614FF4806222620023A36268
S31500007D606362E362216604F595616166A266236734
S31500007D70E366636708E0C3F10F01074A0A4492F815
S31500007D800012034AD15401330F2BF4D910BD00BFA2
S31500007D905C0B0020607E02006C7E02002DE9F0473D
S31500007DA0044688469146254B1B78DBB2532B18D1E7
S31500007DB004EB4402214B03EBC2031F6FDD6EAF429F
S31500007DC012D80026ED1B4D4528BF4D463DBB2EB1B2
S31500007DD004EB4404194B03EBC4031F673046BDE8AC
S31500007DE0F087FFF7A9FFE3E71346144A02EBC30A3D
S31500007DF0DAF86860F61B4E4528BF4E46DAF864107E
S31500007E003246394440461EF0A8FDB044A9EB0609A7
S31500007E103744DAF86830BB42D4D10027D2E704EB06
S31500007E204402064B03EBC203596E2A4639444046C8
S31500007E301EF093FD2E442F44C9E700BF5C0B0020C3
S31500007E4010B50B46EFF311844FF0200181F3118832
S31500007E501946FFF7A3FF84F3118810BD10B51C4621
S31500007E600020FFF7EDFF206008B1002010BD1B20A9
S31500007E70FCE7F8B504460D4616460B4B1B78DBB2FD
S31500007E80532B0DD1EFF311874FF0200181F31188A9
S31500007E90324629462046FFF701FF87F31188F8BDD1
S31500007EA0FFF74AFFEEE700BF5C0B002008B5002095
S31500007EB0FFF7DFFF002008BDF8B504460F4616465B
S31500007EC01D46174B1878C0B2532823D1022C24D84C
S31500007ED0EFF311834FF0200181F31188194674B135
S31500007EE00F48182304FB033200EB020C8750CCF832
S31500007EF0046003FB0402156200239362536204EBE1
S31500007F004404074B03EBC403069ADA6281F3118833
S31500007F100020F8BDFFF710FFD8E74FF0FF30F8E775
S31500007F205C0B0020F8B504460F4616461D46144B5A
S31500007F301878C0B253281DD1022C1ED8EFF3118039
S31500007F404FF0200181F311884CB10D4B182202FB32
S31500007F5004331F665E669D6600221A67DA6604EBC6
S31500007F604404074B03EBC403069A5A6780F311884F
S31500007F700020F8BDFFF7E0FEDEE74FF0FF30F8E740
S31500007F805C0B00202DE9F04106460D460246002115
S31500007F9028461EF0E4FA731E0127EF544FF000083E
S31500007FA01FE00134E4B2B4420CD2F9B2285DFFF707
S31500007FB0BDFC2855631CB342F3DA2B195B78584095
S31500007FC02855EEE7FB0903EBC30203EB4203C3EBC1
S31500007FD003139BB283EA47039FB208F101085FFAD5
S31500007FE088F8B04501D20024DDE7BDE8F08110B580
S31500007FF02F4B4FF000425A6603F50B2303F58052D0
S3150000800001215160596C01F001014AF6CD321A6422
S3150000801018BB9C6814F0010412D003F5005301222A
S315000080209A600023234AD26A12F0010F04D1224A31
S31500008030934201D80133F5E71F4A93420BD8002437
S315000080401E4B01225A6011B11A4B1D4A1A641FF0C9
S3150000805037FB204610BD0724F2E70023154AD26AF3
S3150000806012F0080F04D0144A934201D80133F5E701
S31500008070114A934218D80F4B03F500522020506244
S3150000808003F5805301229A60002300E00133094A78
S31500008090526A12F0200F02D1074A9342F6D9064AD5
S315000080A0934203D80024CEE70724CCE70724CAE787
S315000080B000900050004009503F420F0000600950F8
S315000080C03254FFFF10B51B4B4FF000425A661A4A56
S315000080D002F5805301215960546C0C404AF6CD33A9
S315000080E0136443788B400B431449CB63936823F0A6
S315000080F07403827843EA0213C278C2B1042213439E
S315000081000D4A93600179837943EA0123136141792A
S31500008110C37943EA012353610078FFF768FF14B17E
S31500008120054B074A1A641FF0CBFA012010BD002246
S31500008130E5E700BF009000500040095000400050A5
S315000081403254FFFF00B583B06B46064A92E803003F
S3150000815083E803001846FFF7B5FF002003B05DF87B
S3150000816004FB00BF8080020038B504461FF0CBFA3E
S31500008170054DA446BCE80F000FC59CE8030085E842
S315000081800300002038BD00BF3818002008B503489A
S31500008190FFF7EAFF01201FF0D9FA08BD8880020028
S315000081A030B583B004461FF0D3FA08B103B030BD32
S315000081B0694620461FF0A9FA00B1FEE79DF8003097
S315000081C0134A92F824209342F0D00E2B06D1642550
S315000081D0104920461FF086FA28B1FEE7204618F01F
S315000081E0BBFA0546F4E7294620461FF090FA00B18F
S315000081F0FEE7074B93F82430042BD7D16946204677
S315000082001FF083FA9DF80020014B83F82420CDE768
S31500008210040800202808002008B5FFF7C1FF08BDA4
S3150000822008B518F001FD08BD08B500211FF0D3F907
S31500008230002008BD70B58CB005460E462C220021E4
S3150000824001A81EF08CF901238DF808304FF428722E
S31500008250ADF80A2002228DF80C208DF80D308DF82D
S315000082600E208DF80F3064230493B62205920693F0
S31500008270C02307930B238DF82C3001A9284618F04C
S31500008280F7FA044658B9B11F03291DD8DFE801F0F3
S31500008290020D1217284618F019FB0446B4B12846F9
S315000082A01FF09AFA20460CB070BD284618F014FB51
S315000082B00446F3E7284618F01BFB0446EEE728467B
S315000082C018F010FB0446E9E70124E8E708212846F0
S315000082D01FF081F9E6E708B531B18B1FDBB2032B3E
S315000082E005D8FFF7A7FF01E0FFF79EFF08BD0120B5
S315000082F0FCE700B587B00023019302930393049330
S3150000830005930B4B029302238DF80D3004228DF852
S315000083100E208DF8133005238DF814300DEB020175
S315000083204FF0FF301FF04BFA07B05DF804FB00BFBB
S31500008330006A180008B500214FF0FF301FF042FA1E
S3150000834008BD08B5044B1868002302221946806848
S3150000835015F062FD08BD00BFBC08002008B511F08D
S3150000836067FD08BD08B511F017FD08BD10B58AB048
S3150000837000230693079308930993274B06932749EF
S3150000838006A817F08BFF264BD86230B10023059361
S3150000839005A91FF001FA08B1FEE7FEE7204C214AC5
S315000083A00021E06A18F0C2F90621E06AFFF793FFA0
S315000083B000B1FEE71C491A4BD86A18F0E3F900B180
S315000083C0FEE713A3D3E90023CDE900234FF0FF32E4
S315000083D04FF0FF331249C86A1FF063F900B1FEE798
S315000083E0124BB3F83432ADF81030ADF80C3004A9A6
S315000083F00B4BD86A1FF03DF900B1FEE703A9084B05
S31500008400D86A1FF04CF900B1FEE70AB010BD00BFF4
S315000084100F16A1FF1F020000658300004D750000C6
S315000084200408002019820000070011006C7E02007B
S3150000843008B5FFF79BFF08BD08B5FFF7A7FEFFF7D6
S3150000844058FFFFF777FFFFF7F3FFFFF7E9FE08BDD9
S3150000845008B50AF075FE08BD08B50BF0C9F808BDE9
S31500008460034B93F85C340BB1024870470020704709
S31500008470081400205018002008B54FF0005340F2B1
S3150000848002221A804FF20F025A80FDF777FE08B5D6
S3150000849000239B6AB3F5C04F06D21B6BB3F5C04FE2
S315000084A005D29B68984701E04FF4817008BD4FF4F0
S315000084B08170FBE70346064A106B0344054A934264
S315000084C002D8034A136370474FF0FF30704700BF6E
S315000084D0040800200080002000487047C0EA2101FF
S315000084E008B5094B1B6F03F00703022B04D0032BBF
S315000084F005D0012B06D0FEE7FFF7EEFF03E0034BA6
S31500008500586B00E0024808BD0080005004080020B7
S31500008510002D310108B5FFF7E3FF054B1B6FC3F3D1
S3150000852003330133B0FBF3F0024BC3F8600408BD1C
S31500008530008000500814002008B5064B5863064B0F
S315000085401B6F03F00703032B00D008BDFFF7E2FF04
S31500008550FBE700BF040800200080005008B5124B5E
S3150000856093F8A4311BB9114B01225A6708BD0E4B73
S31500008570002283F8A4210E4B1A6F22F0070242F064
S3150000858001021A67D3F8202142F00302C3F8202122
S31500008590D3F8242122F0070242F00302C3F8242173
S315000085A0FFF7B8FFDFE700BF0814002000E0005027
S315000085B00080005038B505460C46FFF791FF05B11F
S315000085C028600CB10D23236038BD014B586B7047F2
S315000085D00408002038B505460C46174BD3F824018D
S315000085E000F00700062823D8DFE800F0040A121A74
S315000085F01E0E1600012305B1286004B1236038BDA4
S31500008600FFF76AFF0523F6E7FFF766FF0623F2E7A3
S31500008610FFF7DBFF0323EEE7FFF7D7FF0423EAE7C5
S31500008620FDF7EEFE0223E6E7FDF7E8FE0723E2E7A5
S3150000863000231846DFE700BF0080005038B5054626
S315000086400C46104BD3F8200100F00300032815D880
S31500008650DFE800F002080C10012305B1286004B120
S31500008660236038BDFFF738FF0523F6E7FFF7ADFFB8
S315000086700323F2E7FDF7C4FE0223EEE700231846C4
S31500008680EBE700BF0080005070B582B006460D468D
S31500008690002301930D4BD3F8804104F00304012C11
S315000086A009D0022C0DD000240EB1019B336005B118
S315000086B02C6002B070BD002101A8FFF7BFFF0F2498
S315000086C0F2E7FDF79DFE0190EEE700BF0080005047
S315000086D04FF4004070474FF47A7070474FF40040F3
S315000086E0704738B505460C460F4BD3F8000100F02D
S315000086F00300032815D8DFE800F002080C10012358
S3150000870005B1286004B1236038BDFFF75EFF03237F
S31500008710F6E7FFF7E3FF0823F2E7FDF76FFE07230F
S31500008720EEE700231846EBE70080005038B5054613
S315000087300C46104BD3F8400100F00300032815D86F
S31500008740DFE800F002080C10012305B1286004B12F
S31500008750236038BDFFF7BCFF0923F6E7FFF7BEFF2E
S315000087600823F2E7FFF7B7FF0B23EEE700231846CF
S31500008770EBE700BF0080005008B50B4BD3F8203262
S3150000878003F00303012B08D0022B09D008B1002304
S31500008790036021B100230B6001E0FFF74FFF08BD26
S315000087A0FFF7C4FFFBE700BF0080005030B583B081
S315000087B005460C46002301934FF0E0231B6913F096
S315000087C0040F0CD0FFF7A6FE01900C2300930DB109
S315000087D0019B2B600CB1009B236003B030BD694642
S315000087E001A8FFF7A3FFF2E738B505460C46104B84
S315000087F0D3F8600100F00300032815D8DFE800F085
S3150000880002080C10012305B1286004B1236038BDAD
S31500008810FFF75EFF0923F6E7FFF760FF0823F2E79D
S31500008820FFF759FF0B23EEE700231846EBE700BFDF
S315000088300080005038B505460C460F4BD3F8403241
S3150000884003F00303022B0ED0032B10D0012B06D00E
S315000088500023184605B1286004B1236038BDFFF730
S3150000886037FF0923F6E7FFF739FF0823F2E7FFF79B
S3150000887032FF0B23EEE700BF0080005038B50546F7
S315000088800C46134BD3F8000200F0070004281BD84F
S31500008890DFE800F003090D111500012305B128607A
S315000088A004B1236038BDFFF713FF0923F6E7FFF78E
S315000088B015FF0823F2E7FFF70EFF0B23EEE7FFF79E
S315000088C029FE800A0E23E9E700231846E6E700BFE3
S315000088D00080005010B582B0002301930093B0F5DC
S315000088E0807F00F2EF802028C0F0E7802038E02863
S315000088F000F2E580DFE810F02C011E012C011E01BC
S3150000890033013301330133011E011E0160014F01A2
S315000089103E016A014F011E011E011E01E300E30034
S31500008920E300E300E300E30046015B011E011E01D4
S315000089301E01F4006F011E01E300E300E300E30003
S31500008940E300E300E300E300E300E300E300E30009
S31500008950E3002C01E3002C012C012C013301E30080
S31500008960E300E300E300E300E300E300E300E300E9
S31500008970E300E300E300E3002C012C01E300E30045
S31500008980E300E300E300E300E300E300E300E300C9
S31500008990E300E300E300E300E300E300E300E300B9
S315000089A0E300E300E300E300E300E300E300E300A9
S315000089B0E300E300E300E3004B01E300E300E30030
S315000089C0E300E300E300E300E300E300E300E30089
S315000089D0E300E300E300E300E300E300E300E30079
S315000089E0E300E300E300E300E300E300E300E30069
S315000089F0E300E300E300E300E300E300E300E30059
S31500008A00E300E300E300E300E300E300E300E30048
S31500008A10E300E300E300E300E300E300E300E30038
S31500008A20E300E300E300E300E300E300E300E30028
S31500008A30E300E300E300E300E300E300E300E30018
S31500008A40E300E300E300E300E300E300E300E30008
S31500008A50E300E300E300E300E300E300E300E300F8
S31500008A60E300E300E300E300E300E300E300E300E8
S31500008A70E300E300E300E300E300E300E300E300D8
S31500008A80E300E300E300E300E300E300E300E300C8
S31500008A90E300E300E300E300E300E300E300E300B8
S31500008AA0E300E300E300E300E300E300E300E300A8
S31500008AB0E300E300E300E3006501002848D00198E5
S31500008AC002B010BDB0F5906F71D00ED9B0F5D06F71
S31500008AD07CD049D9B0F5E06F7DD0B0F5F06FEED11E
S31500008AE0002101A8FFF780FEE9E7B0F5407F52D0EC
S31500008AF00FD9B0F5607F2FD100216846FFF75AFDE8
S31500008B00009C4FF46070FDF76BFDB4FBF0F401942C
S31500008B10D5E7B0F5007F0AD1FFF7E2FC04464FF433
S31500008B200070FDF75DFDB4FBF0F40194C7E7B0F506
S31500008B30207F0AD1FFF7EEFC04464FF42070FDF7C4
S31500008B404FFDB4FBF0F40194B9E7B0F5C07FB6D1A0
S31500008B50FFF7E0FC0190B2E7B0F5806FAFD10021DE
S31500008B6001A8FFF76BFDAAE7B0F5B06F24D0B0F50A
S31500008B70C06F04D1002101A8FFF7D8FD9FE7B0F52B
S31500008B80A06F9CD1002101A8FFF7F6FD97E7FFF73C
S31500008B90A7FC019093E7FFF7BDFC04464FF4207055
S31500008BA0FDF71EFDB4FBF0F46408019487E700218D
S31500008BB001A8FFF70FFD82E7002101A8FFF764FD7A
S31500008BC07DE7002101A8FFF7F1FD78E7002101A864
S31500008BD0FFF754FE73E7002101A8FFF72BFE6EE7AF
S31500008BE008B58020FFF776FE034B984203D8034B67
S31500008BF04FF480321A6708BD005A620200A0005086
S31500008C0008B54FF4C070FFF765FE054B984205D9CD
S31500008C1002214FF4207000F005F808BD0121F8E7A5
S31500008C2080F0FA02B0F5207F48D02DD8B0F5007F4D
S31500008C3039D04CD810B1B0F5C07F24D110B54C1E38
S31500008C40FDF759FD00F048F8FDF70AFD204A136FBD
S31500008C5023F4704343EA04331367FFF75BFC1D4BB1
S31500008C60D3F8843013F0100FF9D11A4BD3F88410CF
S31500008C70C1F38111C1F10201FDF732FDFFF7C0FF1B
S31500008C80FFF7AEFF10BD7047B0F5607F0AD101391E
S31500008C900F4AD2F8803023F0300343EA0113C2F8BA
S31500008CA08030704770470139094AD2F8903023F076
S31500008CB0F85343EA0163C2F8903070470139044A19
S31500008CC0136F23F4806343EA812313677047704769
S31500008CD0008000500040005008B502214FF420707B
S31500008CE0FFF7A0FF08BD38B5044615460846F1B1A2
S31500008CF06368A36803F0E003402B23D01DD9602BE3
S31500008D0024D0802B12D10123400105FB03F3B0FBD5
S31500008D10F3F020380E4A02EAC002E36C13F0010FAA
S31500008D20FBD1A262E36C13F0010FFBD138BD2046E4
S31500008D30FDF775FDFFF7CEFDDAE72BB1202BF5D158
S31500008D400823E1E70623DFE71023DDE70423DBE75B
S31500008D50F8FF7F0070B504460D461646436823B1FA
S31500008D60E36CC3F30A03002BFAD12046FDF77FFD1F
S31500008D70236923F44C5323F003036A7B1343EA89E4
S31500008D8013432A8A13432361A36823F0804323F005
S31500008D90E2032A7B13432A7E13436A691343A360C3
S31500008DA0AB681BB9A36843F00043A360EA69002AD5
S31500008DB05FD0A168474B0B40117A43EA8153917A01
S31500008DC043EA4143918801F4C0410B43517843EA99
S31500008DD08103517B43EAC103917B43EA01139278F5
S31500008DE043EA8223A360E36823F4D81323F4C06321
S31500008DF0EA6911690B4351690B43917943EA81236F
S31500008E00D27943EA4223E360EB691B78012B01D058
S31500008E10032B03D1E36843F00403E360EB691B789B
S31500008E20023BDBB2012B3CD92B4B0122C3F8C020FD
S31500008E30EB695A7A04F580531A62EB695B7A1BB1C7
S31500008E40E36843F40063E360EB69DB7A53B1E368FC
S31500008E5043F40043E360EB691B7B03F00F031F4AF7
S31500008E60C2F88030E36923F00303EA69D27B134337
S31500008E70E36136B196F82030C3B104F58053012280
S31500008E809A6105212046FDF70BFDAA68EAB9297803
S31500008E902046FDF705FD236CDB4313F4405FFAD152
S31500008EA070BD0F4B0122C3F8C020C1E7636923F0F0
S31500008EB0090396F82220134396F82120134343F022
S31500008EC0010304F580525361DBE769682046FFF72A
S31500008ED00AFFDCE7E39BBDFF00E40350009003506C
S31500008EE000D4035008B500231A46FFF733FF08BD28
S31500008EF008B500231A46FFF72DFF08BD08B50B4637
S31500008F0069B103F5742303F23F230E4AA2FB032043
S31500008F10800C01387F2828BF7F20C0B208BD2A20D8
S31500008F20FFF7D8FC034650B1074A9042E9D9074AF1
S31500008F309268C2F302720132B0FBF2F3E1E7012359
S31500008F40DFE700BF83DE1B43005A62020040005A7F
S31500008F5038B5054614460B4631B1013B6400B3FBF8
S31500008F60F4F31B02EB6138BD4FF42070FFF7B2FC3F
S31500008F700346F2E738B505460C46FDF7C7FE05F58C
S31500008F80805301225A60AA68238A43F00103A17B19
S31500008F90002934D04FF480610B431343AB60AB68B8
S31500008FA0227D002A2DD04FF000521343AB60A37CE4
S31500008FB04BBB237B43F48053EB60A2686168284671
S31500008FC0FFF7C6FF637B0BB110236B61637D1BB19B
S31500008FD0AB6843F48033AB60A37D1BB1AB6843F44D
S31500008FE00043AB60E37D1B0703F0E043227E1205DE
S31500008FF002F4E0021343AB6523786B6138BD0021B0
S31500009000CAE70022D1E7E17C2846FDF765FED0E7F6
S3150000901008B53E20FFF75EFC08BD08B50A464118B4
S315000090200139FEF75DF808BD430907D0012B0FD0C3
S31500009030022B01D0094A02E0094A00E0002200F0B2
S315000090401F0039B102F58052012383401360704737
S31500009050044AF4E702F50052F6E700BF60820050CA
S31500009060688000506480005008B501213A20FFF75F
S31500009070DBFF08BD08B501213A20FFF7D5FF08BD83
S3150000908010B50C4B4FF40012C3F88020BFF34F8F7E
S31500009090BFF36F8F084B00245C65FF229A625C6009
S315000090A021462020FFF7C0FF21462120FFF7BCFF05
S315000090B010BD00BF00E100E00000045010B50446FA
S315000090C001212020FFF7B0FF01212120FFF7ACFF8F
S315000090D0114B01225A60227812069A606178A278B2
S315000090E042EA01429A61FF229A6200229A631A6456
S315000090F04FF000425A6503F500534FF0FF321A65F0
S31500009100064A4FF40011C2F88011E3781B01DBB266
S3150000911082F81533116010BD0000045000E100E034
S3150000912010B584B0214B03F50E7292E8030002904D
S31500009130ADF80C1003F5107393E8030000908DF85A
S31500009140041001213E20FFF76FFF00248DF8084030
S315000091508DF80C4002A8FDF75DFD8DF800406946CC
S315000091600120FDF7F7FC4FF0B0439A6922F47F72B5
S3150000917022F003029A6103F5005340F2FF325A616E
S315000091804FF0B0439B6A13F0080FF9D14FF0B0438C
S3150000919000221A620120FDF7F9FC054B4FF48052BC
S315000091A0C3F880211A6004B010BD00BF6C7E0200B7
S315000091B000E100E000B583B000230193B0F5807FA5
S315000091C07CD00FD9B0F5D06F7DD039D9B0F5006F0E
S315000091D04BD04FD9B0F5086F67D101A90020FFF732
S315000091E080FA62E052281ED824285ED324382E281E
S315000091F05BD8DFE800F05E5E5E5E5A5A565A2F680C
S315000092005A5A5A5A5A5A5A5A5A5A6D5A5A5A5A45BA
S31500009210725A5A5A5A5A5A5A5A5A5A5A5A5A5A5A90
S315000092205A5A5A5A5E0080283FD12E4B1B6F03F0C4
S315000092300703013B032B38D8DFE803F030272A2D3C
S31500009240B0F5A06F44D00AD9B0F5B06F29D0B0F50B
S31500009250C06F2AD101A90020FFF768FA25E0B0F512
S31500009260806F26D0B0F5906F1FD101A90020FFF7BF
S31500009270B1F91AE0B0F5E06F2FD0B0F5F06F14D168
S3150000928001A90020FFF7B0FA0FE0052301930CE0D7
S315000092900323019309E00723019306E002230193C8
S315000092A003E001A90020FFF7EFF9019803B05DF88C
S315000092B004FB01A90020FFF7C1F9F6E701A9002088
S315000092C0FFF774FAF1E701A90020FFF7D7FAECE7F8
S315000092D001A90020FFF750FAE7E701A90020FFF7F0
S315000092E0A9FAE2E70080005010B504468020FFF797
S315000092F061FF032800F09E804F4B4FF400225A6610
S3150000930003F5405345F60E02C3F8802003F580525C
S315000093100221916203F5005301229A62474B9B6D2D
S3150000932013F4803FFAD1226863681B0543EA02639F
S31500009330227B43EA0243627B43EA0233A27B43EA8F
S315000093408213E27B13433D4A1361936903F00043A2
S31500009350216943EA8163616943EA0163217E43EA45
S315000093600143617E43EA0123A17E0B439361136AA5
S3150000937023F00D03E269002A43D111460B43E17E37
S3150000938043EA81031A432D4B1A62E369002B3AD153
S315000093902A4A936A23F0330394F8201043EA4113D0
S315000093A094F8211043EA011343F001039362234B1F
S315000093B09A6D234B9343FAD1204B03F58051022239
S315000093C08A621A651D4B9B6D13F0804FFAD11B4BB9
S315000093D01A6922F47002A16842EA01521A6103F581
S315000093E080534FF000429A6194F8223013B9154B1E
S315000093F002229A6294F82330ABB9124B01229A6288
S3150000940011E00821BAE70D4A936A23F0330394F872
S31500009410201043EA411394F8221043EA410394F8DA
S3150000942023100B43936294F824301BB1034B064A76
S31500009430C3F8802010BD00BF0090005000C000504F
S315000094400300014000E00050F1A7FFFFA0B9274B41
S315000094500022C3F86424264B4FF400325A6603F503
S3150000946098335B68012B00D07047224BD3F800215C
S315000094701E4BC3F8642470471C4BD3F86434002B8E
S31500009480F2D01D4A5268012AEED010B5194AC2F828
S3150000949000318020FFF78EFE052803D0174B0122EE
S315000094A05A6010BD4FF4C070FDF79AF804460128C3
S315000094B015D0114B03F500520721116103F58053B6
S315000094C001225A600C4B1B6913F0010FFAD0012CD4
S315000094D0E7D101214FF4C070FFF7A4FBE1E70221B9
S315000094E04FF4C070FFF79EFBE3E700BF08140020AF
S315000094F0009000500080005000C0015000D0015084
S3150000950008B50020FFF7A2FF08BD08B50849D1F845
S31500009510203103F00303074AC2F86834D1F8243136
S3150000952003F00703C2F86C34FFF7EAFF08BD00BF7B
S31500009530008000500814002008B50120FFF786FFC0
S3150000954008BD08B5FFF7F8FF114B1A6F22F00702A6
S315000095501049D1F8700402431A67D3F8202122F08B
S315000095600302D1F868040243C3F82021D3F824216A
S3150000957022F00702D1F86C040243C3F8242191F8C3
S31500009580A53113B1044B01229A62FEF7C3FF08BD51
S31500009590008000500814002000E00050014B83F8C2
S315000095A07404704708140020014B93F97404704743
S315000095B00814002010B58AB0EC461B4C0FCCACE862
S315000095C00F000FCCACE80F0094E803008CE8030012
S315000095D0164BD3F84C3113F4002F07D0144B1C88CC
S315000095E04FF6FF739C4205D18D2403E00F4BD3F851
S315000095F05041E4B28DF81940FFF7D6FF241803D482
S31500009600FF2C02DDFF2400E000248DF818400948F5
S31500009610FEF792FF6846FFF767FE3220FDF71AF85D
S3150000962000200AB010BD00BFB48002000080E00F29
S315000096300001E00F00F04902EFF3108072B67047A8
S3150000964008B5FFF7F9FF024BC3F8780408BD00BF61
S315000096500814002000B962B6704708B5024BD3F86B
S315000096607804FFF7F7FF08BD0814002070B505461B
S315000096700E461446FFF7E0FF2B685C4034405C4022
S315000096802C60FFF7E7FF70BDF8B5254B9E6AFF28F3
S3150000969043D805469B6D13F4803F02D0214B01222F
S315000096A09A621F4B03F58052022191629B6D13F45F
S315000096B0803F04D01A4B9B6D13F0020FFAD0194B62
S315000096C002221A65164B9C6D14F08044FAD1FFF7FE
S315000096D06BFF401903D4FF2802DDFF2000E00020C5
S315000096E00F4FBB6923F47F0323F47F4343EA004310
S315000096F02D02ADB22B43BB61324602210A48FFF769
S31500009700B5FFB86D10F4803000D1F8BD32460121A6
S315000097100548FFF7ABFF2046F7E72120F5E700BF36
S3150000972000C0005000D0005028C0005070B51A4B41
S315000097309E6A9B6D13F4803F02D0184B01229A62F9
S31500009740154B03F58052022191629B6D13F4803F05
S3150000975004D0114B9B6D13F0020FFAD00F4B02226F
S315000097601A650D4B9B6D13F0804FFAD10A4DAC690B
S31500009770C4F30724324602210948FFF777FFAB6D91
S3150000978013F4803F01D1204670BD324601210448C2
S31500009790FFF76CFFF7E700BF00C0005000D0005095
S315000097A028C0005008B51A4B9A6A03F58053012168
S315000097B09962174B9B6D03F00303032BF9D1154BED
S315000097C0022199621965124B9B6D13F0804FFAD1F5
S315000097D00F4B996D104B8B43FAD10E4B0121196536
S315000097E00B4B9B6D13F0020FFAD1094B9B6D13F0D7
S315000097F0020FFAD0074B02211965054B9B6D13F03A
S31500009800020FFAD003210548FFF730FF08BD00BF5D
S3150000981000C0005000D000500300010028C00050D6
S3150000982038B504461D4BD3F8843013F0100FF9D128
S315000098301A4BD3F88430C3F381139C4228D0FEF729
S315000098404FFE0546012C0DD0FFF7F6FE134A02F532
S3150000985000534FF000715966611E4FF480638B40D0
S31500009860136706E00121FCF73BFFEDE70B4BD3F84E
S3150000987084300A4B5B6E13F0007F05D1074BD3F89B
S31500009880843013F0200FF1D0FFF7E4FE022C00D055
S3150000989038BD00212846FCF723FFF9E700400050B9
S315000098A008B501210220FFF7BBFFFCF724FFFFF7F5
S315000098B013FAFCF7D5FE08BD10B50C46034658B1A1
S315000098C00A4A92F87C2412B1094A934208D92146E1
S315000098D00220FFF7A5FF10BDFEF702FE0346EFE7E5
S315000098E021460120FFF79CFFF5E700BF0814002082
S315000098F0005A620208B5FEF70DFE0C4BD3F8843011
S3150000990013F0100FF9D1094BD3F88410C1F381116C
S31500009910C1F10201FCF7E4FE01210020FFF7CCFFB4
S31500009920FFF76EF9FFF75CF908BD00BF0040005075
S3150000993008B5FCF783FEFFF7B3FF224A136F23F047
S31500009940070343F003031367FFF7D4FF1E4B9B6A1D
S3150000995013F0020F02D11D4B01229A62194BD3F864
S31500009960202122F0030242F00202C3F82021D3F89C
S31500009970242122F0070242F00202C3F82421D3F880
S31500009980402122F0030242F00102C3F84021D3F83D
S31500009990602122F0030242F00102C3F86021D3F8ED
S315000099A0402222F0030242F00102C3F84022D3F81B
S315000099B0002222F0070242F00102C3F80022002032
S315000099C008BD00BF0080005000C0005000E00050FD
S315000099D070B50C46B0F5807F00F0258121D9B0F531
S315000099E0D06F00F0A38161D9B0F5006F00F08580DB
S315000099F040F28F80B0F5086F40F0FC80072900F038
S31500009A00B281082900F0B181032900F0AA81002162
S31500009A109E4AD2F8003123F003030B43C2F800310B
S31500009A20E8E0522837D82428C0F0E48024382E28CD
S31500009A3000F2E080DFE810F0E100E100E100E10083
S31500009A40DE00DE00D100DE0047007A01DE00DE0027
S31500009A50DE00DE00DE00DE00DE00DE00DE00DE0010
S31500009A609B01DE00DE00DE00DE007400AD01DE00DC
S31500009A70DE00DE00DE00DE00DE00DE00DE00DE00F0
S31500009A80DE00DE00DE00DE00DE00DE00DE00DE00E0
S31500009A90DE00DE00E100802840F0AC808B1E052B46
S31500009AA051D8DFE803F0948250975091B0F5A06F3B
S31500009AB000F05D811AD9B0F5B06F00F08E80B0F578
S31500009AC0C06F40F097800A2C00F20681092C80F0C6
S31500009AD00781082C40F0068102226C49D1F84031FA
S31500009AE023F003031343C1F8403183E0B0F5806FE0
S31500009AF000F08380B0F5906F7CD1023C052C00F21B
S31500009B00FF80DFE814F00101FF00070109010501EC
S31500009B100301B0F5E06F00F03C81B0F5F06F69D15C
S31500009B200A2C00F2E380092C80F0E480082C40F037
S31500009B30E38002225549D1F8603123F00303134331
S31500009B40C1F8603156E000252E4601210220FFF7BC
S31500009B5067FEFCF7D0FDFFF7BFF8FCF781FD4B4A27
S31500009B60136F23F0070333431367FEF7D3FC484B09
S31500009B70D3F8843013F0100FF9D1454BD3F8841085
S31500009B80C1F38111C1F10201FCF7AAFD01210020F8
S31500009B90FFF792FEFFF734F8FFF722F855BB032CC8
S31500009BA028D13C4B01229A6224E03B4B4FF4002221
S31500009BB05A6603F540539D6AC5F3400503F5805385
S31500009BC001229A620E46C0E700250426BDE700255D
S31500009BD00126BAE700250226B7E7022C02D00F2C91
S31500009BE009D10124294AD2F8803123F00303234303
S31500009BF0C2F8803170BD0024F4E7032C0FD0052C89
S31500009C000FD0022C09D00021204AD2F8203123F0AF
S31500009C1003030B43C2F82031ECE70321F4E70221EA
S31500009C20F2E70121F0E7A1F10804082CE2D801A32C
S31500009C3053F824F0599C0000599C0000F59B000045
S31500009C40599C0000A59C0000F59B0000F59B0000B8
S31500009C50F59B0000599C00000C4B596E03F5805390
S31500009C604FF480325A660D4A136A43F001031362B9
S31500009C7011F4803F03D10A4B4FF480325A664FF0FD
S31500009C80E022136923F004031361B3E70080005058
S31500009C900040005000E000500090005000C0075007
S31500009CA000A00050484B596E03F580534FF48032A4
S31500009CB05A66464A136A23F00103136211F4803F81
S31500009CC003D1434B4FF480325A664FF0E0221369BA
S31500009CD043F0040313618DE70B2C05D10322FCE648
S31500009CE00122FAE60022F8E60022F6E60B2C05D160
S31500009CF003221FE701221DE700221BE7002219E7C6
S31500009D0000210AE0022108E0032106E0042104E024
S31500009D10052102E0062100E001212B4AD2F8243178
S31500009D2023F007030B43C2F8243163E7083C062CF3
S31500009D3005D8DFE804F0060C0C0804040A0000212C
S31500009D4006E0022104E0032102E0042100E00121F3
S31500009D501D4AD2F8003223F007030B43C2F8003243
S31500009D6048E7012154E6032152E6022150E60F2C72
S31500009D700BD0102C0BD10221134AD2F8203223F03B
S31500009D8003030B43C2F8203234E70121F4E7002134
S31500009D90F2E70A2C0DD8092C0FD2082C0FD102227B
S31500009DA00949D1F8403223F003031343C1F8403286
S31500009DB020E70B2C05D10322F2E70122F0E700226F
S31500009DC0EEE70022ECE700BF0080005000C007501D
S31500009DD000A0005008B50278034B83F87C240121CB
S31500009DE00020FFF769FD08BD0814002010B582B0F9
S31500009DF000248DF8044001A8FFF7ECFF2046FDF78C
S31500009E0052FA504B1A6F02F007024F49C1F87024FC
S31500009E10D3F8000100F00300C1F8800403F5805375
S31500009E204FF4002058664FF40030586603F5983317
S31500009E309B69C3F3400381F88434032A1FD0414B46
S31500009E40D3F8203103F00303022B16D000233E4C37
S31500009E5084F8A5313B4AD2F8242102F00702022AEF
S31500009E6008BF43F0010384F8A5314FF4C870FDF72D
S31500009E70BBF9C4F8A80100230FE00123E7E701239B
S31500009E80E5E7314A02EB8301C1F88804D2F8B01441
S31500009E900144C2F8B0140133DBB2092BF1D92A4BC5
S31500009EA093F884347BB1284A92F8A5215AB92549FA
S31500009EB0D1F8001101F00301012908BF42F00102A7
S31500009EC0214981F8A52153B11E4BD3F8003103F087
S31500009ED00303022B2ED0032B30D0012B0AD01F20D8
S31500009EE0FDF782F9184AD2F8A0310344C2F8A0312E
S31500009EF002B010BDFEF769FB0246002AEFD0134BF5
S31500009F00DB68C3F30B03013303EB83031049A3FBA5
S31500009F100131501E18184FF0000341F100011CF0EA
S31500009F2001F9FDF761F9084AD2F8A0310344C2F8F5
S31500009F30A031D4E7FEF7D2FB0246DEE7FCF75EFA75
S31500009F400246DAE7008000500814002000C00150E5
S31500009F5040420F0070B505460E461446FFF76CFBEF
S31500009F602B685C4034405C402C60FFF773FB70BD8F
S31500009F7070B505460E461446FFF75EFB2B685C403F
S31500009F8034405C402C60FFF765FB70BD02B970473A
S31500009F90F8B504460E46174603F00305836823F416
S31500009FA0407340F8083F2A024FF44071FFF7E0FF84
S31500009FB02EB9134B9C4219D0124B9C421BD0A3685E
S31500009FC0114B2B4493F8702207FB02F26AB1A6EB01
S31500009FD0C7031344013BB3FBF2F3013BA26812F043
S31500009FE0020F01D003B90123A361F8BD2E20FEF7AD
S31500009FF071FC0646E3E72F20FEF76CFC0646DEE71B
S3150000A0000000015A008006506C7E020010B5FFF772
S3150000A01013FB034BD3F8B444FFF71CFB204610BDDB
S3150000A0200814002070B50C461546034630B15E682C
S3150000A0304EB12A4621461868B04770BDFFF7E6FFC5
S3150000A04003460028F3D12320F7E72DE9F04182B03B
S3150000A0500E4617461C46054670B18CB195B1D5F82B
S3150000A0600880B8F1000F0FD023463A4631462868DB
S3150000A070C04702B0BDE8F081FFF7C8FF0546ECE730
S3150000A08001ACEBE72320F4E72320F2E710B5044602
S3150000A090FFF7D2FA236C1A6C12F0800F0BD003F57F
S3150000A0A0805304225A64236C03F5805304229A6475
S3150000A0B0FFF7D0FA10BD03F5005304225A64F2E705
S3150000A0C038B5FFF7B9FA0546094B93F8B834012BB2
S3150000A0D00AD9FDF782F80446FDF726F90444284616
S3150000A0E0FFF7B8FA204638BDFFF7B4FA0024F9E7BF
S3150000A0F00814002070B50446FFF79EFA0646FDF7E1
S3150000A10069F90546FDF78EF94FF0B0435B6913F028
S3150000A110400F04D1431B032B01D885420DD1631B8D
S3150000A120022B00D8EC1CB4F1FF3F38BF013C4FF0C6
S3150000A130B0431C640220FDF779F93046FFF78AFA2E
S3150000A140064B5B7943B14FF0B042D36B43F0020349
S3150000A150D363024B00225A7170BD00BF0408002071
S3150000A16010B50C4BD3F8AC315B6963B1094AD2F830
S3150000A170B4411C440220FDF759F92046FFF7BAFF07
S3150000A180FDF70EF910BD0220FDF750F90220FDF78C
S3150000A1907BF9F5E708140020EFF31180302383F3F1
S3150000A1A0118870475A4B93F8DC31002B7BD130B5C0
S3150000A1B083B00446002301930093002871D0544DC8
S3150000A1C0012385F8DC31FFF7E7FFC5F8BC0418F07A
S3150000A1D0BBFE95F8C034002B6AD04E4A536E6361BD
S3150000A1E0936EA36102F580524FF40043936603F128
S3150000A1F088435968E16148499960196E2160596E32
S3150000A2006160D3F87011A160196CE160596C21612D
S3150000A2104249086C1864496C5964012151664FF42F
S3150000A220005191661B6E13F4804F53D03C4BDB6894
S3150000A23013F0010FFAD13B4B5B6E13F4804F4FD0F6
S3150000A240394BDB6B13F0430FFAD1FBF7E6FF374BC5
S3150000A25004221A664FF480621A66FCF731F8B0F1F0
S3150000A260FF3F43D1314C102323664FF4005323663E
S3150000A2704FF0804323664FF480436366694601A826
S3150000A280FBF7ACFF019B2366009B6366204B93F8AC
S3150000A290C03433B11E4AD2F8C4142166D2F8C82499
S3150000A2A0626603B030BD1A4B022283F8DC21704788
S3150000A2B0FDF782FC002890D1082305F2C4421C4910
S3150000A2C005F5F07015F0DCFC002886D1012285F832
S3150000A2D0C02482E7174BDB6813F0010FFAD1AAE717
S3150000A2E0154BDB6B13F0430FFAD1AEE7FBF7E8FF34
S3150000A2F040F201139842B5D00C4B4FF480421A66D7
S3150000A3004FF400421A661022C3F87021AAE700BF74
S3150000A310081400200080005055CEAC0000C0005448
S3150000A32000000440008000440000024C00900044FD
S3150000A33000710800000004500000025C80F31188E0
S3150000A3407047284B93F8DC31012B04D0254B0122B2
S3150000A35083F8DC21704710B50446002831D0FBF79E
S3150000A360AFFFB0F1FF3F2DD11F4B4FF400529A665D
S3150000A3701E4BDB6B13F0430FFAD122681C4B1A6697
S3150000A38062685A66A268C3F87021E2681A64226994
S3150000A3905A64E36913F0010F02D0154B00229A604C
S3150000A3A0FBF76CFF6269134B5A66A2699A6618F04E
S3150000A3B0D3FD0C4CD4F8BC04FFF7C0FF002384F88F
S3150000A3C0DC3110BDFBF77CFF40F201139842CBD085
S3150000A3D0054B01225A66084BDB6813F0010FFAD1D0
S3150000A3E0C2E700BF08140020009000400000024CA5
S3150000A3F000800044008000500000044038B500236F
S3150000A4009B6AB3F5C04F2AD21A68184B9A422AD1D2
S3150000A410174B1B781BB1022B01D0002421E0154DF0
S3150000A4202846FFF7BFFE14490820C1F88001134BE8
S3150000A43003F500544FF48032E260086003F5805360
S3150000A4401A6100239B6ADB69984704462846FFF792
S3150000A45078FF34B9A5F2CC4301221A7001E04FF41B
S3150000A4608174204638BD4FF48174FAE707B0CD5E9B
S3150000A47008140020D418002000E100E00080004409
S3150000A48010B500239B6AB3F5C04F28D21A68174B44
S3150000A4909A4228D1164B1B78012B01D0002420E0CC
S3150000A4A01448FFF77FFE144B4FF48032DA601A61CE
S3150000A4B0124B0822C3F88021C3F88020BFF34F8FC8
S3150000A4C0BFF36F8F00239B6A1B6A9847044610B937
S3150000A4D0074B02221A700748FFF733FF01E04FF4DB
S3150000A4E08174204610BD4FF48174FAE707B0CD5E43
S3150000A4F008140020D418002000A0004400E100E069
S3150000A50038B500239B6AB3F5C04F11D204461B6BC6
S3150000A510B3F5C04F0CD2074D2846FFF743FE002384
S3150000A5209B6A1B6B5B68204698472846FFF709FF26
S3150000A53038BD00BFF41800202DE9F843044600207A
S3150000A540806AB0F5C04F1AD20F4616461D46036BF9
S3150000A550B3F5C04F18D2DFF838804046FFF722FE29
S3150000A56000239B6A1B6BD3F810902B463246394664
S3150000A5702046C84704464046FFF7E3FE01E04FF495
S3150000A58081742046BDE8F8834FF48174F9E700BF73
S3150000A590F418002038B500239B6AB3F5C04F13D2D8
S3150000A5A004461B6BB3F5C04F12D20B4D2846FFF77E
S3150000A5B0F9FD00239B6A1B6B5B692046984704469E
S3150000A5C02846FFF7BEFE01E04FF48174204638BDF1
S3150000A5D04FF48174FAE700BFF4180020F8B50023A1
S3150000A5E09B6AB3F5C04F15D206460D4614461B6B43
S3150000A5F0A3B10C4F3846FFF7D5FD00239B6A1B6BB2
S3150000A6005B6A224629463046984704463846FFF795
S3150000A61098FE01E04FF401742046F8BD4FF4017432
S3150000A620FAE700BFF418002070B500239B6AB3F563
S3150000A630C04F15D205460C461B6BB3F5C04F13D25F
S3150000A6400B4E3046FFF7AEFD00239B6A1B6B9B6AE1
S3150000A65021462846984704463046FFF772FE01E039
S3150000A6604FF40174204670BD4FF40174FAE700BF41
S3150000A670F418002030B5ADF50F7D00239B6AB3F5C5
S3150000A680C04F15D20C464FF40E726946FFF7A6FF6F
S3150000A690054678B921466846FFF7C6FF40F2012312
S3150000A6A09842F7D040F20323984203D0054601E0D2
S3150000A6B04FF4017528460DF50F7D30BDF8B5002322
S3150000A6C09B6AB3F5C04F17D206460D4614461B6B60
S3150000A6D0B3F5C04F14D20C4F3846FFF763FD002385
S3150000A6E09B6A1B6B5B6B224629463046984704469D
S3150000A6F03846FFF726FE01E040F201142046F8BD79
S3150000A70040F20114FAE700BFF4180020F8B5002360
S3150000A7109B6AB3F5C04F17D206460D4614461B6B0F
S3150000A720B3F5C04F14D20C4F3846FFF73BFD00235C
S3150000A7309B6A1B6B9B6B224629463046984704460C
S3150000A7403846FFF7FEFD01E040F201142046F8BD51
S3150000A75040F20114FAE700BFF418002070B5002398
S3150000A7609B6AB3F5C04F15D205460C461B6BB3F575
S3150000A770C04F13D20B4E3046FFF714FD00239B6AE1
S3150000A7801B6BDB6B21462846984704463046FFF78D
S3150000A790D8FD01E040F20114204670BD40F20114DC
S3150000A7A0FAE700BFF4180020124B5B78F3B110B53E
S3150000A7B00446E8B1FFF7F0FC0023072B12D80D4A38
S3150000A7C002EB0312127C0AB10133F6E72360094A51
S3150000A7D002EB031301221A7400245C60FFF7AEFD3E
S3150000A7E0204602E0FFF7AAFD034810BD0348704764
S3150000A7F00348FAE708140020048000F0028000F005
S3150000A800018000F038B5FFF7C7FC04460023072B8C
S3150000A81006DC0C4A02EB0312127C12B90133F6E78E
S3150000A820002222B12046FFF789FD074838BDFEF712
S3150000A83027FC0025034B5D702046FFF77FFD284669
S3150000A840F4E700BF08140020058000F00F4B5B788A
S3150000A850BBB110B50446072815D8FFF79DFC0B4B76
S3150000A86003EB04131B7C1BB9FFF768FD08480BE0DC
S3150000A870064B03EB041300241C74FFF75FFD204610
S3150000A88002E004487047044810BD00BF08140020C9
S3150000A890068000F0028000F0018000F000B583B071
S3150000A8A0144BD3F87432019300238DF80430FFF76C
S3150000A8B073FC114B5B7833B90F4B01225A70FFF7CB
S3150000A8C03DFD002309E0FFF739FD0C480EE00A4A7A
S3150000A8D002EB0312002111740133072BF7DD082365
S3150000A8E08DF8073001A8FEF7E9FB002003B05DF8FC
S3150000A8F004FB00BF6C7E020008140020038000F0F9
S3150000A900F8B505460F461646FFF746FC05F0FC0C63
S3150000A910114BD3F824140023032B0BD85C1904F035
S3150000A9200304644421FA04F212F0010F03D0013348
S3150000A930DBB2F1E7FF24FF2C09D0084B03EB04132D
S3150000A940C3F83472C3F83862012283F83C22FFF759
S3150000A950F5FC2046F8BD00BF00C0035008140020D7
S3150000A960B0B110B50446A9B1B2B1B2F5006F15DCAD
S3150000A970FFF712FC94F84C3033B9012384F84C30BD
S3150000A980FFF7DCFC002010BDFFF7D8FC0448FAE70F
S3150000A990044870470448F6E70348F4E70248F2E73C
S3150000A9A0032000F0012000F0022000F010B5C0B234
S3150000A9B001248440FFF7F0FB044B5A6D22EA04029F
S3150000A9C05A659C62FFF7BAFC10BD00BF0000045038
S3150000A9D008B50A4B5B7853B107280AD8074B03EB37
S3150000A9E000131B7C3BB1FFF7E1FF002008BD0448C4
S3150000A9F0FCE70448FAE70448F8E700BF081400201B
S3150000AA00028000F0018000F0078000F038B5FFF703
S3150000AA10C3FB0546154B93F80C35EBB9134CC4F83C
S3150000AA20AC31C4F8B431A4F80E35FEF779FB012039
S3150000AA30FCF7FCFCFEF7ECFA0246C4F8100580B100
S3150000AA4000230B4840F2E7311BF06CFB074BC3F8C1
S3150000AA501405012283F80C252846FFF76FFC002019
S3150000AA6038BD2846FFF76AFC2320F9E708140020C2
S3150000AA7018FCFFFFC0B138B50C460546B1B100233E
S3150000AA800B70FFF789FB0A4BD3F8AC3101E00122CA
S3150000AA9022702BB122781AB9AB42F8D09B68F8E73E
S3150000AAA0FFF74CFC002038BD222070472220FAE731
S3150000AAB008140020F8B504460F46FFF76DFB06465E
S3150000AAC0144BD3F8AC31002508E0FCF783FC114B9E
S3150000AAD0D3F8B4311B1A2B4411E09B68ABB15A6909
S3150000AAE01544DA88A24201D0FF2CF6D1FCF772FC9D
S3150000AAF0084BD3F8B431C01AA842E6D300233B6012
S3150000AB003046FFF71BFC0020F8BD3046FFF716FC69
S3150000AB101B20F9E70814002010B5FFF73DFB034B97
S3150000AB2093F81845FFF70AFC204610BD08140020CC
S3150000AB3010B5FEF781FD064B93F81945002283F800
S3150000AB401925FEF787FDFFF7E7FF2043C0B210BDCA
S3150000AB500814002038B5FFF7EBFF0446FCF7DCFCD1
S3150000AB6004280BD002280BD000250FF077F9042813
S3150000AB700BD0022807D04DB1002407E00125F4E7E9
S3150000AB8000250124F1E70124F5E70024204638BD1D
S3150000AB90034AD36E23F0300301790B43D366704723
S3150000ABA00040005010B582B0074A536F43F00103CE
S3150000ABB05367002400948DF804406846FFF7E8FFC9
S3150000ABC0204602B010BD00BF0040005070B5174BC4
S3150000ABD0DC6E24F0030444F00204DD6E45F0030548
S3150000ABE04AF6E8521A66FEF727FD0646FEF758FEB5
S3150000ABF00F4A136F23F0070343F001031367FEF7B1
S3150000AC0079FE0020FDF7F3F9002303E0074AD46636
S3150000AC10D5660133032BF9DD044BDC6603F51023FF
S3150000AC205B6A3046FEF716FD70BD00BF004000505F
S3150000AC3000800050084BD3F88830C3F30A0307EEB0
S3150000AC40903AF8EE677AB5EE007A67EE877A9FED6E
S3150000AC50030A37EEC00A704700400050339388431A
S3150000AC602DE9F8430D4614461E469DF820809DF8B2
S3150000AC702470072A29D8930000FA03F20321994089
S3150000AC802148FFF767F94FF00009072C29D8A100E2
S3150000AC9005F003028A40032303FA01F11B48FFF77C
S3150000ACA059F95EB31A4A0123A3401360B8F1000FA5
S3150000ACB026D0184A13600122A2401749C1F8202461
S3150000ACC007B3164A1360BDE8F883A2F108094FEAF4
S3150000ACD0890300FA03F2032199401148FFF73AF974
S3150000ACE0D3E74FEA890905F0030202FA09F20321C4
S3150000ACF001FA09F10B48FFF72DF9D2E70A4AD2E724
S3150000AD000A4AD7E70A4ADDE700C4035008C40350DD
S3150000AD1010D4035014D4035000E0035024D403503D
S3150000AD2004C403500CC4035010E4035014E403504D
S3150000AD3024E40350F8B504460D461E46174662B194
S3150000AD404BB301228A4000EB40031B0103F1A043F1
S3150000AD5003F5703341F210015A50072D28D8A90087
S3150000AD6004EB44031B0107FA01F20F2000FA01F17C
S3150000AD701E481844FFF7EEF867B94EB30123AB40FF
S3150000AD8004EB4404240104F1A04404F5703441F2B8
S3150000AD901002A350F8BD01228A4000EB40031B01BC
S3150000ADA003F1A04303F5703342F210015A50D4E781
S3150000ADB0A5F108039B0004EB440C4FEA0C1C07FAB0
S3150000ADC003F20F2199400A486044FFF7C3F8D3E71E
S3150000ADD00123AB4004EB4404240104F1A04404F530
S3150000ADE0703442F21002A350D4E700BF04C00350EF
S3150000ADF00CC0035008B50123042207210220FFF7E7
S3150000AE0099FF002008BD2DE9F04389B00446884625
S3150000AE10174601AD284E0FCE0FC596E8070085E808
S3150000AE200700D4F80090254B994543D003F580439D
S3150000AE3099453DD04FF0FF356D0105F1A04505F56B
S3150000AE407035D5F81C6606F0040601213A20FEF797
S3150000AE50EBF801216068FEF7E7F800230422617B26
S3150000AE60207BFFF767FF00230422617A207AFFF731
S3150000AE7061FFCDF80C80ADF8147001238DF8123007
S3150000AE8001A94846FEF776F8237A627A43EA024336
S3150000AE90C5F83436237B627B43EA0243C5F8303675
S3150000AEA046F01806C5F81C66002009B0BDE8F08318
S3150000AEB00125C1E70025BFE7E480020000C0055078
S3150000AEC008B5002281680248FFF79DFF002008BDF3
S3150000AED03C08002008B501213A20FEF7A5F8012319
S3150000AEE0042203210020FFF725FF224B0122C3F88D
S3150000AEF044244FF46070FDF7EDFC1F4BD3F8F020AF
S3150000AF0042F00102C3F8F020D3F8FC2042F0807230
S3150000AF10C3F8FC20A3F55D43184A1A6000F5D52056
S3150000AF2000F2FC40C008164BA3FB0030800A013833
S3150000AF30144B18610222C3F8F0204FF48072C3F854
S3150000AF4004234FF06043104AC3F8B02F0F4AC3F8EA
S3150000AF50802ED3F8002E42F48072C3F8002EFF2212
S3150000AF6083F82020D3F8002E22F48072C3F8002E36
S3150000AF70002008BD00D0035000ED00E0FF030040B4
S3150000AF8017916502000004E055CEACC5090001002A
S3150000AF9008B5FFF79FFFFBF7D7FBFBF74CFA08BD99
S3150000AFA070B582B004460D466946FBF707FB0646B8
S3150000AFB038BB9DF8063084F844309DF8073084F895
S3150000AFC04530002D62D0237F83BB04229DF80110FB
S3150000AFD09DF80000FFF7AEFE002301229DF8031046
S3150000AFE09DF80200FFF7A6FEA37F012B0CD90123D3
S3150000AFF004229DF805109DF80400FFF79BFEE37FF1
S3150000B0005BB1304602B070BD002304229DF80510E6
S3150000B0109DF80400FFF78EFEF1E70123042294F861
S3150000B020451094F84400FFF785FEEAE70023012265
S3150000B0309DF801109DF80000FFF77CFE0023042216
S3150000B0409DF803109DF80200FFF774FEA37F012B05
S3150000B05013D9012302229DF805109DF80400FFF77D
S3150000B06069FEE37F002BCCD10123022294F8451020
S3150000B07094F84400FFF75EFEC3E7002302229DF822
S3150000B08005109DF80400FFF755FEEAE700230222AB
S3150000B0909DF801109DF80000FFF74CFE00230222E8
S3150000B0A09DF803109DF80200FFF744FEA37F012BD5
S3150000B0B012D9012302229DF805109DF80400FFF71E
S3150000B0C039FEE37F002B9CD11A4694F8451094F87C
S3150000B0D04400FFF72FFE94E7002302229DF8051097
S3150000B0E09DF80400FFF726FEEBE770B588B006462C
S3150000B0F00C460DF1040C814D0FCDACE80F0095E820
S3150000B10007008CE80700002E00F0EA803546002C88
S3150000B11000F0E8808422002130461BF020FA3046F9
S3150000B120FBF744FA2368764A934200F09380754A07
S3150000B130934240F0D98029233365734BF3624FF471
S3150000B140A0233363012623682B60002385F85C3037
S3150000B15005F1040CA646BEE80F00ACE80F009EE819
S3150000B1600F008CE80F00637E012B7CD0A37E002BA2
S3150000B1707CD1ADF81430237E012B00F08C80E3687F
S3150000B180039301213A20FDF74FFF0121286DFDF7BA
S3150000B1904BFF23691A1F0C2A00F2AB80033B8DF884
S3150000B1A0103001A92068FDF7E5FEA36923F47F03AB
S3150000B1B023F47F4323B92A68936843F4803393606A
S3150000B1C0E37E002B6ED1760106F1A04606F57036B9
S3150000B1D01D23C6F81C362379227A43EA0243C6F8B1
S3150000B1E034366379627A43EA0243C6F82C36A37989
S3150000B1F0A27A43EA0243C6F83036E379E27A43EAB2
S3150000B2000243C6F8203601212846FFF7C9FE00286A
S3150000B2106BD1FEF7C1FF3D4B93F81A35002B5CD17D
S3150000B2203A4B012283F81A25FFF788F8FFF7EEFB61
S3150000B230FFF734FB002105F12400FFF7B5FA0028DB
S3150000B24059D1002105F12800FFF7AEFA00284CD0AD
S3150000B2502F484AE0282333652E4BF3624FF48023B0
S3150000B260336300266FE78DF812307FE7012B08D095
S3150000B270022B0BD0032B3AD14FF44073ADF81430A8
S3150000B28079E74FF40073ADF8143074E74FF4807328
S3150000B290ADF814306FE700238DF811304FF4E13329
S3150000B2A003936EE7730103F1A04303F570331C2289
S3150000B2B0C3F81C262279217A42EA0142C3F83426D1
S3150000B2C06279617A42EA0142C3F82C26A279A17A10
S3150000B2D042EA0142C3F8302695E7FFF72FF8A7E7C1
S3150000B2E00D4802E00D4800E00C4808B070BD0B4860
S3150000B2F0FBE70A48F9E70648F7E700BFE4800200E3
S3150000B30000C0055000000650020005000814002089
S3150000B310092000F002000400012000F0022000F0E5
S3150000B32008B5FFF7E2FE08BD114BD3F8302422EA38
S3150000B3300002C3F83024D3F8302401400A43C3F88E
S3150000B3403024D3F82C240243C3F82C24A3F560330D
S3150000B350DB6E03F03003202B06D0064AD36E23F0B3
S3150000B360300343F01003D366034BC3F82004704741
S3150000B37000C003500040005000E0035038B50446BA
S3150000B3800D460023036400F500530C4ADA6300F10E
S3150000B39008034A7872B903F5805302221A602B7BA0
S3150000B3A0AA6869682046FEF7F1FD29782046FBF772
S3150000B3B0A8FA38BD03F50053EFE700BFFFFF1F00F3
S3150000B3C0A94B984219D0A94B984240F07881A84BD6
S3150000B3D030B49C68C26B12F4C06F10D1197808297A
S3150000B3E000F26581DFE811F019003F006E008D0064
S3150000B3F0AF00CF00F800110157019E4BE8E712F4A9
S3150000B400007F04D0FD225A7009221A7013E012F44C
S3150000B410806FF9D0FE225A70F6E7618811F0100F9E
S3150000B42017D02288120A02F0060242F0F002012129
S3150000B43019704263C1601A78092A40F043810022DC
S3150000B440026493F90120012A00F0368193F9010084
S3150000B45039E1248804F0FE04224611F0020FE6D0FA
S3150000B46044F00102E3E712F0800F18D112F0400F0A
S3150000B470E1D000F500524021D163628812F0100F2E
S3150000B48018D112F0020F1AD007221A701A7904EB9B
S3150000B490C2021289012ACED10822C260CBE700F58A
S3150000B4A000528021D163FF225A7008221A700222AC
S3150000B4B0C260C0E702221A7022784263BBE7052207
S3150000B4C01A7087E712F0800F0DD112F0400FB2D03C
S3150000B4D000F500524021D163628812F0020F0DD0B0
S3150000B4E003221A7076E700F500528021D163FF220D
S3150000B4F05A7008221A700222C2609CE705221A704E
S3150000B50068E7618811F0100F16D02288120A02F03F
S3150000B510060242F0F00211F0040F07D042F00102D9
S3150000B520197904EBC1010989012909D0042119708F
S3150000B5300121C16042637EE7228802F0FE02EAE74B
S3150000B5400821C160F2E712F0800F0ED112F0400F11
S3150000B5503FF471AF00F500524021D163628812F0CA
S3150000B560040F0DD007221A7065E700F500528021FE
S3150000B570D163FF225A7008221A700222C2605AE76B
S3150000B58005221A7026E759881A7904EBC20CBCF812
S3150000B59008C0614516D3002159800132D2B21A7112
S3150000B5A0618811F0040F0AD111F0010F02D1012AAE
S3150000B5B07FF610AF08221A700222C2603BE7032210
S3150000B5C01A7007E704EBC20252684C1C5C80525C9E
S3150000B5D0426306221A702EE712F0800F0AD112F08B
S3150000B5E0400F3FF428AF00F500524021D1630522F9
S3150000B5F01A70EFE600F500528021D163FF225A70DF
S3150000B60008221A700222C26015E712F0200F3FF4DA
S3150000B61012AF1A7904EBC2021289416A5FFA81FC01
S3150000B620456915492940B1F5003F16D000F500518E
S3150000B6302025CD6359888A4207D91D7904EBC504B4
S3150000B64064684D1C5D8004F801C059888A4215D88B
S3150000B65008221A700222C260EDE6416A00F5005126
S3150000B6604FF40055CD63E1E70000015A0080065013
S3150000B6703019002024190020200002000421C16096
S3150000B680012A7FF6D8AE5988013A91427FF4D3AEAB
S3150000B6900822C260CFE612F4807F3FF4CCAE00F5FC
S3150000B6A000524FF48071D16309221A70C3E6FB225F
S3150000B6B05A7009221A70BEE600225A70C6E66FF06A
S3150000B6C003007047012030BC704710B504461D4B7F
S3150000B6D098422CD01C4B98422BD11C4B226912F05D
S3150000B6E0010F01D02022E2604A8812F0020F01D039
S3150000B6F0088908B312F0040F01D00A8AFAB10022B1
S3150000B7001A70012058705A801A719960C023E3603C
S3150000B7102046FBF7EBF804F500530D4ADA63236C79
S3150000B72043F4FC6323642046FFF74AFE10BD094B31
S3150000B730D4E76FF00300F9E76FF00300F6E76FF068
S3150000B7400300F3E70000015A00800650301900207C
S3150000B750FFFF1F002419002070B505460C4616464B
S3150000B760FBF7D9F8237803F0070362786AB3082257
S3150000B7701343A278120102F030021343E27832B387
S3150000B7804FF4807213432B67EB6A23F48B3323F455
S3150000B79080732279120202F4E06213436279120383
S3150000B7A002F480521343A2799AB14FF480321343C4
S3150000B7B0EB6231462846FBF7D4F82846FBF7B4F887
S3150000B7C0E3790BB10123EB6070BD0022D0E70022C4
S3150000B7D0D8E70022EBE738B50446FBF7A5F82D4B72
S3150000B7E0E36062692C4B1340002BFAD1A361C4F8C5
S3150000B7F09830636913F4401FFBD100E0636F6369FF
S3150000B80013F4807FFAD1A36F002BF7D101E0D4F8AF
S3150000B8108430636913F4007FF9D1D4F88850002D81
S3150000B820F5D1E36FD4F88C302046FBF774F800238B
S3150000B830A3602361E362236230232367C4F8803068
S3150000B8402B460DE004EB031242F2600191645A1D8F
S3150000B850110104EB021211486050002151600133BE
S3150000B8600F4A944203D02A469342EBD307E00222C2
S3150000B870FAE705F12803002244F823200135084B96
S3150000B8809C4201D10F2DF4D904F50054054B636297
S3150000B890A36238BD120002005200010000C00280FF
S3150000B8A00040005A8F330F8010B50B4B994228BFCA
S3150000B8B019460C4610465AB12044431EB3FBF4F019
S3150000B8C0A34200D30138032800D90320C0B210BD1B
S3150000B8D02A20FCF7FFFFEFE7005A620210B5BBB95A
S3150000B8E00F4C8C4200D30C46A2B19DF808300133B0
S3150000B8F0B2FBF3F22244013AB2FBF4F0A24200D3C7
S3150000B900013840F2FF33984228BF184680B210BD76
S3150000B910044CE6E72A20FCF7DDFF0246E5E700BF18
S3150000B92080969800404B4C0010B504460A6F496F4C
S3150000B93002F00702FAF7FDFF204610BD70B50C466F
S3150000B940C3B201259D40204E06F500531D650968CA
S3150000B95003F5005343F82010637B00EB400106EB30
S3150000B96001110B6694F80AC0E37A1B0543EA0C43FF
S3150000B97094F80CC043EA4C53CB6522F003020A67E5
S3150000B980FEF70AFC736D2B437365237A13B1336C90
S3150000B9902B433364637A1BB10B4A936B2B4393633C
S3150000B9A02379A27942EA0342074B03F500518A61E3
S3150000B9B06679E27942EA064203F58054A2614D6354
S3150000B9C09D64FEF7BBFC70BD00000450F0B585B069
S3150000B9D00D4694469DF83410724A5278002A00F0BB
S3150000B9E0D5800446BCF1070F00F2D2800A9A002ADD
S3150000B9F000F0D0800B9A002A00F0CE800E9AB2F5A5
S3150000BA00006F00F3CB80012861D0664A02EB0C126E
S3150000BA10127C002A00F0C480002200920192029259
S3150000BA200392614A02EB4C1E002D55D1A2F1840609
S3150000BA3006EB4C160020C6F88400C6F88800C6F847
S3150000BA408C00C6F8900096F8860040F0100086F844
S3150000BA50860096F8870040F0300086F8870029B9FE
S3150000BA6096F8871041F0030186F8871000930E9B25
S3150000BA70591E4C4B03EB4C13B3F8842061F30E12A2
S3150000BA80A3F884200A9AC3F88C200B9AC3F888205E
S3150000BA9093F887209DF83C1061F3830283F8872092
S3150000BAA0012C3AD0109B002B64D03E4B03EB0C13B9
S3150000BAB0109A5A60119A9A600025DD605C7472468D
S3150000BAC069466046FFF73AFF284605B0F0BD0C9A76
S3150000BAD0002A9AD13548F8E7324E06EB4C1600207C
S3150000BAE0C6F88400C6F88800C6F88C00C6F8900030
S3150000BAF096F8860040F0100086F8860096F88700D3
S3150000BB0040F0030086F887000029AFD196F8871029
S3150000BB1041F0300186F88710A8E71E4693F890207A
S3150000BB2042F0010283F89020D2B242F0020283F87A
S3150000BB309020D3F89020042161F39F02C3F890204F
S3150000BB4003F1940784330FCB87E80F00D6F8A020C3
S3150000BB506FF0030161F39F02C6F8A0200C9BC6F8A4
S3150000BB609830012D9ED10B9AC6F89C200C9AC6F8E7
S3150000BB70882097E7002C98D10A4B03EB4C1393F8D7
S3150000BB8086206FF3041283F886208EE708489CE728
S3150000BB9006489AE7054898E7044896E7034894E775
S3150000BBA0044892E7081400208C140020018000F05D
S3150000BBB0028000F0078000F000B589B084460E9838
S3150000BBC007900D9806909DF8300005900B9804900C
S3150000BBD09DF82800039000200290019300920B46E6
S3150000BBE062460146FFF7F2FE09B05DF804FB00B5B8
S3150000BBF089B084460E9807900D9806909DF83000FF
S3150000BC0005900B9804909DF8280003900020029060
S3150000BC10019300920B4662460121FFF7D7FE09B059
S3150000BC205DF804FB10B586B01446137A03EB4303A4
S3150000BC301B0103F1A04303F58023DA6EE168236953
S3150000BC400B449A4216D06169914215D38B1AABB94F
S3150000BC500123637694F82D304BB1002384F83530F8
S3150000BC60E369132120469847636A204698470020D7
S3150000BC7006B010BD0A46E6E79B1AE8E704940649B3
S3150000BC8003910021029101930123009363682168C7
S3150000BC90FFF7ADFFEBE700BF25BC000010B5C0B253
S3150000BCA001248440FEF778FA084BDB6A234205D16B
S3150000BCB0064B5B6B9C4306D0002400E00024FEF795
S3150000BCC03DFB204610BD0124F9E700BF00000450EB
S3150000BCD00C4B5B7873B110B50C4607280CD869B1CC
S3150000BCE0084B03EB00131B7C53B1FFF7D7FF207003
S3150000BCF0002010BD044870470448FAE70348F8E7F7
S3150000BD000348F6E708140020028000F0018000F0E6
S3150000BD10078000F030B589B0044600234376007AE8
S3150000BD20FAF74CFE207A00EB40031B0103F1A04317
S3150000BD3003F58023DA6EE56823692B449A4219D00D
S3150000BD406369934218D0012323760DF11F01FFF793
S3150000BD50BFFF9DF81F3043B30DF11E01207AFAF79D
S3150000BD609BFB9DF81E3003BB22460021207AFFF77D
S3150000BD7059FF1AE02A46E3E700232376656194F823
S3150000BD802D3003B12563636A2046984723690494DE
S3150000BD90084A0392002202920193012300936368EA
S3150000BDA02A462168207AFFF722FF207AFAF724FE36
S3150000BDB009B030BD25BC00002DE9F0411646002A29
S3150000BDC05DD004460D46037E002B69D0037A03EB53
S3150000BDD043031B0103F1A04303F58023DB6EC16817
S3150000BDE002690A44934212D067699F4211D09F426A
S3150000BDF011D2DF1BB74228BF3746FEF7CDF9804682
S3150000BE0094F82D30002B3FD03E46002210E00B4622
S3150000BE10EAE7617EEBE7D71BECE7206B814212D0A5
S3150000BE20013E6369216B8B4214D001336361013299
S3150000BE30BA4212D261690B78112BEED0132BECD0DB
S3150000BE4005F8013BEDE7112B14BF0023012384F80D
S3150000BE503430E5E701312163E7E7216BE2682369C6
S3150000BE60134499420ED06169E268236913449942EA
S3150000BE7014D02046FFF74EFF4046FEF75FFA3046E5
S3150000BE80BDE8F0812263EEE73A46616928461AF07A
S3150000BE9064FD63693B4463613E46E4E76261E8E74B
S3150000BEA00026ECE72DE9F04106460F4690461C4673
S3150000BEB0FEF772F90546424639463046FFF77CFFE3
S3150000BEC020602846FEF73AFA236813B10020BDE841
S3150000BED0F0811B20FBE708B589B292B20A43002124
S3150000BEE0FAF716FE08BD70B5064610B90C250024F3
S3150000BEF002E00425FBE70134A54206DD3146204673
S3150000BF00FAF7C4FD0028F6D101E04FF0FF342046D1
S3150000BF1070BD22F0030303F1A04303F5603322B1A1
S3150000BF2009B9186070470002186070474FF0502337
S3150000BF304FF400321A677047014BD3F894007047EC
S3150000BF4000400050074B4FF480325A6603F5E62353
S3150000BF505B69C3F38512827003F03F0242701B0BCC
S3150000BF60037070470090005030B583B0044601A8B6
S3150000BF70FFF7E8FF9DF8063023800123E3700025D4
S3150000BF80A570FAF789FE6060284603B030BD10B58B
S3150000BF9082B0044601A8FFF7D5FF042C04D8DFE8D9
S3150000BFA004F00E0503080B0000200AE040F2E24010
S3150000BFB007E040F6B83004E04FF4166001E040F2C6
S3150000BFC0BA4002B010BD2DE9F04F2DED028B83B0C3
S3150000BFD005460C4617460022CE49FFF765FC94F845
S3150000BFE00590814500D281462846FAF794FC2079CF
S3150000BFF010B3E3781B0103F03003000400F4FE00E5
S3150000C00003434FEA097202F0E042134322780AB171
S3150000C01043F0020362780AB143F00403A2780AB13E
S3150000C02043F00803AB60E3882B612289638943EA06
S3150000C03002432B620024D6E02A20FCF74BFC014683
S3150000C040B44B984201D3B0FBF9F12846FCF756FFF2
S3150000C050CFE7B149DAE0B14AD2F880211FFA82FA75
S3150000C060B8F1000F40F0B880032B20D0042B00F06D
S3150000C0701381052B00F01A819FEDA97A1FE0A74ACC
S3150000C080D2F880214FEA124AEAE7A44AD2F884217C
S3150000C0901FFA82FAE4E7A14AD2F884214FEA124A4B
S3150000C0A0DEE79E4AD2F880211FFA82FAD8E79B4B38
S3150000C0B0D3F88C311B1407EE903AB8EEE77A2AF4DF
S3150000C0C0C0484FEA88481AF4004F40F0FA8005EB62
S3150000C0D004139B6CC3F3820301334FF0010B0BFA7D
S3150000C0E003FBBBF1020F00F0EF808C4AD2F89031CF
S3150000C0F01BB207EE903AF8EEE77A77EEC77A07EECC
S3150000C10010BAB8EEC77AF6EE006A27EE267AC7EEC0
S3150000C110876AD2F888311BB207EE903AF8EEE77AD2
S3150000C12037EEA68A04EB840307EB8303D87800284E
S3150000C13000F0D58004EB840307EB8303D3ED037A89
S3150000C140F8EE677ADFED776A87EEA67AF7EE046A8D
S3150000C150C6EE877A67EE887AB1EE007A67EE877A5E
S3150000C16007EE10BAB8EEC77A9FED6F6AC6EE076A99
S3150000C1709FED6E7A26EE877A77EE877AB8F1004FD2
S3150000C1800FD007EE10AAB8EEC77ADFED696A27EE80
S3150000C190267ADFED686A77EEA67A67EE277A77EE7B
S3150000C1A0E67AF5EEC07AF1EE10FA40F3A980F1EEE8
S3150000C1B0677AB6EE007A77EEC77AFDEEE77A17EE83
S3150000C1C0903AB3F5003FC0F2BD806FEA58436FEA7C
S3150000C1D04343621D1201AB50C6F30906631D05EB0E
S3150000C1E003135E600134544B9D4240F0B680012C2F
S3150000C1F000F2B38004EB840307EB830217F8238075
S3150000C2009668B8F1000F7FF424AF4C49CDF8009042
S3150000C210434600222846FFF761FBB6B2864238BF86
S3150000C220064605EB0412936C4549194008F00303D2
S3150000C2300B4304EB840107EB81014878800000F092
S3150000C2401C0003438878000300F4E0400343C878E9
S3150000C250000400F4E0200343087C400500F460007D
S3150000C26003430979090701F040510B439364936C2A
S3150000C270C3F302335A1E042A3FF613AF01A151F845
S3150000C28022F000BF57C0000057C000007FC000006A
S3150000C2908BC0000097C00000204BD3F88C311B14D4
S3150000C2A05B0007EE903AB8EEE77A08E71B4BD3F847
S3150000C2B08C311B1403EB430307EE903AB8EEE77A92
S3150000C2C0FDE648F0004802E7144BD3F88C311BB268
S3150000C2D007EE903AF8EEE77A37EE878A22E7FFF71D
S3150000C2E056FE07EE900AF8EE677ADFED0E6A87EEE5
S3150000C2F0A67AF7EE046AC6EE877A68EE277A2BE707
S3150000C300B6EE007A77EE677AFDEEE77A17EE903AA8
S3150000C31057E700BF005A6202404B4C000080E00F16
S3150000C3200000000000007A44000080430000204422
S3150000C33000000038000000490040005A809698002E
S3150000C340E08F18CF13F5003F02DA48F4003340E7D8
S3150000C350C3F3110343EA08033BE72846FAF7E4FA76
S3150000C36003B0BDEC028BBDE8F08F38B505460C4630
S3150000C370436833B16B6A002BFCD105F500530122EB
S3150000C3805A60637883B31023A2787AB301221343E9
S3150000C390E2786AB30222134322795AB30422134382
S3150000C3A062794AB308221343A2793AB34FF4007272
S3150000C3B01343E27922B34FF480621343227B0AB31C
S3150000C3C04FF480721343A27A43EA0263E27A43EAA5
S3150000C3D00273627A43EA0243AB6021782846FAF791
S3150000C3E0FDFC237A83B938BD0023CDE70022CEE7D2
S3150000C3F00022D0E70022D2E70022D4E70022D7E7C6
S3150000C4000022DAE70022DDE72846FAF7F9FCEAE738
S3150000C41047F6FF739A4200F08880022900F287806F
S3150000C42070B5454B0B4493F894E2BEF1010F01D968
S3150000C430002070BD414B03EBCE0393F832C4604637
S3150000C44093F83034012B27D03C4B03EBCE03D3F8C3
S3150000C4503444002C6DD0B4F90030934204DBB4F9B7
S3150000C4600230934200DC1346A288FF2A31D0002115
S3150000C4702826C8221D46D21A92FBF6F20A4412B2A8
S3150000C4802E4B03EBCE0393F831E4964501DD002AEB
S3150000C49034DA0EF1FF3231E0284B03EBCE0393F88A
S3150000C4A03334A3EB0C0300249C420FD2191BA3EBDD
S3150000C4B05101224800EBCE00D0F8340430F91100C7
S3150000C4C0904201DC0C46EFE74B1EEDE76344D8B221
S3150000C4D0AFE7B4F90620B4F908600121CAE75C3376
S3150000C4E01749A1FB03139B09013212B21646964562
S3150000C4F00FDD04EBC201898899420AD304EBC2011D
S3150000C5008B68B1F9061001FB0533002BE7DA00232F
S3150000C510E5E7013E04EBC604A2889A4200D31A4618
S3150000C520624500D31046C0B283E7FF207047002063
S3150000C530704700207DE700BF6C7E020008140020D3
S3150000C540D34D6210022979D83F4B0B4493F89432AD
S3150000C550012B75D83D4901EBC30191F8301401292F
S3150000C5602DD010B4394901EBC301D1F83444002C65
S3150000C57068D0201D354901EBC30191F83214914270
S3150000C58038D2324901EBC30191F83314914236D9BE
S3150000C5902E4901EBC30393F831C40CF1FF3C5FFA5B
S3150000C5A08CFCA388FF2B2DD0002363452CD2591C6D
S3150000C5B030F83110914227D30133DBB2F5E7234936
S3150000C5C001EBC30191F83314914200D20A461F4889
S3150000C5D000EBC30090F83204121AD2B2091A8A424A
S3150000C5E000DD0022194901EBC303D3F8343433F9D3
S3150000C5F012007047B4F902005DF8044B7047B4F9B5
S3150000C6000000F9E70123D0E74FF47A7101FB02F24B
S3150000C61000EBC3004368D31AB0F9022002EBD271D3
S3150000C62003EB610393FBF2F3B4F900009842E3DBFA
S3150000C630B4F902009842DFDC18B2DDE7044870471F
S3150000C640034870470248D7E76C7E020008140020B2
S3150000C6500080FFFF10B50446FCF7EEFF034BC3F85E
S3150000C660B444FCF7F7FF002010BD00BF08140020FB
S3150000C67010B582B00124009400231A4619461846C4
S3150000C680FBF71AFC009400231A4619461846FBF7D6
S3150000C69049FC0348FFF7DEFF002002B010BD00BFD3
S3150000C6A04C08002038B504460568FDF7AFFC844207
S3150000C6B033D095F93630002B08DB03F01F015B09F8
S3150000C6C001228A406033174941F8232095F9360044
S3150000C6D0FAF708FC95F93730002B08DB03F01F0149
S3150000C6E05B0901228A4060330E4941F8232095F9FF
S3150000C6F03700FAF7F7FB287AFEF76AF9287AFEF789
S3150000C700A5F8FEF77FF8002323606360A36023612A
S3150000C7106361AB6A2846984738BD0020FFF79AFF49
S3150000C720C7E700BF00E100E000207047FEE74FF4D6
S3150000C73000534B600020704701207047012070476E
S3150000C7404FF0FF3070470020704700B583B00020DF
S3150000C750019001ABFDF779FC019810B103B05DF8CB
S3150000C76004FB4FF0FF30F9E710B514460020FDF743
S3150000C77059FC204610BD10B50446FCF75DFF0A4B78
S3150000C78093F834356CB101221344DBB2064A82F8C1
S3150000C7903435B3FA83F35B0982F83535FCF75AFF73
S3150000C7A010BDFF22F0E700BF0814002038B504468C
S3150000C7B04160FCF741FF054621460348F9F7BBFDFA
S3150000C7C02846FCF747FF38BDA415002038B50020E1
S3150000C7D0F9F71AFE044608B1204638BD054D05F1A5
S3150000C7E05400FFF737FF05F160010348FFF7DEFF4E
S3150000C7F0F2E700BF040800204019002038B50546BE
S3150000C800FCF71AFF044629460348F9F798FD204627
S3150000C810FCF720FF38BD00BFA415002038B504463C
S3150000C820236C1B6C13F0400FFAD000231A46E16C00
S3150000C83094F84800FEF77EFA00231A46616D94F8D4
S3150000C8405000FEF777FA94F8683013F0010F22D102
S3150000C85094F8683013F0020F25D1236C03F50053CA
S3150000C86001229A64236C03F5005304229A64002182
S3150000C870206CFAF715F80021606CFCF7D5FB104D1B
S3150000C88004F16C0105F5C470F9F759FDD5F8883146
S3150000C8908BB1002038BD00231A46E16D94F858008C
S3150000C8A0FEF748FAD4E700231A46616E94F8600052
S3150000C8B0FEF740FAD1E705F5A860FFF79FFFE8E726
S3150000C8C0081400207047024B012283F8A521704707
S3150000C8D00814002070B558B30546FCF7ADFE0446B3
S3150000C8E0FAF782FD134BD3F8AC31AB420DD00026DC
S3150000C8F02846FAF733FD054648B966B10D4BD3F81D
S3150000C900AC3143B1FDF72CFC09E00126F0E72046E7
S3150000C910FCF7A0FE06E0074BD3F8AC3123B1204666
S3150000C920FCF798FE284670BD0220FAF790FDF6E760
S3150000C9302225F7E70814002038B5FDF72DFC05463B
S3150000C940FAF748FD04462846FDF7F8FC204638BDB0
S3150000C95008B52A4B93F8A531002B4DD0274B93F8F9
S3150000C9604835E3B9264B9B6D13F4803F04D0244B26
S3150000C970DB6D13F0020F3FD1214B9B6D13F0010FBE
S3150000C9803AD1FFF7D9FF1D4BC3F84C051D4A136F6B
S3150000C99023F0070343F003031367FBF7BBFDFFF721
S3150000C9A0CBFF1649D1F84C35C01A91F8503501EB3A
S3150000C9B0830EDEF88824A2EB000CD1F8B024A2EB9B
S3150000C9C00C02C1F8B024CEF8880409320E48A0FB48
S3150000C9D002C2D208C1F8A8210133DBB281F8503572
S3150000C9E0A0FB0302D20802EB8202A3EB420381F80A
S3150000C9F05035002381F8483508BD00BF08140020D3
S3150000CA0000C0005000800050CDCCCCCC10B5FCF757
S3150000CA1013FE0446194B93F85135E3B1174B93F8BF
S3150000CA20523533B9154B012283F85225002283F87B
S3150000CA305325124B93F854358BB92046FCF70AFE62
S3150000CA40FCF7FAFD04460D4B93F8523573B90B4BC0
S3150000CA50002283F851252046FCF7FCFD10BDFFF7A8
S3150000CA6077FF064B002283F85425E6E7FCF769FDBD
S3150000CA70024B002283F85225E9E700BF0814002084
S3150000CA8010B50138144B034493F898210C46B1B104
S3150000CA900121114B03440A4483F8982174B10E4BCB
S3150000CAA093F8B834012B09D9FAF7B0FB04460128EC
S3150000CAB007D9094B93F8B804A04205D110BDFF2150
S3150000CAC0E7E7FFF7A3FFF4E72146FAF7AFFB024BD0
S3150000CAD083F8B844F2E700BF0814002038B50546CD
S3150000CAE0FCF7AAFD044601212846FFF7C9FF2046A8
S3150000CAF0FCF7B0FD38BD38B50446FDF74DFB0546DD
S3150000CB00A36D33B1A36D0133A3652846FDF716FC6B
S3150000CB1038BD0120FFF7E2FFF4E72DE9F04387B0C7
S3150000CB201546002280F85420C563436390F85C7074
S3150000CB30002F2DD104460E4603684FF440625A6119
S3150000CB404369092B27D9026802F12C0902F144082E
S3150000CB50082B00D901272046FFF7CDFF0494154B7B
S3150000CB60039302970195012300934B463246216BAE
S3150000CB70A06AFFF73CF800230493039302970195FC
S3150000CB80009304F118034246E16A606AFFF714F85D
S3150000CB9007B0BDE8F083092B05D0026802F124092D
S3150000CBA002F13C08D4E7026802F1200902F13808D4
S3150000CBB0CEE700BFDDCE0000037F012B12D070B59B
S3150000CBC004460D461646FDF7CBFE00B170BD064B7A
S3150000CBD0324629462046FFF7A0FF2046F9F7F6FD24
S3150000CBE0A06CF3E701487047B3650000082000F029
S3150000CBF02DE9F04F87B01D46002380F85430C563F9
S3150000CC00109B436390F85C80B8F1000F33D1044663
S3150000CC100E46174603684FF440625A614369092B72
S3150000CC202CD9026802F12C0A02F14409082B01D919
S3150000CC304FF001082046FFF75EFF0494164B03935E
S3150000CC40CDF8088001954FF0010BCDF800B05346A2
S3150000CC503A46216BA06AFEF7CAFF002304930393AA
S3150000CC60CDF808800195CDF800B033464A46E16A12
S3150000CC70606AFEF7A1FF07B0BDE8F08F092B05D06B
S3150000CC80026802F1240A02F13C09CFE7026802F1C8
S3150000CC90200A02F13809C9E7DDCE0000F0B583B0FD
S3150000CCA01E46037F012B15D004460D461746324615
S3150000CCB0FDF756FE60B97FB1084B009333463A46FE
S3150000CCC029462046FFF794FF2046F9F77FFDA06C22
S3150000CCD003B0F0BD0248FBE70248F9E7B365000080
S3150000CCE0082000F0022000F02DE9F04786B0154636
S3150000CCF0002280F85420C563436390F85C70002FCF
S3150000CD0031D104460E4603684FF440625A614369C6
S3150000CD10092B2BD9026802F12C0A02F14408082BD0
S3150000CD2000D901272046FFF7E6FE0494164B03932D
S3150000CD30029701954FF00009CDF80090534604F193
S3150000CD403802216BA06AFEF752FFCDF81090CDF89D
S3150000CD500C90029701950123009333464246E16AFF
S3150000CD60606AFEF729FF06B0BDE8F087092B05D0FB
S3150000CD70026802F1240A02F13C08D0E7026802F1D7
S3150000CD80200A02F13808CAE7DDCE0000037F012B36
S3150000CD9012D070B504460D461646FDF7E1FD00B10A
S3150000CDA070BD064B324629462046FFF79DFF2046BA
S3150000CDB0F9F70CFDA06CF3E701487047B365000076
S3150000CDC0082000F038B50546FCF736FC044600217D
S3150000CDD02846FFF755FE2046FCF73CFC38BD38B523
S3150000CDE00446FDF7D9F90546A36D013BA3651BB1C2
S3150000CDF02846FDF7A3FA38BD0120FFF7E3FFF7E762
S3150000CE0008B5836D002B00DC08BD01238365FFF7A1
S3150000CE10E6FFF9E738B5044690F85C30002B47D1B9
S3150000CE2003682B4A934241D002F5804293424BD18C
S3150000CE300125002C4AD0A06AFDF7CAFD606AFDF7FD
S3150000CE40C7FD00212046FEF7ABF8237F012B32D029
S3150000CE5094F85C30A3B394F85C30B3B96B0103F17A
S3150000CE60A04303F570330022C3F81C26C3F834260A
S3150000CE70C3F82C26C3F83026E37F33B96D0105F1DC
S3150000CE80A04505F57035C5F820260021206DFCF774
S3150000CE90CBF8606AFDF7DAFCA06AFDF7D7FCFDF770
S3150000CEA0B1FC2046FFF7ACFF002038BD0025C0E7E7
S3150000CEB04FF0FF35BFE704F16000FFF70BFDC7E752
S3150000CEC02068F9F723FFC6E70248EEE70248ECE7D9
S3150000CED000C00550022000F0012000F038B51446CD
S3150000CEE0FDF75AF905460023A36484F84C30236401
S3150000CEF0237F012B0DD0636B1BB1E26B0021204613
S3150000CF0098472846FDF71AFA2046FFF768FF0120E2
S3150000CF1038BD04F16000FFF7DDFCECE738B50546E7
S3150000CF20FCF78AFB044601212846FFF7A9FD2046A7
S3150000CF30FCF790FB38BD2DE9F04704460F46154631
S3150000CF4090F82C90FDF728F994F838302BB9FDF7B6
S3150000CF50F5F900264FF001080EE0FDF7EFF994F819
S3150000CF603B00FFF7DBFFFDF717F9002384F83830A5
S3150000CF70EDE794F834307BB9AE4221D294F82D30E7
S3150000CF80002BF6D0FDF708F982462046F9F7DEFFBA
S3150000CF905046FDF7D3F9ECE7B9F1000F02D03B7824
S3150000CFA00A2B08D0E369397820469847804658B955
S3150000CFB001370136E0E7E3690D2120469847F1E79E
S3150000CFC0236A0121204698474046BDE8F08708B508
S3150000CFD0FFF7B1FF002008BD38B50546FCF72CFB6E
S3150000CFE0044600212846FFF74BFD2046FCF732FB9E
S3150000CFF038BD10B5044690F8393049B103B110BDBB
S3150000D00090F83A00FFF78AFF012384F83930F6E7F3
S3150000D010002BF4D090F83A00FFF7DEFF002384F8E7
S3150000D0203930ECE7F0B587B006460C4615461F4684
S3150000D03040220021204619F092FA95E8030084E880
S3150000D040030000232376EB68E3602A6922616361AB
S3150000D0502A7D84F82C20AA7D84F82D2023630123C1
S3150000D06084F8343084F83530E7610C9B23620D9BDD
S3150000D07063620E9BA36295F9083084F8363095F901
S3150000D080093084F837303460374B7360374BB36000
S3150000D090374B3361374B7361374BF360FDF7FEFB5C
S3150000D0A010B1364A904259D1002104F10800FDF72B
S3150000D0B07BFB002854D1324B3362012384F83C3089
S3150000D0C0304AB261304AF2619DF8402084F83B2034
S3150000D0D09DF83C2084F83A20002284F8392084F810
S3150000D0E03830697D2046FFF784FF95F90930002B1B
S3150000D0F008DB03F01F015B0901228A4060332349E4
S3150000D10041F8232095F90900F9F7DEFE2369049416
S3150000D1101F4A03920022029201930123009363683F
S3150000D120E2682168207AFEF762FD0446D0B995F9D7
S3150000D1300830002B08DB03F01F015B0901228A403F
S3150000D1406033124941F8232095F90800F9F7BCFE2F
S3150000D1503046FFF77FFA204607B0F0BD1024FAE705
S3150000D1601024F8E71024F6E7CFCF0000A5BE000094
S3150000D170096F00000F6F0000A5C60000038000F0D5
S3150000D180156F0000F3CF0000476F000000E100E0DC
S3150000D19025BC0000F0B58DB016461C46129D002336
S3150000D1A006930793089309930A930B9323790BB17C
S3150000D1B08DF8183001238DF81E3006ABF3616379C4
S3150000D1C093B10123049303936D4B02936D4B01932B
S3150000D1D06D4B00936D4B0A462946FFF723FF074622
S3150000D1E020B138460DB0F0BD0223EBE7A3686B64AF
S3150000D1F0A3696B65237D85F850302369EB64237B37
S3150000D20085F84830236AEB65237F85F85830A36A92
S3150000D2106B6694F8243085F8603023682B6401210E
S3150000D2203A20FBF701FF012304222169207BFDF749
S3150000D23081FD01230222A169207DFDF77BFD0023EC
S3150000D240337085F868300121A068FBF7EDFE63793D
S3150000D25043BB01214FF4C060FBF7E6FE4C4AD2F80F
S3150000D260203223F0030343F00203C2F82032314692
S3150000D2702068FBF73DFE474B0222C3F8C020227B05
S3150000D280216942EA0142C3F8D020227DA16942EA1F
S3150000D2900142C3F8CC202379032B6ED8DFE803F0D4
S3150000D2A0531B434B01214FF48060FBF7BDFE384A08
S3150000D2B0D2F8203223F0030343F00103C2F82032F0
S3150000D2C031462068FBF70EFE95F8683043F00403FC
S3150000D2D085F86830CFE795F8683043F0010385F8A4
S3150000D2E06830002600230222216A207FFDF722FDF6
S3150000D2F0237F226A43EA0243274AC2F8C43026BB88
S3150000D3002B6C03F5805304229A6405212068F9F7F3
S3150000D310C7FA224BD3F8883153B305F16C01204884
S3150000D320F9F709F85DE795F8683043F0020385F8E8
S3150000D33068300126E3E795F8683043F0030385F883
S3150000D34068300126CEE70026D9E700230422A16A29
S3150000D35094F82400FDF7EEFC0F4A0123C2F8C03012
S3150000D36094F82430A16A43EA0143C2F8C830C7E7FB
S3150000D3700C490D48FFF71AFACFE7232731E700BF1C
S3150000D3801DC800008DA00000496E00003D6E000023
S3150000D3900080005000C4035000D40350081400203D
S3150000D3A0901500206C0800204819002010B59EB08A
S3150000D3B0294C0DF1580C04F5267EBEE80F00ACE8AA
S3150000D3C00F009EE80F008CE80F002C2200210DEBC9
S3150000D3D0020019F0C4F8214B0B9301238DF831306C
S3150000D3E038220D928DF8383005220F928DF8403094
S3150000D3F0062211928DF84830072213928DF850308C
S3150000D4000823159309AA04F52E7494E8030082E80C
S3150000D41003000DF10C0C002303930493059306936C
S3150000D420079308938CE803003E238DF814303F23BE
S3150000D4308DF815300A4800F5AB6306932023079351
S3150000D44000F5AF6300930BAB16AA614600F5DC70DE
S3150000D450FFF7A0FE1EB010BD6C7E02000000035A4E
S3150000D4600814002008B503490348FFF79FF9FFF7A2
S3150000D4709DFF08BD74080020F019002008B5FFF7CD
S3150000D480F1FFFFF7F5F8FFF7A1F908BD08B5FDF7BD
S3150000D490BDFAFAF756FFF9F7C8FDFFF7EFFF08BD2B
S3150000D4A090F838307BB910B50446036A00219847D6
S3150000D4B0012384F8383094F83B00FFF78DFD0223F2
S3150000D4C084F83C3010BD704710B50468236C5A6C64
S3150000D4D012F0010F08D003F5005301225A64236CA1
S3150000D4E01B6C13F0200F17D1236C5A6C12F0040F2B
S3150000D4F01CD0042284F83C2003F500535A64237E92
S3150000D50073B1637E93B194F82D3083B9236C03F520
S3150000D510005304229A6409E02046FFF7C1FFE3E7BF
S3150000D520236C03F500539A640123237610BD002370
S3150000D53084F835301321206CF9F76BF9236C03F569
S3150000D540805304229A64236C5B6BDBB2112B04D0EC
S3150000D550132B11D0132BE9D102E0012384F83430C8
S3150000D560237A03EB43031B0103F1A04303F5802356
S3150000D570DB6E013B2363D9E7002284F83420E9E718
S3150000D58008B50248FFF7A0FF08BD00BFC015002080
S3150000D59008B50248FFF798FF08BD00BFC015002078
S3150000D5A038B50546FCF748F8044601212846FFF73A
S3150000D5B067FA2046FCF74EF838BD08B5064BD3F897
S3150000D5C0403203F00303013B012B00D908BD0220C2
S3150000D5D0FFF7E6FFFAE700BF00800050164B93F80E
S3150000D5E051353BB310B5144B93F8543563B900204D
S3150000D5F0F9F792FE78B9104B012283F8532593F878
S3150000D600B82483F8F02510BDFFF7A2F90A4B0022D3
S3150000D61083F85425EBE7FBF794FF074C002384F8C7
S3150000D6205135012194F8B804F9F700FE012384F876
S3150000D630B834E8E7704700BF0814002010B5FBF7C0
S3150000D640FBFF0446FFF7CAFF2046FCF703F810BDB0
S3150000D65070B505460C46C38833B16C61154BD3F8DB
S3150000D660AC3103B300210CE0FCF72AFD06468442E8
S3150000D670F3D2FFF7E3FF3446EFE7A41A6C611946CD
S3150000D6809B6823B15A69A242F7D9002AF5D031B175
S3150000D6908D60AB6013B15A69121B5A6170BD054AA1
S3150000D6A0C2F8AC51F5E7034BC3F8AC510023AB60AD
S3150000D6B0F4E700BF081400202DE9F843044610F0F3
S3150000D6C0010F04D114F0020F12D1BDE8F8834C4DBE
S3150000D6D0B5F80E359BB201339BB2A5F80E35F9F7B6
S3150000D6E083FED5F8AC31002BECD0FCF739FDE9E729
S3150000D6F0FCF752FD0546F9F777FE00273E4643E064
S3150000D7009B683BB15A692AB921791A799142F7D9AE
S3150000D7101C46F5E72846FCF711FE2569002D3BD18E
S3150000D7200025A8462F46002D48D0236903B3FDB92E
S3150000D730B8EB0707A38B6BB1E28B13449BB2E38371
S3150000D740B3F57A7F06D3A3F57A73E383013FA36922
S3150000D750013BA361FCF720FD054639462046FFF74D
S3150000D76077FFA36922691344A3612846FCF7E6FD07
S3150000D770E7880136E36813B1216820469847FCF72D
S3150000D7800BFD0546F9F730FE1D4BD3F8AC41FCB155
S3150000D7906369EBB92346B4E7A846F9F71BFEA3690C
S3150000D7A0C71AF917BD424FF000028A4104DA22690E
S3150000D7B01344A3610125B6E70025B4E7FCF7ECFCAA
S3150000D7C081462046F9F7CAFD4846FCF7B7FDACE7A7
S3150000D7D00B4B002283F81825012E06D064B1FCF706
S3150000D7E0BFFC2846FCF7AAFD6FE717F0020FF5D03D
S3150000D7F0012283F81825F1E70220F9F728FEF0E761
S3150000D8000814002010B5FCF7C7FC04464FF0B043DF
S3150000D8105B6913F0010F0FD1002013F0400F01D008
S3150000D82040F0020003F05103044A5361FFF744FF3E
S3150000D8302046FCF783FD10BD0120EEE700200058CE
S3150000D84070B504460E4615469DF814200271049ADA
S3150000D8500260002282600561C360BDF81830C38093
S3150000D860FDB9F9F7B7FD3044A061FEB90023636145
S3150000D870E36813B121682046984785B1FBF7DCFEC3
S3150000D8800646F9F7B1FD29462046FFF7E1FE0A4BA9
S3150000D890D3F8AC31A3420BD03046FBF7DBFE0020B9
S3150000D8A070BDF9F797FD2844A061DEE73546E5E748
S3150000D8B0FCF756FCF0E700BF08140020F0B587B06F
S3150000D8C00D4600218DF81710D0B117461E460446A6
S3150000D8D08183C1830DF11701FDF7CCF89DF8173050
S3150000D8E083B9BDF8343002939DF830300193009629
S3150000D8F03B46002229462046FFF7A2FF07B0F0BDAF
S3150000D9002220FBE70320F9E7D8B12DE9F04184B0E6
S3150000D910884617461D46044600268683C683FEF7BC
S3150000D920D9FFBDF82C3002939DF82830019300955D
S3150000D9303B46324641462046FFF782FF04B0BDE82B
S3150000D940F08122207047C8B1F0B585B00C46174665
S3150000D9501E46054600218183C183FEF7BBFFBDF845
S3150000D9602C3002939DF82830019300963B462246C0
S3150000D97021462846FFF764FF05B0F0BD2220704718
S3150000D98010B5FBF759FE0446064B93F852352BB9F2
S3150000D990FFF724FE2046FBF75DFE10BDFBF75AFE9F
S3150000D9A0FBE700BF0814002008B50C4B93F898312C
S3150000D9B0024668B101210B44084981F8983132B119
S3150000D9C091F8B834012B02D991F8533513B108BD3B
S3150000D9D0FF21F0E7FFF702FEF9E700BF0814002079
S3150000D9E010B584B0B0B1831EDBB2012B16D803A9E3
S3150000D9F00020FDF75FF888B91F4BD3F8F435039A7A
S3150000DA009A4215D80120FFF7CFFF1B4B012283F85E
S3150000DA10F12503E0184B93F8F1350BB904B010BDAE
S3150000DA200020FFF7C1FF144B002283F8F125F5E72C
S3150000DA30114BD3F89041F9F777FC0444039B9C42C1
S3150000DA4007D30120FFF7B0FF0B4B012283F8F12526
S3150000DA50E4E7F9F77CFC60B9002343F00203019385
S3150000DA6000230093054A0399091B0548FFF74CFF5D
S3150000DA70D4E70423F1E700BF0814002081D9000091
S3150000DA80001A002010B5084B93F8B0410CB9204697
S3150000DA9010BDFEF751FF044BD3F8AC319B69C01A99
S3150000DAA00228F4D90024F2E708140020194B0122B9
S3150000DAB05A67194B93F8A53103B9704710B5022080
S3150000DAC0F9F7ECFC00B910BDFFF7DCFF0028FAD02F
S3150000DAD0124B9B6D13F4803F04D0104BDB6D13F09B
S3150000DAE0020FF0D10D4B9B6D13F0010FEBD10A4CD9
S3150000DAF0012384F84835FEF71FFFC4F84C05084A91
S3150000DB00136F23F0070343F003031367FAF702FDCD
S3150000DB10D9E700BF00D000500814002000C0005014
S3150000DB200080005038B50546A0B90E4A136943F087
S3150000DB3004031361FAF712FDFBF77EFD04461AF0A3
S3150000DB4073F92046FBF786FDFFF7B0FF35B9FAF704
S3150000DB50E1FC38BD0020FBF779FCE6E70120FBF786
S3150000DB6075FCF6E700ED00E038B50546A0B90E4AAB
S3150000DB70136943F004031361FAF7F0FCFBF75CFD4D
S3150000DB8004461AF051F92046FBF764FDFFF78EFFB5
S3150000DB9035B9FAF7BFFC38BD0020FBF757FCE6E7BE
S3150000DBA00120FBF753FCF6E700ED00E008B502287C
S3150000DBB00BD003280DD0012800D008BD074A1369F1
S3150000DBC023F00403136130BFF7E70020FFF7AAFF35
S3150000DBD0F3E70020FFF7C8FFEFE700BF00ED00E026
S3150000DBE038B5F9F759FB0546AFF30080FAF7B6FBEF
S3150000DBF0002848D1AFF300802846F9F751FBBFE073
S3150000DC000020FFF7D1FE5F4B002283F8F1253FE0AD
S3150000DC10FBF77BFC4AE02146F9F708FB52E0594B3B
S3150000DC20002283F8352519F0F4FD57E0554B012203
S3150000DC3083F85125534C94F8B804FFF7B7FF94F8CE
S3150000DC4053351BB194F8F02584F8B824AFF300805F
S3150000DC502846F9F725FBF9F71FFB0546494B93F8CC
S3150000DC6018364BB1474B002283F8182693F8B82490
S3150000DC7093F8F005824244D04348FEF72BFEFCF7AA
S3150000DC8069FF002843D03F4B93F8F135002BB7D1FD
S3150000DC90F9F7BCFAFFF7A4FEF9F7B8FA044601282B
S3150000DCA004D9384B93F85135002BB1D0354B93F846
S3150000DCB0B804A04209D0002283F8352593F85335DD
S3150000DCC0002BA8D02F4B83F8B8442E4B93F835354C
S3150000DCD023B12C4B93F8B834022BA0D0012CA9D930
S3150000DCE0284B93F85135002BA4D1264B93F83435A5
S3150000DCF0002B9BD1F9F708FB224B012283F8542510
S3150000DD0094E7012183F8B814F9F790FAB4E71D4BAC
S3150000DD10002283F8352593F8513503B3194B83F860
S3150000DD20532593F854356BB90020F9F7F5FA80B905
S3150000DD300120FFF73BFF2846F9F7B2FAF9F7ACFAEC
S3150000DD400546F1E7FEF704FE0E4B002283F8542544
S3150000DD50EAE7FBF7F6FB0B4B002283F85125002080
S3150000DD60FFF73EFE074C002194F8B804F9F75EFA77
S3150000DD70002384F8B834AFF300802846F9F790FA08
S3150000DD8038BD00BF08140020001A0020014BD3F84C
S3150000DD90100570470814002010B582B081B1044602
S3150000DDA0FFF7F4FF217B4900012301930023009331
S3150000DDB0054AB0FBF1F10548FFF7C5FD02B010BDFD
S3150000DDC00248FEF787FDF9E759610000241A002092
S3150000DDD038B5FBF731FC0446144B93F83C368BB947
S3150000DDE0FCF714FE0546E8B9104D05F5CE70F8F7B8
S3150000DDF09FFAFFF7E2FB0023C5F89031FFF7C6FF55
S3150000DE00C5F89401FBF7F2FFF9F788FA074BC3F858
S3150000DE10F405012283F83C262046FBF71BFC00256F
S3150000DE20284638BD2046FBF715FCF9E70814002004
S3150000DE3008B5F9F74FFBF8F7E6FFFBF71BF9FAF71A
S3150000DE4081F9FBF7B7FBFBF773FDFCF7ABFEFBF7BE
S3150000DE500BF9FCF7D3FAF9F7AFFEFFF7B9FF08BDE8
S3150000DE6008B5FFF7E5FFFDF793F8FFF70FFBFAF7A5
S3150000DE70E3FA08BD0D4BD3F81435834214D310B51D
S3150000DE800C460A4BD3F81015A1FB000140F2E7330C
S3150000DE90C0184FF47A724FF0000341F1000118F0F8
S3150000DEA041F92060002010BD212070470814002091
S3150000DEB0F0B587B01D4600238DF8173098B30F468E
S3150000DEC0144606460DF11701FCF7D4FD9DF81730F0
S3150000DED05BBB04A93846FFF7CDFFF8B9FFF756FF3D
S3150000DEE007FB00F1124BA3FB01239B094FF47A7247
S3150000DEF002FB1311511A89B2B183914210D000234B
S3150000DF00F3830499BDF8343002939DF830300193C1
S3150000DF10009523460A463046FFF792FC07B0F0BD4F
S3150000DF200023B383EBE72220F8E70220F6E700BFE1
S3150000DF30D34D6210014BD3F8140570470814002026
S3150000DF4008B503461D4AD2F8100500B3421E10421A
S3150000DF501ED1D90E5A01D21A61F10001890041EA97
S3150000DF6092719200D21841F10003DB0043EA52732A
S3150000DF70D200B0FA80F0C0F11F0C411CC04322FA57
S3150000DF800CF203FA01F10A4323FA00F0104308BD2C
S3150000DF90DA0E5901C91A62F10002920042EA917240
S3150000DFA08900C91842F100024FEAC20C024600235A
S3150000DFB0C8004CEA517118F0B5F8E8E708140020DB
S3150000DFC010B50446FAF7A6FA0E4BA3FB0023B0F5EC
S3150000DFD07A7F12D39B090C4AB2FBF3F20B4B9842A1
S3150000DFE00BD84FF47A7304FB03F3B3FBF2F3084840
S3150000DFF0A0FB03204008022B00D810BDF8F7A0F8BC
S3150000E000FBE700BFD34D621040420F00E7CD9A3BBD
S3150000E010ABAAAAAAF0B583B005460F4C04F5805307
S3150000E02040261E67407BFFF7CBFF0423ADF8063082
S3150000E0300A4F02220DF106013846F8F7BDFE3846B2
S3150000E040F8F784F8A87BFFF7BBFF04F500542667B2
S3150000E050002003B0F0BD00BF00C003503C08002004
S3150000E06038B5044601213A20FAF7DEFF0022A168FE
S3150000E0701248FCF7C8FE0023042206210220FCF702
S3150000E08059FE0023042219461846FCF753FE0C4D90
S3150000E09005F5896CA646BEE80F00ACE80F00DEF871
S3150000E0A00030CCF80030012185F85C142046FFF7DB
S3150000E0B073FE2046FFF7AEFF002038BD3C08002067
S3150000E0C0081400202DE9F04383B081460D461F4613
S3150000E0D00688037903FB06F6F61002F10108254BC4
S3150000E0E040221A67407BFFF76BFF1FFA88F84FEA5A
S3150000E0F008239BB243F00103ADF8063002220DF16E
S3150000E10006011D48F8F758FE00240AE04FF6FF7393
S3150000E110ADF8063002220DF106011748F8F74CFE5D
S3150000E1200134BC4214D2324629461348F8F744FE5D
S3150000E13035447B1EA342E9D008EB040292B20132B9
S3150000E14092B2120292B242F0FF02ADF80620E1E767
S3150000E150094C2046F7F7FAFF99F80E00FFF730FF53
S3150000E160064B40221A672046F8F709FE002003B046
S3150000E170BDE8F08300D003503C08002000E00350C7
S3150000E180F0B589B001AC3F4D0FCD0FC495E807003F
S3150000E19084E8070001213A20FAF746FF01212820EA
S3150000E1A0FAF742FF01248DF81240374B0393374F9D
S3150000E1B001A93846FAF7DEFE234604220021022092
S3150000E1C0FCF7B8FD0023224621460220FCF7B2FDEB
S3150000E1D02346042202210846FCF7ACFD234604220E
S3150000E1E011460020FCF7A6FD294D4FF00213C5F895
S3150000E1F03036A3F58033C5F82C360226C5F83466CA
S3150000E2001C23C5F81C364FF44870FFF7D9FEF7F704
S3150000E210A9FF1420FFF7D4FEF7F7AAFF2320FFF784
S3150000E220CFFEF7F79FFFB9213846F8F7B3FDF7F7AA
S3150000E2309FFF00231A4619463046FCF77BFD002354
S3150000E2401A4621463046FCF775FD23460022314624
S3150000E2503046FCF76FFD2346002204211046FCF7EA
S3150000E26069FD3846F8F752FD0021C5F83016C5F8A5
S3150000E2702C16C5F83416C5F81C162820FAF7D4FE55
S3150000E28009B0F0BDE480020000127A0000C005501B
S3150000E29000C003500020704700207047704708B543
S3150000E2A0F9F752F908BD82B0044B019302AB03EBB8
S3150000E2B0800050F8043C186802B07047300800200F
S3150000E2C008B5FFF7CDFDFAF7C3F8FAF7C5F8FFF77B
S3150000E2D087FCFAE700220023C0E90023074B83608E
S3150000E2E003F18833C36003F12943A3F59613A3F61C
S3150000E2F08B630361A3F1883343617047012345674C
S3150000E3002DE9F04190B004468846164602684168F9
S3150000E31002F03F03921941F10001026041600025BD
S3150000E32020E08A00D31C2344187E931C23441B7EC2
S3150000E3301B0443EA0063501C2044007E43EA00238A
S3150000E340A018007E034340326A4442F8403C013143
S3150000E3500F29E6D9694604F10800F9F7FDF83A46AF
S3150000E36001351346B54209D25A1C18F80510234444
S3150000E370197612F03F07F3D13946E9E710B0BDE848
S3150000E380F08130B591B00446056805F03F05372D9C
S3150000E3900FD8C5F138052A462A492046FFF7B0FFAF
S3150000E3A0236862685B1B62F10002236062600021E1
S3150000E3B019E0C5F17805EEE78A00D31C2344187EE0
S3150000E3C0931C23441B7E1B0443EA0063501C204419
S3150000E3D0007E43EA0023A018007E034340326A44CD
S3150000E3E042F8403C01310D29E6D92268D3000E934C
S3150000E3F06368DB0043EA52730F93694604F1080031
S3150000E400F9F7AAF8002119E08B1C54F823208B0099
S3150000E41004EB810080F85820581CC2F307252044DD
S3150000E42080F85850981CC2F30745204480F858508D
S3150000E4300333120E234483F8582001310329E3D90C
S3150000E44011B030BD7C08002000FB00F00730C0088A
S3150000E45070470730C0F3CF00704708B5034608463B
S3150000E460002119609A80986092B218F078F808BD79
S3150000E47038B504460D4610462260FFF7E5FF024612
S3150000E480A080A5600021284618F069F838BD70B54F
S3150000E4900468013A52B213E08668E50816F805C02A
S3150000E4A021FA02F303F001036FEA040E0EF0070EE1
S3150000E4B003FA0EF34CEA03037355013A52B20134E0
S3150000E4C0002AE9DA046070BD2DE9F84381468846E2
S3150000E4D01646077800258CE02B19DBB283F0010382
S3150000E4E003F001032A4621464846F9F728F9013484
S3150000E4F0E4B2BC427BD22A4621464046F9F73EF9B1
S3150000E50003460028F3D1072EECD801A252F826F0D4
S3150000E510D9E4000031E500003BE5000057E50000C6
S3150000E52071E5000087E50000A9E50000C9E50000E7
S3150000E53085F0010303F00103D4E7314AA2FB04325C
S3150000E54002F0FE0303EB5203E31A13F0FF0F0CBFB6
S3150000E55001230023C6E763192A4A82FB0312A2EBB2
S3150000E560E37202EB4202934214BF00230123B9E790
S3150000E570234AA2FB04326B0803EB520383F0010328
S3150000E58003F00103AEE705FB04F202F001011D4BA7
S3150000E59083FB0203A3EBE27303EB4303D31AD942D3
S3150000E5A00CBF012300239DE705FB04F2154B83FBFB
S3150000E5B00213A3EBE27303EB4303C3EB420383F0C3
S3150000E5C0010303F001038DE72B1903F0010305FB9B
S3150000E5D004F10C4A82FB0102A2EBE17202EB420259
S3150000E5E08A1A134483F0010303F001037AE7013525
S3150000E5F0EDB2BD4201D200247BE7BDE8F88300BF3F
S3150000E600ABAAAAAA565555552DE9F04182B0054642
S3150000E6100E46077843EAC2031C46002007E0610A5B
S3150000E62040F2375C0CFB01F181EA44040130092811
S3150000E630F5DD44EA832484F4A84484F012044FF000
S3150000E64000080EE024FA08F303F0010300934346A2
S3150000E650082231462846F9F79EF808F101085FFAC4
S3150000E66088F8B8F1050FEDD9C4F38013009307239A
S3150000E670082231462846F9F78EF8C4F3C0130093F2
S3150000E68008231A4631462846F9F785F8C4F30023CD
S3150000E69000930823072231462846F9F77CF8092318
S3150000E6A012E05FFA83F824FA03F3C8F10E0203F0CE
S3150000E6B0010300930823D2B231462846F9F76BF8D6
S3150000E6C008F101084FFA88F30E2BEADD002314E067
S3150000E6D05FFA83F8A7EB0802D2B224FA03F3013AF1
S3150000E6E003F0010300930823D2B231462846F9F716
S3150000E6F052F808F101084FFA88F3072BE8DD0822E3
S3150000E70014E05FFA82F808EB0703DBB224FA02F2A0
S3150000E7100F3B02F001020092DBB208223146284686
S3150000E720F9F739F808F101084FFA88F20E2AE8DD00
S3150000E730A7F1080301220092DBB2082231462846DF
S3150000E740F9F729F802B0BDE8F0812DE9F04F87B05E
S3150000E75002AF80468946FA60BB600678002413E063
S3150000E76084F0010505F00105009523460622494679
S3150000E7704046F9F710F800950623224649464046DA
S3150000E780F9F709F80134E4B2B442E9D303231A468F
S3150000E79049464046F9F710F8043EF6B203233246DE
S3150000E7A049464046F9F708F83346032249464046AB
S3150000E7B0F9F702F8F96801295FD9C7F804D0364B92
S3150000E7C0A3FB0123CA1A03EB5203C3F38702931C6C
S3150000E7D05FFA83FA202923D00AEB410C4FEA4C0C4E
S3150000E7E00CF1010C0AF1FF3149009CFBF1FC4FEAE8
S3150000E7F04C0C5FFA8CFC0132D4B20AF1FF3B0AF1F1
S3150000E800070202F4FC72ADEB020D02AE06228DF891
S3150000E8100820FB689A00D2B20A32D2B200200AE07F
S3150000E8204FF01A0CE7E7631E32550130C0B2A2EB77
S3150000E8300C02D2B2DCB28345F5DC002517E044B108
S3150000E840A3450CD105E0335DB25C49464046F8F776
S3150000E850F5FF0134E4B2544507D2002DEFD02A4625
S3150000E860AB45F0D1002CEED1F3E70135EDB25545BD
S3150000E87001D20024EFE7D7F804D00023BA6849464E
S3150000E8804046FFF7C1FEFA6849464046F9F70AF8DE
S3150000E8901437BD46BDE8F08F254992242DE9F04F87
S3150000E8A085B003908846136801939368029390F8A5
S3150000E8B000B00BF1FF3A002743E04FF0050A46E0AF
S3150000E8C04D4618E00136012E2FDC5FFA8AF4F3B2CA
S3150000E8D0E41AE4B2CAF34E0383F0010303F0010322
S3150000E8E0052C8CBF002201229342E9D0ABEB09052F
S3150000E8F0EDB2013DEDB22A4621464046F8F73EFF0D
S3150000E9000028DFD1019B9F42DCD2FB08029AD35C30
S3150000E910FA4302F00702134103F001032A46214697
S3150000E9200398F8F7EDFE0137CCE709F101025FFA2B
S3150000E93082F9D94501D20026C5E7AAF102010FFAEC
S3150000E94081FABAF1000F05DDBAF1060FB5D04FF026
S3150000E9500009EEE705B0BDE8F08F2DE9F04F85B070
S3150000E960804690F800900027BA461AE00135EDB2CD
S3150000E970052D04D0052D04D90AF1010A01E00AF19A
S3150000E980030A0134E4B24C4509D23A4621464046D0
S3150000E990F8F7F4FE8642E9D006460125F1E701378D
S3150000E9A0FFB24F4508D23A4600214046F8F7E6FE48
S3150000E9B0064601252C46E6E700271AE00135EDB2AA
S3150000E9C0052D04D0052D04D90AF1010A01E00AF14A
S3150000E9D0030A0134E4B24C4509D222463946404680
S3150000E9E0F8F7CCFE8642E9D006460125F1E7013765
S3150000E9F0FFB24F4508D2002239464046F8F7BEFE20
S3150000EA00064601252C46E6E74FF0000BCDF808B088
S3150000EA10CDF80490CDF800A05FE0574538D1874285
S3150000EA2036D1009B0333009332E0009B28330093DA
S3150000EA301FB1029B01339BB202930135EDB2019BDC
S3150000EA409D4246D25A4629464046F8F797FE074663
S3150000EA50F5B1BBF1000F1BD005F1FF395FFA89F95B
S3150000EA600BF1FF3A5FFA8AFA524649464046F8F7F2
S3150000EA7085FE0390524629464046F8F77FFE8246B9
S3150000EA805A4649464046F8F779FE039B9F42C4D052
S3150000EA907600C6F30A063E43B6B26400C4F30A041F
S3150000EAA024B22A4659464046F8F768FE00B20443A7
S3150000EAB0A4B2092DBCD95D2E02D0B6F5BA6F02D12B
S3150000EAC0009B283300935D2CAFD0B4F5BA6FAFD15D
S3150000EAD0ABE70BF101025FFA82FB019B9B4503D278
S3150000EAE000252C462E46AAE7DDF808C0DDF800A072
S3150000EAF003FB03F9002203E00AF10A0A013292B28B
S3150000EB000CEB8C018800C2F1090309FB03F3B3EB9C
S3150000EB10810FF1DC02F10B0303FB09F39842EBDCF6
S3150000EB20504605B0BDE8F08F2DE9F04780460F4608
S3150000EB3016461C4611463846F8F7BBFDC0B9814655
S3150000EB4031463846F8F7A5FD00286AD0042202218E
S3150000EB504046FFF79CFC01212046F8F7B6FD024629
S3150000EB6031464046FFF793FC4D460024214636E0E9
S3150000EB70042201214046FFF78AFC00212046F8F7CF
S3150000EB80A4FD024631464046FFF781FC002422469A
S3150000EB90214601E00134A4B2B44212D23B5D01EB3E
S3150000EBA0810103EB41039BB2303B99B20132D2B2F1
S3150000EBB0032AEFD10A224046FFF769FC00210A46E4
S3150000EBC0E8E70AB9002046E002EB42020132D2B27F
S3150000EBD04046FFF75CFC00203DE00134A4B2B4429D
S3150000EBE016D201EB4101C1EB01111FFA81FA385D22
S3150000EBF0F8F718FD1AFA80F081B20135EDB2022D50
S3150000EC00EBD10B224046FFF742FC4D460021E4E7DC
S3150000EC100DB901201FE006224046FFF738FC01200F
S3150000EC2019E0042211464046FFF731FC0221204636
S3150000EC30F8F74BFD024631464046FFF728FC002414
S3150000EC4006E00822395D4046FFF721FC0134A4B2F4
S3150000EC50B442F6D30220BDE8F0872DE9F04F87B025
S3150000EC6002AF15463A600138544A01EB810302EBC4
S3150000EC70C303034493F8C04201EB810100EBC103D7
S3150000EC8002EB4303B3F860A302EB4002B2F8A034F0
S3150000EC907B609AFBF4FA5FFA8AFADB0893FBF4F2DC
S3150000ECA004FB1236F6B2A61BF6B25FFA82F9A9EB9E
S3150000ECB00A095FFA89F9AA88D31DDB086946A1EB20
S3150000ECC0C3039D460DF108080021404617F047FC96
S3150000ECD00AF1070303F4FC73ADEB030D02ABFB6013
S3150000ECE019465046F9F74EF9AD684FF0000B5846F5
S3150000ECF017E0624492B20133DBB20846A3420CD25B
S3150000ED00411C89B215F802E008F800E0B342F0D1E0
S3150000ED100CF1010C5FFA8CFCEBE70BF1010B5FFACF
S3150000ED208BFBCB4503D25A46CC460023E6E706FBCF
S3150000ED30099189B2CC46002304E0614489B20133CB
S3150000ED40DBB21046A21B93420CDA421C92B215F8B3
S3150000ED5001E008F800E0002BEFD10CF1010C5FFA9E
S3150000ED608CFCEAE74FF0000BC7F808A082460FE0DC
S3150000ED700AEB0B030194434400934B462A46F96879
S3150000ED80B868F8F7F8FD4D440BF1010B5FFA8BFB01
S3150000ED90A34506D2B345EBD109F101095FFA89F91A
S3150000EDA0E6E73C68A2884146A06817F0D6FD7A6877
S3150000EDB022601437BD46BDE8F08F00BF6C7E0200AE
S3150000EDC00348044B834202D0034B03B118477047F4
S3150000EDD0041400200414002000000000064B07491C
S3150000EDE0C91A891048BF0131491003D0044B0BB131
S3150000EDF001481847704700BF04140020041400207F
S3150000EE000000000010B5064C237843B9FFF7D8FF81
S3150000EE10044B13B10448AFF300800123237010BDE7
S3150000EE20C02C0020000000002CED030008B5054BA7
S3150000EE301BB105490548AFF30080BDE80840FFF760
S3150000EE40CDBF00BF00000000282400202CED0300E9
S3150000EE50A3F5803A704700BF174B002B08BF134B32
S3150000EE609D46FFF7F5FF00218B460F461348144ACF
S3150000EE70121A17F074FB0E4B002B00D098470D4B5F
S3150000EE80002B00D098470020002104000D000D48FB
S3150000EE90002802D00C48AFF300800EF03DFE2000A3
S3150000EEA02900FFF70DFA0EF025FE00BF000008004E
S3150000EEB000000000000000000008002004140020EC
S3150000EEC0E82C00200000000000000000002303E002
S3150000EED0002220F813200133062BF9DD1823C38105
S3150000EEE09823038270234382002306E003F5807C87
S3150000EEF003F1100220F812C00133172BF6DD0023B0
S3150000EF0004E003F1280220F8123001338F2BF8DDDC
S3150000EF10002306E003F58C7C03F1B80220F812C04A
S3150000EF200133072BF6DD002306E003F1900C03F115
S3150000EF30C00220F812C001336F2BF6DD002303E078
S3150000EF40002221F813200133042BF9DD20234B8105
S3150000EF50002304E003F1100221F8123001331F2BC5
S3150000EF60F8DD704710B588B0002303E0002420F8D0
S3150000EF70134001330F2BF9D90023934208D2CC5CFE
S3150000EF8030F814C00CF1010C20F814C00133F4E77A
S3150000EF90002303809C4608E008AC04EB430424F8F5
S3150000EFA020CC30F81340A44401330F2BF4D90023AE
S3150000EFB000E00133934211D2CC5C002CF9D00DF164
S3150000EFC0200C0CEB440434F820CC0CF1010E24F890
S3150000EFD020EC0CF1100C20F81C30EAE708B010BD4C
S3150000EFE010B504460368426893420CD383682BB17C
S3150000EFF090F8252012B99847002808DA012384F8EA
S3150000F0002530002010BD5A1C02601878FAE7C0B2FD
S3150000F010F8E710B5044603695A1E02612BB1E06891
S3150000F0204308E36000F0010010BDFFF7D9FFE06080
S3150000F03007232361F3E72DE9F041904679B10546B0
S3150000F040012404FA01F6002700E06400B44207D266
S3150000F0502846FFF7DEFF0028F7D02744F5E700270C
S3150000F06008EB0700BDE8F0812DE9F04180460F4628
S3150000F07000252B462E465C004046FFF7CAFF2318A4
S3150000F0800135102D09D037F8152016449B1AF2D5F4
S3150000F0901E44103637F8160001E06FF00200BDE896
S3150000F0A0F0812DE9F04FD1B006468846934640F2EE
S3150000F0B001120521FFF7BFFF8146012205213046D7
S3150000F0C0FFF7B9FF8246042211463046FFF7B3FF29
S3150000F0D00446002303E000220DF803200133122B1F
S3150000F0E0F9D9002509E0002203213046FFF7A3FFE6
S3150000F0F0284B5B5D0DF803000135A542F3D31322BF
S3150000F10069464046FFF72EFF09EB0A0700241CE07C
S3150000F110E4B3631E1DF803500322022106E0032216
S3150000F1201146002502E00B22072100253046FFF795
S3150000F13082FF2318BB4206D96FF0020023E00DF8C8
S3150000F1400450013801340028F9D1BC420FD241469F
S3150000F1503046FFF789FF002815DB1128DFD012287B
S3150000F160E1D01028D4D00DF804000134EDE74A466A
S3150000F17069464046FFF7F6FE52460DEB0901584632
S3150000F180FFF7F0FE002051B0BDE8F08F6FF00200EF
S3150000F190F9E700BF00A0020038B50446036BFBB1D7
S3150000F1A0A36B002B76D0616BA269501CA0615B5CDF
S3150000F1B01370A36B4BB1616B226C501C2064595CBD
S3150000F1C09954226CE36B9A425ED0636B013363639E
S3150000F1D0E26B93425BD0236B013B2363002038BD77
S3150000F1E01546FFF741FF94F82530002B5AD1FF282A
S3150000F1F02EDDB0F5807F58D0A0F201101C2856DC19
S3150000F200314B191803EB40039A8E097D2046FFF710
S3150000F21012FF206329462046FFF726FF1D2849DCFA
S3150000F220294B191803EB4003B3F8902091F870109E
S3150000F2302046FFF700FFA36BF3B1E26B82423CD39B
S3150000F240236C1B1A6363002BAADA1A446263A7E7CE
S3150000F250A3695A1CA261C0B21870A36B3BB1226CA1
S3150000F260511C21649854226CE36B9A4201D0002011
S3150000F270B5E700232364FAE7A36962699B1A834210
S3150000F2801ED3404260638BE7002323649DE700237F
S3150000F2906363A0E7A369626B9A5C1A70A369013382
S3150000F2A0A36198E76FF0020099E7012097E76FF0F6
S3150000F2B0020094E76FF0020091E76FF004008EE71A
S3150000F2C06FF002008BE700BF00A0020070B5044695
S3150000F2D0036B2BB1236B013B2363DBB9012070BDAC
S3150000F2E0FFF77EFE06462046FFF77AFE06EB00266F
S3150000F2F02046FFF775FE05462046FFF771FE05EB33
S3150000F3000025ED43ADB2B5421AD10136266300237E
S3150000F3102361DFE72046FFF763FEA3695A1CA2615B
S3150000F3201870A36B7BB1226C511C21649854226C1B
S3150000F330E36B9A4201D00020D1E700202064CEE79B
S3150000F3406FF00200CBE70020C9E7704710B4002336
S3150000F35080F825300361C3624FF0FF348462C263D4
S3150000F3608163036403635DF8044B704738B5044654
S3150000F37013E0012D35D004F5297104F14400FFF79F
S3150000F380A5FD0EE02046FFF7A1FF012819D00028B1
S3150000F39038D1A269E3699A4234D2A36AB3F1FF3F36
S3150000F3A012D0A36A002BEDD0002B26DB013B012BEC
S3150000F3B026D804F5297204F144012046FFF7ECFE35
S3150000F3C0E3E7E36A002BE2D1A56A2046FFF721FEB8
S3150000F3D0E062002202212046FFF72DFEA0620128EE
S3150000F3E0C7D00228DDD104F5297204F14401204674
S3150000F3F0FFF757FE0028D4D004E06FF0020001E0CA
S3150000F4006FF0020038BD38B50546FFF7E9FD044642
S3150000F4102846FFF7E5FD00EB0421144A82FB013282
S3150000F4200A44CB17C3EB2213C3EB4313994210D103
S3150000F43004F00F03082B0FD1C4F30714072C0ED8C2
S3150000F44010F0200F0ED1012385F824302B622046C0
S3150000F45038BD6FF00200FBE76FF00200F8E76FF0CF
S3150000F4600200F5E76FF00200F2E700BF43082184CF
S3150000F47008B5044B1B681BB1024B1B68002098475C
S3150000F48008BD00BF8820002010F0010F12D0164BD7
S3150000F4905B689A68937BD17B01F00F0101228A4059
S3150000F4A003EB43031B0103F1A04303F5703342F260
S3150000F4B010015A5010F0020F14D00B4B5B689A687B
S3150000F4C0137CFF2B0ED0517C01F00F0101228A40E4
S3150000F4D003EB43031B0103F1A04303F5703342F230
S3150000F4E010015A50704700BF8820002010F0010F0D
S3150000F4F012D0164B5B689A68937BD17B01F00F01A3
S3150000F50001228A4003EB43031B0103F1A04303F5E9
S3150000F510703341F210015A5010F0020F14D00B4B09
S3150000F5205B689A68137CFF2B0ED0517C01F00F01AB
S3150000F53001228A4003EB43031B0103F1A04303F5B9
S3150000F540703341F210015A50704700BF88200020E6
S3150000F550094B5B689B689A7CDB7C03F00F030121F7
S3150000F560994002EB4202130103F1A04303F5703305
S3150000F57041F210029950704788200020094B5B68C1
S3150000F5809B689A7CDB7C03F00F030121994002EB18
S3150000F5904202130103F1A04303F5703342F2100255
S3150000F5A09950704788200020174B5B689A68537DF6
S3150000F5B003F00F03834200D07047127D02EB420234
S3150000F5C0120112498A58DA4002F001020E4989688E
S3150000F5D09142F1D1012202FA03F30D48C0F8243416
S3150000F5E009494B689B685B7D03F00F039A40C0F89E
S3150000F5F020240B68002BDFD010B50C460B680120C9
S3150000F60098470023236010BD8820002014C00350B3
S3150000F61000E0035018B9054B01221A737047012800
S3150000F62000D07047014B01225A73FAE78820002068
S3150000F63030B5C943CCB2032119E04FF0040E01E006
S3150000F6404FF0030E13F002030AD042FA0CF515F040
S3150000F650020F05D04EF0400E05E04FF0040EF1E724
S3150000F660EBB14EF0300E00F801EB013949B200293A
S3150000F6701DDB4FEA410C44FA0CF313F0010504D0EC
S3150000F68042FA0CFE1EF0010FD7D1002DD8D142FA56
S3150000F6900CF515F0010FE0D14FF0000ED2E742FA5B
S3150000F6A00CFC1CF0020FDED04EF0400EDBE730BD46
S3150000F6B003281AD8DFE800F002080E140B4A136973
S3150000F6C043F0010313617047084A136943F00203CC
S3150000F6D013617047054A136943F0040313617047C9
S3150000F6E0024A136943F0080313617047882000201B
S3150000F6F0704738B505460C46FFF7FAFF201A28442E
S3150000F70038BD024B18759961DA6170478820002070
S3150000F7102DE9F04F8BB000AF80468B46924696009F
S3150000F720F6B21136F6B202704670837081605B00E5
S3150000F730B1251D4105F00305531E574A32F8130043
S3150000F74005EB850203EBC203544A32F81340C4EBBF
S3150000F750D004FEF77EFE0246C31D23F00703ADEB81
S3150000F760030D694607F11C00FEF777FE5346B7F80E
S3150000F7705420396D07F11C00FFF7D6F90028C0F2B6
S3150000F7808780A4B288F803004FEAC409FA69C2EB7D
S3150000F790C402042A00D90422D2B2002107F11C00B7
S3150000F7A0FEF775FEFA69524202F00702002107F1E0
S3150000F7B01C00FEF76CFEEC2407E00822214607F148
S3150000F7C01C00FEF764FE84F0FD04FB699945F4D83D
S3150000F7D03246594607F11000FEF74AFE3046FEF75C
S3150000F7E033FE073020F00700ADEB000D32466946C8
S3150000F7F0381DFEF73DFE2B465246391D07F1100017
S3150000F800FEF7A3FF07F11C0229465046FFF725FA2B
S3150000F81007F11C02391D07F11000FFF73FF800241D
S3150000F8206FF00046A14607E02246391D07F1100099
S3150000F830FEF74AFE0134E4B2072C15D823462A46C1
S3150000F840391D07F11000FEF7DFFE2246391D07F1CC
S3150000F8501000FEF739FE07F11000FFF77EF886422A
S3150000F860E2DD0646A146DFE788F804904B462A46C5
S3150000F870391D07F11000FEF7C7FE4A46391D07F18C
S3150000F8801000FEF721FE00202C37BD46BDE8F08FA4
S3150000F8904FF0FF30F8E700BF0C830200CC81020076
S3150000F8A070B584B00646084615461C4603A9FEF701
S3150000F8B0E1FA034610B1184604B070BDBDF8243015
S3150000F8C001939DF82030009323462A46039930463B
S3150000F8D0FEF71AF80346EEE708B50249002009F0DC
S3150000F8E080FC08BD3C840200F8B506460F46154666
S3150000F8F01C46FFF72DFE2046FFF7C6FD3A46314669
S3150000F9000448FDF743FA05B1F8BD2046FFF7EEFDC2
S3150000F910FAE700BFA820002008B50123FFF7E4FF9F
S3150000F92008BD2DE9F04383B00F4614461E469DF8E8
S3150000F93028508DF80700FFF721FE2846FFF7A4FDA3
S3150000F94001220DF107013948FDF720FAFFF700FE05
S3150000F950002C63D015F0010912D0354B5B689A680C
S3150000F960937BD17B01F00F0101228A4003EB430315
S3150000F9701B0103F1A04303F5703341F210015A5005
S3150000F98015F0020814D02A4B5B689A68137CFF2B8B
S3150000F9900ED0517C01F00F0101228A4003EB430394
S3150000F9A01B0103F1A04303F5703341F210015A50D5
S3150000F9B00120FEF705FBB9F1000F12D01C4B5B6866
S3150000F9C09A68937BD17B01F00F0101228A4003EBF9
S3150000F9D043031B0103F1A04303F5703342F2100108
S3150000F9E05A50B8F1000F14D0114B5B689A68137C1B
S3150000F9F0FF2B0ED0517C01F00F0101228A4003EB50
S3150000FA0043031B0103F1A04303F5703342F21001D7
S3150000FA105A50224639460548FDF7B8F916B103B0E3
S3150000FA20BDE8F0832846FFF761FDF8E7A82000202F
S3150000FA308820002010B582B001240094FFF771FFE2
S3150000FA4002B010BD08B50B4600221146FFF7F2FFC3
S3150000FA5008BD10B582B00446154800230373154A45
S3150000FA6040F8A42B012201920092134A2146FFF787
S3150000FA7017FF38B122461149052009F0B2FB0EE006
S3150000FA80FEF7AEF80A4B1B7B002BF9D0084B002281
S3150000FA901A6002B010BD0A48FEF792FA643C642C64
S3150000FAA0F9D84FF47A7004FB00F0FEF789FAEDE717
S3150000FAB08820002015F6000071F400006084020022
S3150000FAC0A08601002DE9F8438946164600284ED146
S3150000FAD04A463849052009F084FB374F7B689A6807
S3150000FAE0937DD27D02F00F02012505FA02F2334C16
S3150000FAF003EB430304EB031343F2100843F8082017
S3150000FB004846FFF7A6FF7B689A68137D517D01F092
S3150000FB100F0103EB43031B01294AD258CA402A406E
S3150000FB202849052009F05DFB7B689A68937DD27DA4
S3150000FB3002F00F02954003EB430304EB031444F871
S3150000FB4008506EBB1C4B5B689A68137D517D01F0B3
S3150000FB500F0103EB43031B01194AD258CA4002F0B6
S3150000FB6001021949052009F03CFBBDE8F88304466B
S3150000FB70114B5B689B681A7D597D01F00F0102EB02
S3150000FB80420212010E4B9B58CB4003F00103024682
S3150000FB900E49052009F025FB2046FFF75AFF97E797
S3150000FBA032460B49052009F01CFB3046FFF751FF92
S3150000FBB0C8E700BFC48402008820002000C00350AC
S3150000FBC014C00350DC8402001C85020098840200E5
S3150000FBD0FC84020010B586B00446FBF70BF92368D7
S3150000FBE0ADF804306368ADF80630A369022B20D067
S3150000FBF002238DF8083001238DF809300E4B03934C
S3150000FC003C238DF8103006238DF8113002238DF831
S3150000FC1012300024059401A8FEF722FAF8F720FC1A
S3150000FC20FEF7F8F9F8F71CFC2146FEF7B5F806B022
S3150000FC3010BD0123DDE700BFE0C8100008B5134B77
S3150000FC4093F8C430042B0FD10268104BD3F8E4307C
S3150000FC509A420FD10D4BD3F8E8308BB10C490020F6
S3150000FC6009F0BFFA09F0BAFA0A49002009F0B9FA10
S3150000FC7009F0B4FA0849002009F0B3FA09F0AEFA1F
S3150000FC808268024BC3F8E82008BD00BF8820002028
S3150000FC90A08502003C8502007485020030B589B05B
S3150000FCA0854B93F8C420824208D00446431E042B99
S3150000FCB021D8DFE803F0091220251A007F49002029
S3150000FCC009F08FFA09F08AFA022A00D09AB97A4A1C
S3150000FCD0136943F0100313610DE0012A0BD8764A2D
S3150000FCE0136943F02003136105E07348B0F8061169
S3150000FCF0FD300CF079FB704B83F8C44009B030BD81
S3150000FD00032A38D16C4DD5F8F5206D49002009F04D
S3150000FD1068FA95F8F92085F8C820D5F8ED10D5F8D9
S3150000FD20F130C5F8C910C5F8CD3005F1D803D5F8BE
S3150000FD30FD00D5F8011103C3B5F80631A5F8E0308A
S3150000FD40D5F8F530C5F8D430032A1AD05A4B00221C
S3150000FD50C3F8E420042CCED1574D0023C5F8E83073
S3150000FD6005F1D8030FCB8DE80F0005F1C8030FCBC3
S3150000FD700CF0A5F9BFE75349002009F032FA09F063
S3150000FD802DFA05AA06A90DF1120009F0A9FD012810
S3150000FD9026D0032843D0484BD3F8F530059A934232
S3150000FDA00AD1454AD2F8ED50D2F8F1100698079AD2
S3150000FDB0914208BF85423ED03F490093D1F8ED20DD
S3150000FDC0D1F8F1304FF6FF7009F044FD002866D1F6
S3150000FDD03D4909F006FA384B0022C3F8E420B9E79A
S3150000FDE0D5F8F5200092D5F8ED20D5F8F1304FF68C
S3150000FDF0FF7009F02FFD30B9344909F0F2F90022FD
S3150000FE00C5F8E420A6E73249002009F0EAF92A48B5
S3150000FE10B0F80611FD300CF0E7FA05246BE72D4922
S3150000FE20002009F0DEF92448B0F80611FD300CF088
S3150000FE30DBFA05245FE7284809F076FDC0B91E4BBA
S3150000FE40D3F8E430EBB105990A0BC1F30B0101B10C
S3150000FE500132013A934219D32049002009F0C1F931
S3150000FE601548B0F80611FD300CF0BEFA052442E73D
S3150000FE701B49002009F0B5F90F4B0022C3F8E42016
S3150000FE8068E71849002009F0ACF963E75A1C0A4BE9
S3150000FE90C3F8E4201449002009F0A3F95AE71349EE
S3150000FEA0002009F09EF90448B0F80611FD300CF068
S3150000FEB09BFA05241FE700BF88200020D485020096
S3150000FEC04486020000860200408702006486020023
S3150000FED0808602009C8602006C21002000870200BA
S3150000FEE0C0860200F08602002487020070870200A6
S3150000FEF010B5104B93F8C430022B14D884460E4C20
S3150000FF000068DCF80410DCF80820DCF80C300FC4BC
S3150000FF10DCF81000DCF81410DCF8182007C4032005
S3150000FF20FFF7BCFE10BD0549002009F05AF909F09B
S3150000FF3055F900BF88200020742100208C8702001C
S3150000FF4000B585B001910A2818D8DFE800F006222E
S3150000FF502A323A424A725D777F00019A3F49002071
S3150000FF6009F03FF9042203A90D2009F0D1FB039AF9
S3150000FF70019B9A4206D10120FFF790FE002005B0B2
S3150000FF805DF804FB04220DEB02010D2009F0F8FADE
S3150000FF90F1E73349002009F024F90220FFF77EFE3D
S3150000FFA0ECE73049002009F01CF90198FFF7A0FFA3
S3150000FFB0E4E72D49002009F014F90198FFF73EFE09
S3150000FFC0DCE72A49002009F00CF90120FFF766FE5C
S3150000FFD0D4E72749002009F004F90120FFF75EFE67
S3150000FFE0CCE72449002009F0FCF8234B93F8C430F1
S3150000FFF033B1022BC2D02149002009F0F2F8BDE747
S315000100000220FFF74BFEB9E7019A1D49002009F0CE
S31500010010E8F8042203A90D2009F07AFB039A019B53
S315000100209A42ABD004220DEB02010D2009F0A8FA89
S31500010030A4E71449002009F0D4F89FE712490020EB
S3150001004009F0CFF80620FFF729FE97E70F490020B0
S3150001005009F0C7F80620FFF721FE8FE7DC870200CB
S31500010060F88702000488020014880200288802002A
S315000100703C8802005488020088200020648802001F
S31500010080AC880200C88802000489020020890200A7
S3150001009070B5A0B006460D46144606A8FEF71AF935
S315000100A02A46314606A8FEF72BF906A8FEF769F996
S315000100B0082221461CA817F08FFE10B9012020B096
S315000100C070BD2A462649002009F08BF8E37905938D
S315000100D0A37904936379039323790293E3780193D4
S315000100E0A3780093637822781E49002009F079F8F5
S315000100F09DF8773005939DF8763004939DF8753019
S3150001010003939DF8743002939DF8733001939DF823
S31500010110723000939DF871309DF8702012490020CD
S3150001012009F05FF81149002009F05BF8002400E0AE
S315000101300134AC420ED2325D0D49002009F051F86E
S3150001014014F00F0FF4D1002CF2D00A49002009F067
S3150001015048F8EDE70849002009F043F80020AEE72A
S31500010160448902006089020090890200C089020068
S31500010170548E0200CC8902007085020030B585B02C
S3150001018038BB0D46144623B30E2A09D1144A21461B
S315000101902846FFF77DFF38B9124909F022F81CE01D
S315000101A0114909F01EF8F1E70E222946002009F04F
S315000101B0E7F90E4BD3F8ED10D3F8F1200191029235
S315000101C0D3F8F53003930C2201A90F2009F0D8F9D1
S315000101D003E00749002009F004F8002005B030BD0E
S315000101E075210020088A0200D0890200882000209B
S315000101F0188A02002DE9F041A2B005460E461746BF
S315000102009846444C1DAB00931CABD4F8F520D4F8AA
S31500010210ED00D4F8F11009F099FC58B93B46324685
S3150001022029031C980BF0B8FA60B9B8F1000F12D186
S31500010230012004E03849002008F0D3FF002022B055
S31500010240BDE8F0813549002008F0CBFF1C980BF082
S31500010250ABF90020F3E702A8FEF73CF81F9B1F0B42
S31500010260C3F30B0303B10137002519E01F9CC4F347
S315000102700B0422461221304616F071F92346324606
S3150001028029031C980AF00EFB90B922462449002046
S3150001029008F0A7FF2246314602A8FEF731F80135DC
S315000102A0AF420BD97B1EAB42E0D04FF48054E0E75E
S315000102B01C49002008F095FF0020C0E702A8FEF7C0
S315000102C060F808221DA918A817F086FD98B91C9B8D
S315000102D09DF88520144908F084FF01238DF88630A6
S315000102E01DA91C9809F0E8FC0028E5D00F4900205B
S315000102F008F077FFE0E70E49002008F072FF1C982E
S315000103000BF052F90028D7D00A49002008F069FFFE
S31500010310D2E700BF88200020588A02009C8A02008A
S31500010320FC8A0200D88A0200148B0200588B020054
S31500010330748B0200A08B020008B50BF0B1F808B966
S31500010340012008BD0020FCE700B585B010B98C4638
S3150001035011463BB91049002008F043FF002005B0C3
S315000103605DF804FB0D4A6046FFF792FE18B90C4989
S3150001037008F037FFF2E70B4BD3F8ED10D3F8F12075
S3150001038001910292D3F8F53003930C2201A90E20B4
S3150001039009F0F6F8E2E700BFB88B020075210020EC
S315000103A0088A02008820002000B585B010B98C4665
S315000103B011463BB91049002008F013FF002005B093
S315000103C05DF804FB0D4A6046FFF762FE18B90C4959
S315000103D008F007FFF2E70B4BD3F8ED10D3F8F12045
S315000103E001910292D3F8F53003930C2201A90E2054
S315000103F009F0C6F8E2E700BFF48B02007521002080
S31500010400088A02008820002038B504464068FEF7B5
S31500010410FAFF002811DB4FF480758540ABB2B3F5C6
S31500010420005F18D8E36A6BB1E36A83B1AAB2E16AE5
S315000104306068FEF78BFF012038BD08480EF04CF9C5
S315000104400020F9E7A8B20DF08BFBE062ECE7044867
S315000104500EF042F9EAE70020EEE700BF388C020011
S31500010460508C020038B50446456980692D1A002D65
S3150001047019DDB5F5807F01DD4FF48075E369184418
S315000104802A46A168043009F0D7FFA36862680133E0
S315000104901360A36862682B445360A3691D44A56178
S315000104A0A368187838BD4FF0FF30FBE710B5044656
S315000104B0436873B1A36893B16268A3681360626805
S315000104C003F5807353600023A3612361A362636212
S315000104D010BD40F2045015F0BCFF6060EAE74FF42E
S315000104E080700DF03DFBA060E6E710B5044600689C
S315000104F008B115F0ACFF204610BD08B54368026887
S315000105009B1AB1EBA30F00D208BD9A10014815F052
S31500010510BAFF00BF6C8C0200F8B50646002401E064
S315000105200134E4B227460E4AD2F80C31D2F808510A
S315000105305B1BB4EBA30F10D221460A48FFF7DDFF80
S3150001054055F824506B68B342EAD139460548FFF79E
S31500010550D4FF2846FFF786FF01E04FF0FF30F8BDD4
S3150001056088200020902100202DE9F0410E461546F5
S31500010570FFF7BEF804463046FFF7BAF806462846A6
S31500010580FFF7B6F80746A6EB0408B44203D0424685
S31500010590214616F019FA07EB08012846FFF7A9F8D4
S315000105A0BDE8F08108B5FFF7DFFF08BD38B50446A1
S315000105B00D46081D6168814202D02A46FFF7F2FF07
S315000105C06368043B6360284638BD08B5FFF7EEFF54
S315000105D008BD10B584B08446019144680368E31AE6
S315000105E098106FF0604EAEEBA3038B4210D30390CD
S315000105F0814210D803AB1B681844DCF80030E41ABA
S31500010600B0EBA40F09D3B0F1005F09D204B010BD5D
S31500010610104615F035FF01ABEDE76FF06040F5E7E9
S315000106206FF06040F2E708B5B1F1005F03D28800D0
S3150001063015F00FFF08BDB1F1804F01D315F01DFF75
S3150001064015F018FF2DE9F84F05468A4693461C4AD0
S315000106500121FFF7BEFFD5F800806F68AAEB0804F9
S315000106608146F0B1002201462846FFF7DCFF064627
S31500010670DBF800303351002C15DC04343444A7EB8D
S315000106800A07002F15DC3C44B8F1000F02D04046A2
S3150001069015F0DDFE2E606C6006EB8906AE60BDE8E6
S315000106A0F88F0026E4E722464146304616F08CF9DB
S315000106B0E3E73A465146204616F086F9E3E700BFDE
S315000106C0B88C020008B543688268934205D00A686F
S315000106D01A6043680433436008BD0A461946FFF7AA
S315000106E0B1FFF9E7012800D0704708B54FF6FF734F
S315000106F0994200D008BD07480023C0F80831C0F868
S315000107000C31C0F81031044A044900F5847015F023
S3150001071099FEEFE78820002000080020EB04010085
S315000107202DE9F041C4B004460E48D0F81401B0B129
S315000107300F4616461D464BAB03930DF110084A9A18
S31500010740FF2140460DF0BAFFCDF8048000953346EF
S315000107503A4621460348D0F8140108F0C6F944B0D8
S31500010760BDE8F0818820002008B507F0F0FF08BD3C
S3150001077010B582B09DF814400194049C009407F0D2
S315000107807CFE02B010BD10B582B0049C009407F047
S31500010790F3FE02B010BD2DE9F041C4B004460D468A
S315000107A016461F464AAB53F8042B03930DF1100866
S315000107B0FF2140460DF082FFCDF800803B463246D0
S315000107C02946204607F00EFF44B0BDE8F08110B57A
S315000107D082B09DF81040009408F08AF802B010BD6E
S315000107E010B582B09DF81040009408F00FF902B0E0
S315000107F010BDF0B583B0044610F0020F04D114F019
S31500010800010F5DD103B0F0BD634DD5F818111A394A
S31500010810D5F81C011B380023009316231A4689B20A
S3150001082080B2FFF7DDFFD5F82031022B2BD9D5F8A1
S3150001083018111A39D5F81C011B3801260096162302
S315000108401A4689B280B2FFF7CBFFD5F818111A39CB
S31500010850D5F81C011C38009618231A4689B280B2B5
S31500010860FFF7B5FF4C4BD3F818111339D3F81C0118
S31500010870183800220192494B0093134689B280B27F
S31500010880FFF776FFBBE7444DD5F818111A39D5F8AD
S315000108901C011B380026009616231A4689B280B21F
S315000108A0FFF79EFFD5F818111A39D5F81C011C3827
S315000108B0009618231A4689B280B2FFF788FFD1E75E
S315000108C0354CD4F81C011C380023009318231A4612
S315000108D0042180B2FFF784FFD4F82031022B32D9EC
S315000108E02646D4F81C011C380127009718231A46FE
S315000108F0042180B2FFF774FFD4F81C011C3800975D
S3150001090018231A46042180B2FFF761FFD4F81C01AF
S31500010910183800240194224D05F1E403009323467F
S315000109202246082180B2FFF723FFD6F81C011038B2
S31500010930019405F58475009523463A460F2180B248
S31500010940FFF716FF5EE7144ED6F81C011C3800248B
S31500010950009418231A46042180B2FFF738FFD6F80F
S315000109601C01183801940E4D05F1E403009323464A
S315000109702246082180B2FFF7FBFED6F81C0110388B
S31500010980019405F584750095234622460F2180B210
S31500010990FFF7EEFE36E700BF88200020CCA002005C
S315000109A000A0020008B509F064FF08BD2DE9F04F6B
S315000109B087B0019191461C46DDF840B0DDF844A0B0
S315000109C09DF84C3002939DF8503003939DF85430B6
S315000109D00493064650B101980DF0C2F8054658B188
S315000109E006EB09005F46804605901CE0274A012177
S315000109F0052009F0ABFCEEE7254A0121052009F0A7
S31500010A00A5FCEDE7129BDAB2B9B23046FFF7CAFF91
S31500010A10029B93BBDDF81480049B002221464046CD
S31500010A20FEF762FF01370BEB0A03BB4227D9019A96
S31500010A300021304615F093FD039B002BE2D01FFAEF
S31500010A408BF303EB0A01DB1B13FA81F189B201393E
S31500010A50129BDAB289B23046FFF7A4FFD8E702EB60
S31500010A600903F35CA11A013993FAA3F31B0E6B5424
S31500010A700132A846A242F2D3CEE70022FAE728467F
S31500010A800DF076F807B0BDE8F08F00BFD48C0200F8
S31500010A90EC8C020010B586B0012405949DF8304017
S31500010AA004949DF82C4003940A9C0294099C019499
S31500010AB0089C0094FFF77AFF06B010BD10B584B00C
S31500010AC0F7F7CEFCFAF7FCF9F7F7CAFC0121FDF7B7
S31500010AD063F9002427E003F0010040EA42020139EC
S31500010AE05B08002BF7D18A40120E0CF110036B4400
S31500010AF003F8102C0CF1010CBCF10F0F07D80CF107
S31500010B0010036B4413F8102C53081F21E9E7F7F77C
S31500010B10A7FCFAF7D5F9F7F7A3FC80232246694625
S31500010B20FDF7D0FA01347F2C07D80022A1B268461E
S31500010B30FFF738FF4FF0000CDEE7F7F791FC0021D5
S31500010B40FDF72AF904B010BD08B507F0AEFF08BDE0
S31500010B5030B587B0044601A909F088F8002847D1C5
S31500010B60344B93F8383153B9324BD3F82811D3F8B3
S31500010B702C310198029A9A4208BF88423DD09DF8CD
S31500010B801630002B4BD06946204608F0BDFF0028E1
S31500010B904AD1FFF7D9FF039A9DF814100098FFF781
S31500010BA0E3FD244DD5F84001FFF723FE22462249F5
S31500010BB0052008F016FB012385F84431D5F84831A4
S31500010BC05B689847002385F84431019AC5F82821C6
S31500010BD0029AC5F82C21039AC5F83021C5F834418B
S31500010BE0D5F84021C5F83C2185F8383107B030BD2C
S31500010BF01249052008F0F5FAF8E70E4BD3F8303123
S31500010C00039A9A42BBD10B4BD3F83C21D3F840311E
S31500010C109A42B4D10A49052008F0E3FAE6E7094900
S31500010C20052008F0DEFAE1E70749052008F0D9FAC0
S31500010C30DCE700BF88200020948D0200FC8C0200B6
S31500010C40288D02005C8D0200788D020038B50446BD
S31500010C500C4BD3F84C3183420FD00A4BD3F8140115
S31500010C6008B115F0F4FB102015F0F3FB05462146FB
S31500010C7007F036FF034BC3F81451024BC3F84C413E
S31500010C8038BD00BF882000202DE9F0418CB008F066
S31500010C908CFA04460AA809F0F1F808F08DFA06461E
S31500010CA008F094FA0546A4F12803272B00F2E485FF
S31500010CB0DFE813F02800E205E20501022303E2055D
S31500010CC04A052303280085006E010102AE02420493
S31500010CD0C104E205E205E205E205E205E205E205F7
S31500010CE0E205E2050102A603A6032800E2050901C1
S31500010CF0E205E205E205E20528008500C104E205F8
S31500010D006E016E019548FFF7A1FF954B00930023F5
S31500010D101A4602210846FFF703FD432C39D0914BB1
S31500010D2000930023012226210A20FFF7F9FC282C33
S31500010D3038D04A2C36D08C4CD4F818112839029563
S31500010D4001968A4B009300231A4689B20520FFF7C4
S31500010D50E7FC9DF828309DF829209DF82A009DF88A
S31500010D602D509DF82E609DF82F70D4F81811143966
S31500010D700697059604950390029201937C4B009386
S31500010D8000231A4689B20220FFF7CAFC0CB0BDE85F
S31500010D90F081784B00930023012226210220FFF7E0
S31500010DA0BFFCC4E7704BD3F818113C39724B009362
S31500010DB00023022289B20520FFF7B2FCBBE76F4F81
S31500010DC007F59270FFF742FF654B009300231A4621
S31500010DD002210846FFF7A4FC07F58A70FFF736FFE4
S31500010DE0674B00930023012226210A20FFF798FC76
S31500010DF04B2C5BD05C4FD7F8181128390295019618
S31500010E005A4B009300231A4689B20520FFF788FC46
S31500010E109DF828309DF829209DF82A009DF82B5031
S31500010E209DF82C609DF82DC09DF82EE09DF82F8031
S31500010E30D7F818111439CDF82080CDF81CE0CDF87B
S31500010E4018C0059604950390029201934D4B0093A9
S31500010E5000231A4689B20520FFF762FC9DF8283067
S31500010E609DF829209DF82A109DF82B509DF82C609D
S31500010E709DF82DC09DF82EE09DF82F80D7F81C0116
S31500010E807838CDF82480CDF820E0CDF81CC0069640
S31500010E90059504910392029301943B4B009303231E
S31500010EA01A462A2180B2FFF776FC6FE72E4BD3F85C
S31500010EB018113C39304B00930023022289B20520D8
S31500010EC0FFF72EFC96E7254C2046FFF7BFFE244B85
S31500010ED0009300231A4602210846FFF721FC20460B
S31500010EE0FFF7B4FE294B00930023012226210A2095
S31500010EF0FFF716FC1C4CD4F81811283902950196F7
S31500010F001A4B009300231A4689B20520FFF708FC05
S31500010F109DF828309DF829209DF82A009DF82B5030
S31500010F209DF82C609DF82D709DF82EC09DF82FE040
S31500010F30D4F818111439CDF820E0CDF81CC0069765
S31500010F40059604950390029201930E4B009300239C
S31500010F501A4689B20520FFF7E3FB17E714A1020041
S31500010F60B08D0200D88D020088200020F08D02008D
S31500010F70FC8D0200C08D0200E88D020000A0020077
S31500010F801C8E02002C8E02005C8E0200A48E0200D2
S31500010F90924F07F59270FFF759FE914B009300238C
S31500010FA01A4602210846FFF7BBFB07F58A70FFF7D1
S31500010FB04DFE322C65D04F2C6CD08A4B009300230A
S31500010FC01A4626210A20FFF7ABFB874FD7F81811DF
S31500010FD0283902950196854B009300231A4689B25A
S31500010FE00520FFF79DFB9DF828309DF829209DF8E7
S31500010FF02A009DF82B509DF82C609DF82DC09DF878
S315000110002EE09DF82F80D7F818111439CDF82080DD
S31500011010CDF81CE0CDF818C0059604950390029210
S315000110200193734B009300231A4689B20520FFF7FB
S3150001103077FB9DF828309DF829209DF82A109DF808
S315000110402B509DF82C609DF82DC09DF82EE09DF843
S315000110502F80D7F81C017838CDF82480CDF820E010
S31500011060CDF81CC00696059504910392029301944E
S31500011070604B009303231A462A2180B2FFF78BFBAC
S3150001108084E65D4B00930023012226210A20FFF707
S3150001109047FB9AE7594B00930023012226210A2098
S315000110A0FFF73EFB564B0093002302223A210A200A
S315000110B0FFF736FB89E7494F07F59270FFF7C6FD43
S315000110C0474B009300231A4602210846FFF728FBE7
S315000110D007F58A70FFF7BAFD332C65D02B2C6CD03F
S315000110E0484B009300231A4626210A20FFF718FBD6
S315000110F03D4FD7F81C011138029501963B4B0093E1
S3150001110003230022114680B2FFF70AFB9DF828301F
S315000111109DF829209DF82A009DF82B509DF82C60FA
S315000111209DF82DC09DF82EE09DF82F80D7F8181157
S315000111301439CDF82080CDF81CE0CDF818C00596FD
S315000111400495039002920193294B009300231A46BA
S3150001115089B20520FFF7E4FA9DF828309DF8292089
S315000111609DF82A109DF82B509DF82C609DF82DC0F6
S315000111709DF82EE09DF82F80D7F81C017838CDF820
S315000111802480CDF820E0CDF81CC006960595049183
S31500011190039202930194174B009303231A462A21C3
S315000111A080B2FFF7F8FAF1E5174B0093002301220D
S315000111B026210A20FFF7B4FA9AE7144B009300237D
S315000111C0012226210A20FFF7ABFA0D4B00930023DB
S315000111D002223A210A20FFF7A3FA89E700A00200BA
S315000111E0B08D0200E48E020088200020F08D0200FE
S315000111F02C8E02005C8E0200B88E0200C88E0200A0
S31500011200DC8E0200208F0200FC8E02000C8F020091
S31500011210BD4F07F59270FFF719FDBC4B00930023F4
S315000112201A4602210846FFF77BFA07F58A70FFF78F
S315000112300DFDB74B00930023012226210A20FFF75B
S315000112406FFAB44FD7F81C01113802950196B24BCB
S31500011250009303230022114680B2FFF761FA9DF83D
S3150001126028309DF829209DF82A009DF82B509DF8DD
S315000112702C609DF82DC09DF82EE09DF82F80D7F8A3
S3150001128018111439CDF82080CDF81CE0CDF818C01E
S3150001129005960495039002920193A04B00930023B7
S315000112A01A4689B20520FFF73BFA9DF828309DF8CA
S315000112B029209DF82A109DF82B509DF82C609DF849
S315000112C02DC09DF82EE09DF82F80D7F81C017838A7
S315000112D0CDF82480CDF820E0CDF81CC00696059502
S315000112E004910392029301948D4B009303231A46B2
S315000112F0782180B2FFF74FFA48E5834F07F59A70D8
S31500011300FFF7A4FC814B009300231A4607210846E8
S31500011310FFF706FA07F59270FFF798FC2C2C66D0BA
S31500011320804B0093002301223C210F20FFF7F8F99F
S315000113307D48FFF78BFC774FD7F81C0111380295D2
S315000113400196754B009303230022114680B2FFF7E5
S31500011350E7F99DF828309DF829209DF82A009DF887
S315000113602B509DF82C609DF82DC09DF82EE09DF820
S315000113702F80D7F818111939CDF82080CDF81CE047
S31500011380CDF818C005960495039002920193634B1C
S31500011390009300231A4689B20A20FFF7C1F99DF886
S315000113A028309DF829209DF82A109DF82B509DF88C
S315000113B02C609DF82DC09DF82EE09DF82F80D7F862
S315000113C01C017838CDF82480CDF820E0CDF81CC07A
S315000113D0069605950491039202930194504B00934E
S315000113E003231A46202180B2FFF7D5F9CEE44F4BED
S315000113F00093002301223C210F20FFF791F997E783
S31500011400414F07F59270FFF721FC404B00930023F3
S315000114101A4602210846FFF783F907F58A70FFF796
S3150001142015FC412C66D0424B009300231A46262117
S315000114300A20FFF775F93C48FFF708FC354FD7F846
S315000114401C01113802950196334B009303230022A8
S31500011450114680B2FFF764F99DF828309DF82920DE
S315000114609DF82A009DF82B509DF82C609DF82DC003
S315000114709DF82EE09DF82F80D7F818111439CDF874
S315000114802080CDF81CE0CDF818C005960495039090
S3150001149002920193214B009300231A4689B205203B
S315000114A0FFF73EF99DF828309DF829209DF82A106E
S315000114B09DF82B509DF82C609DF82DC09DF82EE0CF
S315000114C09DF82F80D7F81C017838CDF82480CDF807
S315000114D020E0CDF81CC0069605950491039202936F
S315000114E001940F4B009303231A462A2180B2FFF77A
S315000114F052F94BE40F4B00930023012226210A20C7
S31500011500FFF70EF997E700BF00A00200B08D0200B9
S31500011510388F020088200020F08D02002C8E0200F8
S315000115205C8E02005C8F020014A10200488F02004B
S315000115307C8F02006C8F0200C34F07F59A70FFF78C
S3150001154085FBC24B009300231A460A210846FFF782
S31500011550E7F807F59270FFF779FBBD4B009300237F
S3150001156001223C210F20FFF7DBF807F58A70FFF710
S315000115706DFBB84FD7F81C01113802950196B64B91
S315000115800093032300224FF49B7180B2FFF7C8F842
S315000115909DF828309DF829209DF82A009DF82B50AA
S315000115A09DF82C609DF82DC09DF82EE09DF82F80AA
S315000115B0D7F818111939CDF82080CDF81CE0CDF8EF
S315000115C018C005960495039002920193A34B0093CC
S315000115D000231A4689B20A20FFF7A2F8A04B00930E
S315000115E000231A463D2140F22510FFF7CCF89DF85D
S315000115F028309DF829209DF82A109DF82B009DF88A
S315000116002C509DF82D609DF82E709DF82FC0CDF8B9
S3150001161024C00897079606950590049103920293B4
S315000116200194904B00930723032278212820FFF78A
S31500011630B2F8FFF7ABBB844F07F59A70FFF706FBCD
S31500011640824B009300231A460A210846FFF768F8E1
S3150001165007F59270FFF7FAFA4C2C6CD0824B009387
S31500011660002301223C210F20FFF75AF87F48FFF79C
S31500011670EDFA784FD7F81C01113802950196764B91
S315000116800093032300224FF49B7180B2FFF748F8C1
S315000116909DF828309DF829209DF82A009DF82B50A9
S315000116A09DF82C609DF82DC09DF82EE09DF82F80A9
S315000116B0D7F818111939CDF82080CDF81CE0CDF8EE
S315000116C018C005960495039002920193634B00930B
S315000116D000231A4689B20A20FFF722F8604B0093CD
S315000116E000231A4651214FF4D270FFF74CF89DF8AA
S315000116F028309DF829209DF82A109DF82B009DF889
S315000117002C509DF82D609DF82E709DF82FC0CDF8B8
S3150001171024C00897079606950590049103920293B3
S315000117200194504B009307230322A0216420FFF765
S3150001173032F8FFF72BBB4E4B0093002301223C21CD
S315000117400F20FEF7EDFF91E73F4F07F59A70FFF780
S315000117507DFA3E4B009300231A460A210846FEF7FE
S31500011760DFFF07F59270FFF771FA424B00930023F2
S3150001177001223C210F20FEF7D3FF07F58A70FFF700
S3150001178065FA344FD7F81C01253802950196324B7C
S315000117900093032300224FF49B7180B2FEF7C0FF32
S315000117A09DF828309DF829209DF82A009DF82B5098
S315000117B09DF82C609DF82DC09DF82EE09DF82F8098
S315000117C0D7F818111939CDF82080CDF81CE0CDF8DD
S315000117D018C0059604950390029201931F4B00933E
S315000117E000231A4689B20A20FEF79AFF1C4B009382
S315000117F000231A464FF4D271DC20FEF7C4FF9DF890
S3150001180028309DF829209DF82A109DF82B009DF877
S315000118102C509DF82D609DF82E709DF82FC0CDF8A7
S3150001182024C00897079606950590049103920293A2
S3150001183001940C4B009307230322A0214FF48270DD
S31500011840FEF7A9FFFFF7A2BA00A00200B08D0200C1
S31500011850948F020088200020F08D02002C8E020059
S31500011860C86903005C8E0200B88F020014A1020051
S31500011870A48F0200C88F02003048FFF7E7F9304B0A
S31500011880009300231A4602210846FEF749FF2D4B15
S31500011890D3F82031022B3AD901942B4B0093002324
S315000118A0012226210220FEF73BFF264BD3F82031E9
S315000118B0032B36D8234CD4F81811283902950196F2
S315000118C0224B009300231A4689B20520FEF728FF12
S315000118D09DF828309DF829209DF82A009DF82D5065
S315000118E09DF82E609DF82F70D4F8181114390697BB
S315000118F005960495039002920193154B00930023DC
S315000119001A4689B20220FEF70BFFFFF73FBA019490
S315000119100D4B009300231A4626210220FEF700FFF5
S31500011920C3E7084BD3F818113C390A4B009300233F
S31500011930022289B20520FEF7F3FEBBE714A10200DD
S31500011940B08D020088200020D88F0200F08D0200A1
S31500011950FC8D0200E88D02002DE9F04391B0812350
S315000119608DF83E3007F021FC05460023ADF82830FE
S31500011970804BD3F82041022C94BF002401240DF1A1
S315000119803F030DF13D020DA90DF12B0008F07AFA86
S31500011990002800F0E3800DF13E0007F0FBFB00217B
S315000119A00AA80AF0D5F80BA808F068FA714BD3F823
S315000119B01C31B3F5167F06D36E4AD2F81821B2F55B
S315000119C0F07F80F0E980B3F5467F06D3694AD2F805
S315000119D01821B2F5887F80F0A48140F20922934252
S315000119E005D9644AD2F81821792A00F27582B3F52D
S315000119F0C87F06D35F4AD2F81821B2F5967F80F0E8
S31500011A003083B3F5B47F05D35A4AD2F81821B72AE1
S31500011A1000F20084B3F58E7F05D3564AD2F8182119
S31500011A20A72A00F2B784B3F5947F05D3514BD3F8B7
S31500011A3018319F2B00F284854F4E3046FFF706F989
S31500011A404E4B009300231A4606210720FEF768FE37
S31500011A509DF83B309DF83A209DF839109DF83800E5
S31500011A609DF837509DF836709DF835C09DF834E0E5
S31500011A70CDF820E0CDF81CC006970595049003919A
S31500011A80029201933E4D00950023224618211846E5
S31500011A90FEF746FE9DF83D3002939DF93F300193D6
S31500011AA0384B0093002322462A210520FEF738FEF3
S31500011AB09DF82B300193344B0093002322463C21A1
S31500011AC00520FEF72DFE3046FFF7C0F8BDF8283099
S31500011AD0284CD4F818112B399DF93E2003922B4A34
S31500011AE0A2FB030292094FF47A7000FB12339BB2F8
S31500011AF02748A0FB0303DB0802930192254B0093C1
S31500011B0000231A4689B20520FEF70AFE9DF82C30FD
S31500011B109DF82D209DF82E009DF82F609DF83070C0
S31500011B209DF831C09DF832E09DF83380D4F8181144
S31500011B301939CDF82080CDF81CE0CDF818C00597ED
S31500011B400496039002920193009500231A4689B2E6
S31500011B501846FEF7E5FD11B0BDE8F08381238DF847
S31500011B603F3000238DF83D308DF82B300D930E93C9
S31500011B7011E700BF8820002014A10200BC900200DA
S31500011B800C900200349002004C900200D34D62107A
S31500011B90CDCCCCCC54900200C14E06F59277384696
S31500011BA0FFF754F8BF4B009300231A460721084656
S31500011BB0FEF7B6FD06F58A763046FFF747F89DF83B
S31500011BC03B309DF83A209DF839109DF838009DF874
S31500011BD037C09DF836E09DF835809DF83490CDF8F4
S31500011BE02090CDF81C80CDF818E0CDF814C00490F3
S31500011BF0039102920193AC4B0093002322463721B5
S31500011C000F20FEF78DFD9DF83D3002939DF93F3083
S31500011C100193A64B00930023224649210F20FEF78C
S31500011C207FFD3846FFF712F89DF82B300193A04B44
S31500011C3000930023224637214FF48770FEF770FD8B
S31500011C403046FFF703F8BDF828309A4CD4F818113E
S31500011C502B399DF93E200392974AA2FB0302920972
S31500011C604FF47A7000FB12339BB29448A0FB030336
S31500011C70DB0802930192924B009300231A4689B224
S31500011C800A20FEF74DFD9DF82C309DF82D209DF87C
S31500011C902E009DF82F609DF830709DF831C09DF89B
S31500011CA032E09DF83380D4F818111939CDF8208027
S31500011CB0CDF81CE0CDF818C0059704960390029262
S31500011CC00193804B009300231A4689B20A20FEF73E
S31500011CD027FD9DF82C309DF82D209DF82E109DF89E
S31500011CE02F609DF830709DF831C09DF832E09DF867
S31500011CF03380D4F81C014238CDF82480CDF820E099
S31500011D00CDF81CC00697059604910392029301959E
S31500011D106D4B0093022303222F2180B2FEF73BFD78
S31500011D2019E75F4E06F59270FEF790FF674B009339
S31500011D3000231A4607210846FEF7F2FC06F58A76C5
S31500011D403046FEF783FF9DF83B309DF83A209DF81B
S31500011D5039109DF838009DF837709DF836C09DF80A
S31500011D6035E09DF83480CDF82080CDF81CE0CDF823
S31500011D7018C005970490039102920193544B009366
S31500011D800023224635210A20FEF7CAFC9DF83D3084
S31500011D9002939DF93F300193444B00930023224661
S31500011DA047210A20FEF7BCFC9DF82B300193404BDE
S31500011DB000930023224659210A20FEF7B1FC304642
S31500011DC0FEF744FFBDF828303A4CD4F818112B39E8
S31500011DD09DF93E200392384AA2FB030292094FF471
S31500011DE07A7000FB12339BB23448A0FB0303DB0875
S31500011DF002930192324B009300231A4689B20A20BC
S31500011E00FEF78EFC9DF82C309DF82D209DF82E00B6
S31500011E109DF82F609DF830709DF831C09DF832E035
S31500011E209DF83380D4F818111939CDF82080CDF8F2
S31500011E301CE0CDF818C00597049603900292019311
S31500011E40204B009300231A4689B20A20FEF768FC4C
S31500011E509DF82C309DF82D209DF82E109DF82F60B1
S31500011E609DF830709DF831C09DF832E09DF83380C1
S31500011E70D4F81C017838CDF82480CDF820E0CDF8CF
S31500011E801CC0069705960491039202930195114B86
S31500011E90009303231A462A2180B2FEF77CFC5AE6F8
S31500011EA000A00200EC8F02000890020034900200AC
S31500011EB04C90020088200020D34D6210CDCCCCCCB2
S31500011EC0549002002C8E020074900200BC90020015
S31500011ED00C9002005C8E0200C14E06F592773846E0
S31500011EE0FEF7B4FEBF4B009300231A4607210846AE
S31500011EF0FEF716FC06F58A763046FEF7A7FE9DF834
S31500011F003B309DF83A209DF839109DF838009DF830
S31500011F1037C09DF836E09DF835809DF83490CDF8B0
S31500011F202090CDF81C80CDF818E0CDF814C00490AF
S31500011F30039102920193AC4B009300232246372171
S31500011F400F20FEF7EDFB9DF83D3002939DF93F30E2
S31500011F500193A64B00930023224649210F20FEF749
S31500011F60DFFB3846FEF772FE9DF82B300193A04B3E
S31500011F7000930023224637214FF48770FEF7D0FBEA
S31500011F803046FEF763FEBDF828309A4CD4F8181196
S31500011F902B399DF93E200392974AA2FB030292092F
S31500011FA04FF47A7000FB12339BB29448A0FB0303F3
S31500011FB0DB0802930192924B009300231A4689B2E1
S31500011FC00A20FEF7ADFB9DF82C309DF82D209DF8DB
S31500011FD02E009DF82F609DF830709DF831C09DF858
S31500011FE032E09DF83380D4F818111939CDF82080E4
S31500011FF0CDF81CE0CDF818C005970496039002921F
S315000120000193804B009300231A4689B20A20FEF7FA
S3150001201087FB9DF82C309DF82D209DF82E109DF8FC
S315000120202F609DF830709DF831C09DF832E09DF823
S315000120303380D4F81C014238CDF82480CDF820E055
S31500012040CDF81CC00697059604910392029301955B
S315000120506D4B0093022303222F2180B2FEF79BFBD7
S3150001206079E55F4E06F59270FEF7F0FD674B00933A
S3150001207000231A4607210846FEF752FB06F58A7623
S315000120803046FEF7E3FD9DF83B309DF83A209DF87A
S3150001209039109DF838009DF837709DF836C09DF8C7
S315000120A035E09DF83480CDF82080CDF81CE0CDF8E0
S315000120B018C005970490039102920193544B009323
S315000120C00023224635210A20FEF72AFB9DF83D30E2
S315000120D002939DF93F300193444B0093002322461E
S315000120E047210A20FEF71CFB9DF82B300193404B3C
S315000120F000930023224659210A20FEF711FB3046A0
S31500012100FEF7A4FDBDF828303A4CD4F818112B3946
S315000121109DF93E200392384AA2FB030292094FF42D
S315000121207A7000FB12339BB23448A0FB0303DB0831
S3150001213002930192324B009300231A4689B20A2078
S31500012140FEF7EEFA9DF82C309DF82D209DF82E0015
S315000121509DF82F609DF830709DF831C09DF832E0F2
S315000121609DF83380D4F818111939CDF82080CDF8AF
S315000121701CE0CDF818C005970496039002920193CE
S31500012180204B009300231A4689B20A20FEF7C8FAAB
S315000121909DF82C309DF82D209DF82E109DF82F606E
S315000121A09DF830709DF831C09DF832E09DF833807E
S315000121B0D4F81C014238CDF82480CDF820E0CDF8C2
S315000121C01CC00697059604910392029301950E4B46
S315000121D00093022303222F2180B2FEF7DCFABAE430
S315000121E000A00200EC8F0200089002003490020069
S315000121F04C90020088200020D34D6210CDCCCCCC6F
S31500012200549002002C8E020074900200BC900200D1
S315000122100C900200BF4E06F59270FEF717FDBE4BFD
S31500012220009300231A4607210846FEF779FA06F5B8
S315000122308A763046FEF70AFD9DF83B309DF83A2036
S315000122409DF839109DF838009DF837709DF836C015
S315000122509DF835E09DF83480CDF82080CDF81CE05E
S31500012260CDF818C005970490039102920193AB4BE8
S3150001227000930023224635210A20FEF751FA9DF8E4
S315000122803D3002939DF93F300193A54B0093002306
S31500012290224647210A20FEF743FA9DF82B30019387
S315000122A0A04B00930023224659210A20FEF738FA53
S315000122B03046FEF7CBFCBDF828309B4CD4F81811FC
S315000122C02B399DF93E200392984AA2FB03029209FB
S315000122D04FF47A7000FB12339BB29548A0FB0303BF
S315000122E0DB0802930192934B009300231A4689B2AD
S315000122F00A20FEF715FA9DF82C309DF82D209DF841
S315000123002E009DF82F609DF830709DF831C09DF824
S3150001231032E09DF83380D4F818111939CDF82080B0
S31500012320CDF81CE0CDF818C00597049603900292EB
S315000123300193814B009300231A4689B20A20FEF7C6
S31500012340EFF99DF82C309DF82D209DF82E109DF863
S315000123502F609DF830709DF831C09DF832E09DF8F0
S315000123603380D4F81C014238CDF82480CDF820E022
S31500012370CDF81CC006970596049103920293019528
S315000123806E4B0093022303222F2180B2FEF703FA3C
S31500012390FFF7E1BB5F4E06F59270FEF757FC5E4B09
S315000123A0009300231A4607210846FEF7B9F906F5F8
S315000123B08A763046FEF74AFC9DF83B309DF83A2076
S315000123C09DF839109DF838009DF837709DF836C094
S315000123D09DF835E09DF83480CDF82080CDF81CE0DD
S315000123E0CDF818C0059704900391029201934B4BC7
S315000123F000930023224635210A20FEF791F99DF824
S315000124003D3002939DF93F300193454B00930023E4
S31500012410224647210A20FEF783F99DF82B300193C6
S31500012420404B00930023224659210A20FEF778F9F2
S315000124303046FEF70BFCBDF828303B4CD4F818119A
S315000124402B399DF93E200392384AA2FB03029209D9
S315000124504FF47A7000FB12339BB23548A0FB03039D
S31500012460DB0802930192334B009300231A4689B28B
S315000124700A20FEF755F99DF82C309DF82D209DF880
S315000124802E009DF82F609DF830709DF831C09DF8A3
S3150001249032E09DF83380D4F818111939CDF820802F
S315000124A0CDF81CE0CDF818C005970496039002926A
S315000124B00193214B009300231A4689B20A20FEF7A5
S315000124C02FF99DF82C309DF82D209DF82E109DF8A2
S315000124D02F609DF830709DF831C09DF832E09DF86F
S315000124E03380D4F81C014238CDF82480CDF820E0A1
S315000124F0CDF81CC0069705960491039202930195A7
S315000125000E4B0093022303222F2180B2FEF743F9DB
S31500012510FFF721BB00A00200BC9002000C90020054
S31500012520349002004C90020088200020D34D6210A6
S31500012530CDCCCCCC549002002C8E020074900200BB
S315000125405F4E06F59270FEF781FB5E4B009300230A
S315000125501A4607210846FEF7E3F806F58A7630465D
S31500012560FEF774FB9DF83B309DF83A209DF8391033
S315000125709DF838009DF837709DF836C09DF835E016
S315000125809DF83480CDF82080CDF81CE0CDF818C038
S31500012590059704900391029201934B4B00930023FC
S315000125A0224635210A20FEF7BBF89DF83D300293FD
S315000125B09DF93F300193454B009300232246472165
S315000125C00A20FEF7ADF89DF82B300193404B00939E
S315000125D00023224659210A20FEF7A2F83046FEF7CB
S315000125E035FBBDF828303B4CD4F818112B399DF931
S315000125F03E200392384AA2FB030292094FF47A70F5
S3150001260000FB12339BB23548A0FB0303DB080293A0
S315000126100192334B009300231A4689B20A20FEF732
S315000126207FF89DF82C309DF82D209DF82E009DF801
S315000126302F609DF830709DF831C09DF832E09DF80D
S315000126403380D4F818111939CDF82080CDF81CE063
S31500012650CDF818C005970496039002920193214B79
S31500012660009300231A4689B20A20FEF759F89DF80D
S315000126702C309DF82D209DF82E109DF82F609DF889
S3150001268030709DF831C09DF832E09DF83380D4F862
S315000126901C014238CDF82480CDF820E0CDF81CC0CD
S315000126A00697059604910392029301950E4B0093AA
S315000126B0022303222F2180B2FEF76DF8FFF74BBAF2
S315000126C000A00200BC9002000C90020034900200AF
S315000126D04C90020088200020D34D6210CDCCCCCC8A
S315000126E0549002002C8E020074900200F0B58DB059
S315000126F006F05BFD04460AA807F0C0FB9D4BD3F824
S315000127001C31B3F5707F05D39A4AD2F81821B2F578
S31500012710287F61D2B3F55C7F06D3964AD2F8182199
S31500012720B2F5047F80F0C380B3F5167F06D3914AD4
S31500012730D2F81821B2F5F07F80F03681B3F5467FE5
S3150001274006D38C4AD2F81821B2F5887F80F08D81A4
S3150001275040F20922934205D9864AD2F81821792AEC
S3150001276000F2DC81B3F5C87F06D3824AD2F818217C
S31500012770B2F5967F80F04382B3F5B47F05D37D4AE7
S31500012780D2F81821B72A00F2AB82B3F58E7F05D3B2
S31500012790784AD2F81821A72A00F2FB82B3F5947F72
S315000127A005D3744BD3F818319F2B00F2438372483B
S315000127B0FEF74CFA714B009300231A46072108468F
S315000127C0FDF7AEFF6E4B009300231A461921022036
S315000127D0FDF7A6FF0DB0F0BD6A4D05F59270FEF747
S315000127E035FA694B009300231A4607210846FDF77F
S315000127F097FF05F58A70FEF729FA9DF828309DF8AE
S3150001280029209DF82A109DF82B509DF82C609DF8E3
S315000128102D709DF82EC09DF82FE05648D0F81C016A
S315000128204238CDF824E0CDF820C0079706960595E5
S315000128300491039202930194544B009302230322C1
S315000128402F2180B2FDF7A7FF4D4B009300231A46B7
S3150001285027210A20FDF764FF4D4B009300231A46FA
S315000128603A210A20FDF75CFF4A4B009300231A46E2
S315000128704D210A20FDF754FF474B009300231A46CA
S3150001288062210A20FDF74CFF444B009300231A46B0
S315000128908021C820FDF777FF414B009300230122D9
S315000128A04FF489714FF49C70FDF76DFF92E7354D3A
S315000128B005F59270FEF7CAF9334B009300231A46C9
S315000128C007210846FDF72CFF05F58A70FEF7BEF9CC
S315000128D09DF828309DF829209DF82A109DF82B5047
S315000128E09DF82C609DF82D709DF82EC09DF82FE067
S315000128F02048D0F81C014238CDF824E0CDF820C09C
S3150001290007970696059504910392029301941F4B2E
S315000129100093022303222F2180B2FDF73CFF184BBF
S31500012920009300231A4627210A20FDF7F9FE184BCA
S31500012930009300231A463A210A20FDF7F1FE194BAE
S31500012940009300231A464D210A20FDF7E9FE134B99
S31500012950009300231A468021C820FDF714FF104B6F
S315000129600093002301224FF489714FF49C70FDF707
S315000129700AFF2FE78820002014A10200DC91020043
S31500012980E490020000A00200C890020074900200C8
S31500012990FC900200289102004C9102000C020300F7
S315000129A088E0020070910200BD4D05F59270FEF7B8
S315000129B04DF9BC4B009300231A4607210846FDF743
S315000129C0AFFE05F58A70FEF741F99DF828309DF8AE
S315000129D029209DF82A109DF82B509DF82C609DF812
S315000129E02D709DF82EC09DF82FE0AF48D0F81C0140
S315000129F04238CDF824E0CDF820C007970696059514
S31500012A000491039202930194A84B0093022303229B
S31500012A102F2180B2FDF7BFFEA54B009300231A4676
S31500012A2027210A20FDF77CFEA24B009300231A46BC
S31500012A303A210A20FDF774FE9F4B009300231A46A4
S31500012A404D210A20FDF76CFE9C4B009300231A468C
S31500012A5060211846FDF797FE994B0093002301224A
S31500012A60F2217020FDF78FFEB4E68D4D05F59270CB
S31500012A70FEF7ECF8934B009300231A46072108460C
S31500012A80FDF74EFE05F58A70FEF7E0F89DF8283051
S31500012A909DF829209DF82A109DF82B509DF82C6051
S31500012AA09DF82D709DF82EC09DF82FE07E48D0F838
S31500012AB01C017838CDF824E0CDF820C0079706969A
S31500012AC0059504910392029301947F4B009303238E
S31500012AD01A462A2180B2FDF75EFE754B009300234C
S31500012AE01A4645210A20FDF71BFE724B009300236F
S31500012AF01A4659210A20FDF713FE744B0093002351
S31500012B001A466D219820FDF70BFE714B00930023A9
S31500012B101A4681219820FDF703FE5BE6604D05F517
S31500012B209270FEF793F86B4B009300231A46072128
S31500012B300846FDF7F5FD05F58A70FEF787F89DF85D
S31500012B4028309DF829209DF82A109DF82B509DF8D4
S31500012B502C609DF82D709DF82EC09DF82FE05248EF
S31500012B60D0F81C014238CDF824E0CDF820C00797F3
S31500012B700696059504910392029301944B4B00939B
S31500012B80022303222F2180B2FDF705FE01230093C4
S31500012B902A23702237212420FDF719FE4E4B00937C
S31500012BA000231A463D212C20FDF7BAFD4B4B00931D
S31500012BB000231A464D212920FDF7B2FD3C4B009317
S31500012BC000231A4631219820FDF7AAFD394B0093BF
S31500012BD000231A4645219820FDF7A2FD3B4B0093A1
S31500012BE000231A4659219820FDF79AFD384B009388
S31500012BF000231A466D219820FDF792FDEAE5284D3E
S31500012C0005F59270FEF722F82E4B009300231A4623
S31500012C1007210846FDF784FD05F58A70FEF716F8CB
S31500012C209DF828309DF829209DF82A109DF82B50F3
S31500012C309DF82C609DF82D709DF82EC09DF82FE013
S31500012C401948D0F81C014238CDF824E0CDF820C04F
S31500012C500797069605950491039202930194134BE7
S31500012C600093022303222F2180B2FDF794FD104B1E
S31500012C70009300231A4645210A20FDF751FD0D4B0D
S31500012C80009300231A4659210A20FDF749FD0A4BF4
S31500012C90009300231A466D210A20FDF741FD99E5AF
S31500012CA000A00200C8900200882000207490020053
S31500012CB0E4900200FC900200709102000C020300F5
S31500012CC088E002009C9102005C8E020028910200BD
S31500012CD04C910200A8910200C4910200D091020019
S31500012CE07D4D05F59270FDF7B1FF7C4B00930023F6
S31500012CF01A4607210846FDF713FD05F58A70FDF70B
S31500012D00A5FF9DF828309DF829209DF82A109DF8E9
S31500012D102B509DF82C609DF82D709DF82EC09DF8C6
S31500012D202FE06F48D0F81C014238CDF824E0CDF8E9
S31500012D3020C0079706960595049103920293019484
S31500012D40684B0093022303222F2180B2FDF723FD56
S31500012D50654B009300231A4645210A20FDF7E0FC46
S31500012D60624B009300231A4659210A20FDF7D8FC2D
S31500012D705F4B009300231A466D210A20FDF7D0FC14
S31500012D805C4B009300231A4681210A20FDF7C8FCFB
S31500012D9020E5514D05F59270FDF758FF4F4B009315
S31500012DA000231A4607210846FDF7BAFC05F58A7085
S31500012DB0FDF74CFF9DF828309DF829209DF82A1033
S31500012DC09DF82B509DF82C609DF82D709DF82EC016
S31500012DD09DF82FE04248D0F81C014238CDF824E096
S31500012DE0CDF820C0079706960595049103920293A4
S31500012DF001943C4B0093022303222F2180B2FDF75D
S31500012E00CAFC394B009300231A4645210A20FDF7D7
S31500012E1087FC364B009300231A4659210A20FDF7F9
S31500012E207FFC354B009300231A466D210A20FDF7DE
S31500012E3077FCCFE4284D05F59270FDF707FF274B88
S31500012E40009300231A4607210846FDF769FC05F59C
S31500012E508A70FDF7FBFE9DF828309DF829209DF824
S31500012E602A109DF82B509DF82C609DF82D709DF829
S31500012E702EC09DF82FE01A48D0F81C014238CDF833
S31500012E8024E0CDF820C00797069605950491039294
S31500012E9002930194134B0093022303222F2180B244
S31500012EA0FDF779FC104B009300231A4645210A20B1
S31500012EB0FDF736FC0D4B009300231A4659210A20D3
S31500012EC0FDF72EFC0C4B009300231A466D210A20B8
S31500012ED0FDF726FC7EE400BF00A002009C910200E3
S31500012EE08820002074900200E4900200FC90020009
S31500012EF0289102004C9102007091020000B583B046
S31500012F000B48FDF7A3FE0B4BD3F81C014008D3F881
S31500012F10181149080C390C38074B009300231A463F
S31500012F2089B280B2FDF7FCFB03B05DF804FB00BF7C
S31500012F3034A1020088200020E891020000B583B088
S31500012F400B48FDF783FE0B4BD3F81C014008D3F861
S31500012F50181149080C390C38074B009300231A46FF
S31500012F6089B280B2FDF7DCFB03B05DF804FB00BF5C
S31500012F7034A1020088200020EC91020070B582B0D5
S31500012F8004460025404B93F8383123B13E4B93F864
S31500012F902831834209D00A2C28D8DFE804F026120A
S31500012FA01416181A1C1E20222400374BD3F83C2174
S31500012FB0D3F840319A42EED13449052006F011F991
S31500012FC051E0254612E0032510E004250EE0022516
S31500012FD00CE0FF250AE0102508E0112506E01D2575
S31500012FE004E01E2502E01C2500E005252A462849A5
S31500012FF0052006F0F6F86A4601A9284606F0E8FD1E
S3150001300078B12449052006F0ECF8FDF79DFD0A2C60
S3150001301012D8DFE804F00F2A2D3033362828282865
S315000130202800019A1C49052006F0DBF80198FDF7F6
S315000130308FFD18E0FFF762FF134DD5F84001FDF74C
S31500013040D8FB012685F84461D5F848315B68984775
S31500013050002385F84431D5F84031C5F83C3185F86F
S31500013060386185F8284102B070BDFDF70DFEE3E732
S31500013070FEF772FCE0E7FFF739FBDDE7FFF736FB0A
S31500013080DAE7FFF75BFFD7E788200020F09102001F
S3150001309018920200489202003492020008B5084BC9
S315000130A093F838312BB1064B93F82801FFF766FFE9
S315000130B008BD034BD3F83401FDF74AFDF8E700BF1D
S315000130C08820002008B580001130C0B2FBF7BCF99A
S315000130D008BD2DE9F04182B004460D4616461F464D
S315000130E0DDF82080404613F03FFD80B20190CDF817
S315000130F000803B46324629462046FCF709FB02B0D2
S31500013100BDE8F08143788B420DD993420DD903FB7B
S3150001311002118268CB08D05CC94301F0070108415E
S3150001312000F0010070470020704700207047034BF4
S315000131301B690BB1012070470020704788200020D1
S3150001314000B583B007F098FD06F010FC00BB012224
S315000131500DF10701104606F0DBFA10B99DF80730AC
S3150001316013B90120FFF70AFF042269460D2006F074
S31500013170CFFAA0B1002300939DF80020FC210B4853
S3150001318009F0DAFA0A4806F081F803B05DF804FBA3
S315000131900849002006F025F808F050F9D7E7009A0B
S315000131A00549002006F01DF8E6E700BF41FF0000D3
S315000131B0B1F600006C9202008092020010B582B056
S315000131C004460023037043608360C362019001A932
S315000131D00548FDF777FA4FF480600AF0C1FC2062DA
S315000131E0204602B010BD00BF9021002070B50446F4
S315000131F00E461546FDF75AF963680E4A9A60A369A9
S3150001320003F58073A361043D6561E661042204F15F
S315000132100C01304607F010F9E0694FF48072A1689D
S31500013220043007F009F9002323702046FDF7ECF876
S3150001323070BD00BF1905010070B50646002401E006
S315000132400134E4B2184AD2F80C31D2F808515B1BAA
S31500013250B4EBA30F0DD221461448FDF74EF905EB49
S31500013260840155F82430B342EAD11048FDF7ADF98F
S31500013270E6E7F06A08B10AF07BFC0023F3627068A6
S3150001328008B113F0E4F800237360B06808B10AF0DE
S315000132906FFC0023B360306A08B10AF069FC0023B1
S315000132A03362304670BD00BF882000209021002087
S315000132B02DE9F84F0446884692461F46836A8B429B
S315000132C004D83944426A1A4491423CD908EB0706AC
S315000132D0E3689E426DD8236943453ED8A6F58066CC
S315000132E0B6F5FA2F00D900262369B34245D9DA1972
S315000132F01E46D4F80C90914500D39146B3424ED167
S31500013300E2682369A2EB030B5F4500D8BB466368FD
S31500013310226A9A6163689A695A6162689369A9EB3C
S3150001332006052B44D3616068FCF720F86562A66246
S3150001333023691D4425615B46524641462046FFF7F7
S31500013340B7FFBDE8F88F016AA8EB03033A461944B3
S31500013350504613F002FB3846F3E76368A2681A6029
S315000133600023A36123612046FDF77CF86368A26808
S315000133701A602046FDF748F8B0E706F58062B8E71F
S315000133801D4425616268216A916162689169516192
S3150001339061688A691A44CA616068FBF7E7FF2569B3
S315000133A0B542ADD2731BB3F5806FE9D94FF4806393
S315000133B0E6E70020C5E700B583B001230DF107025A
S315000133C0FFF776FF9DF8070003B05DF804FB08B52B
S315000133D04FF6FF710120FDF785F908BD70B588B07C
S315000133E00446437F0C2B5CD8DFE803F007292E4700
S315000133F04C5124421F5633383D00454B454AC3F8CC
S3150001340048212168009162680192A3680293E368EA
S3150001341003932369049363690593637E002B46D165
S31500013420237E002B72D0032342E0394B3A4AC3F87C
S315000134304821E6E7364B394AC3F84821E1E7344BE0
S31500013440374AC3F84821DCE7314B364AC3F84821ED
S31500013450D7E72F4B344AC3F84821D2E72C4B334ADE
S31500013460C3F84821CDE72A4B314AC3F84821C8E7BA
S31500013470274B304AC3F84821C3E7254B2E4AC3F8E8
S315000134804821BEE7224B2D4AC3F84821B9E7204B14
S315000134902B4AC3F84821B4E71D4B2A4AC3F84821F1
S315000134A0AFE7294A0021052006F050FF2CE004234E
S315000134B00693A07E8DF81C00E07E8DF81D00207F0E
S315000134C08DF81E00124EC6F81C11C6F81821C6F852
S315000134D020310025C6F84051D6F848311B686846A8
S315000134E09847E268A168A07EFCF70BF986F8385187
S315000134F000220023C6E94A23C6F830514FF0FF33B4
S31500013500C6F83431C6F83C5108B070BD0223CFE786
S315000135108820002044A102004CA1020054A102000F
S315000135205CA1020064A102006CA1020074A1020068
S315000135307CA1020084A102008CA1020094A10200D8
S315000135409CA10200A4A10200AC92020030B583B096
S315000135500C4601238DF8073040B1012811D0002512
S315000135609DF80720EAB16CB31C4A1BE001220DF15C
S315000135700701062006F0CCF878B101258DF8075031
S31500013580EEE701220DF10701052006F0C1F830B181
S3150001359001238DF807300225E2E70125E0E7022540
S315000135A0DEE70F4A2B460F49052005F01AFE5CB1EE
S315000135B09DF8073043B10C4AD2F840312B43C2F88B
S315000135C0403108E0094AEDE70749D1F8402122EAEE
S315000135D00502C1F8402103B030BD00BFE8920200E8
S315000135E0DC920200F492020088200020EC92020094
S315000135F0F0B591B006F006FC002833D1B74B93F82D
S31500013600C430042B00F04883062B00F0BC81032B49
S315000136102BD0B24B1B691BB3B04B1B6913F0010FC7
S3150001362040F0F183AD4B1B6913F0020F40F00284A9
S31500013630AA4B1B6913F0040F40F01384A74B1B69B7
S3150001364013F0080F40F02484A44B1B6913F0100FEC
S3150001365040F03584A14B1B6913F0200F40F06E84B6
S3150001366011B0F0BD09F0AEFBC8E79C4B93F8F930F9
S31500013670302B1BD011D9A82B00F054814DD9AF2B7B
S3150001368040F07981954B93F8FA209549002005F091
S31500013690A8FD0520FCF702FBBBE7032B00F0F08039
S315000136A030D9203BDBB2012B00F265818D49002028
S315000136B005F097FD894C94F8F9208B49002005F017
S315000136C090FD94F8FA208949002005F08AFDD4F886
S315000136D0F5208749002005F084FDD4F8ED30D4F8B3
S315000136E0F1208449002005F07CFD94F8FA3013F0AE
S315000136F0030F43D08049002005F073FD0520FCF738
S31500013700CDFA86E7002B40F036817C49002005F092
S3150001371068FD0120FCF7C2FA7BE703F16002D2B231
S31500013720012A00F22881A12B00F0D280744A754942
S31500013730002005F056FD0C220BA90E2005F0E8FF2E
S31500013740002840F0C780654BD3F8ED00D3F8F1208F
S315000137500B990C9B9A4208BF88427FF45AAF5F4B84
S31500013760D3F8F5200D9B9A427FF453AF66490020AA
S3150001377005F037FD0520FCF791FA4AE7574906ABF4
S31500013780009305ABD1F8F520D1F8ED00D1F8F11091
S3150001379006F0DCF988BB9DF82A3033B15B4905F0A8
S315000137A020FD0520FCF77AFA33E7059807F0FCFEC1
S315000137B000248DF82A40494BD3F8ED10D3F8F120B7
S315000137C006910792D3F8F520089293F8F9208DF81F
S315000137D0282093F8FA30DB088DF8293006A90598D8
S315000137E006F06AFA059B9DF829204949204605F00D
S315000137F0F8FC0420FCF752FA0BE7384B93F8FA1061
S31500013800C90805A807F01AFF68B1002007F07AFF7A
S315000138100F2007F077FF314B93F8FA10C90805A876
S3150001382007F00CFF20BB00248DF83E402B4BD3F84C
S31500013830ED10D3F8F1200B910C92D3F8F5200D92EF
S3150001384093F8F9208DF83C2093F8FA30DB088DF8CF
S315000138503D300BA9059806F02FFA059B9DF83D20F2
S315000138602B49204605F0BDFC0420FCF717FAD0E6EB
S315000138702849002005F0B5FC0520FCF70FFAC8E63B
S315000138802549002005F0ADFC144CD4F8F520184963
S31500013890002005F0A6FCD4F8ED30D4F8F120154946
S315000138A0002005F09EFCD4F8F520D4F8ED00D4F8FC
S315000138B0F11006F0B7F818B10420FCF7EFF9A8E605
S315000138C01649002005F08DFC0520FCF7E7F9A0E676
S315000138D0134A2CE70420FCF7E1F99AE68820002038
S315000138E0109502004893020064930200749302004B
S315000138F08893020098930200B49302001C9302007D
S315000139001093020090940200A4940200D89302003E
S31500013910F893020020940200449402005494020099
S315000139200C930200B049002005F05BFC0C220BA9A8
S315000139300F2005F0EDFED0B9AC4BD3F8ED00D3F86E
S31500013940F1200B990C9B9A4208BF88427FF461AE25
S31500013950A64BD3F8F5200D9B9A427FF45AAEA449A3
S31500013960002005F03EFC0520FCF798F951E60420FD
S31500013970FCF794F94DE69F49002005F032FC012041
S31500013980FCF78CF945E6994B93F8F930AF2B12D039
S31500013990032B00F0D980A3F12002D2B2012A40F212
S315000139A01081302B00F00D81A82B00F06B810120D6
S315000139B0FCF774F92DE68D4B93F8FA20212A00F2D3
S315000139C0BE80DFE802F011171E27356B80889098BC
S315000139D0BCBCBCBCBCA0BCBCBCBCBCBCBCBCBCBC3C
S315000139E0BCBCBCBCBCBCA8B08349002005F0F9FB3B
S315000139F005F0F4FB8149002005F0F3FB08F088FF90
S31500013A00D5E7002005F01AFF7D49002005F0E9FB06
S31500013A1005F0E4FB7B49002005F0E3FB7A49002031
S31500013A2005F0DFFB0020FFF7A9FA06F073FCBEE7FD
S31500013A306E49D1F8ED20D1F8F1308DF82C20100A1D
S31500013A408DF82D00100C8DF82E00120E8DF82F20FA
S31500013A508DF830301A0A8DF831201A0C8DF8322083
S31500013A601B0E8DF83330D1F8F5308DF834301A0A43
S31500013A708DF835201A0C8DF836201B0E8DF837304F
S31500013A800BA806F051FF20B16049002005F0A9FB03
S31500013A908DE75F49002005F0A4FB88E75D4900201A
S31500013AA005F09FFB06A90BA805F0DEFF00287FF4B1
S31500013AB07EAF002403E0204607F076FD01340B9B20
S31500013AC0A342F8D873E75449002005F08AFB062083
S31500013AD0FBF702FF6BE75149002005F082FB072047
S31500013AE0FBF7FAFE63E74E49002005F07AFB082052
S31500013AF0FBF7F2FE5BE74B49002005F072FB09205C
S31500013B00FBF7EAFE53E74849002005F06AFB00206F
S31500013B10FBF7E2FE4BE74549002005F062FB20205A
S31500013B20FBF7DAFE43E74249002005F05AFB012183
S31500013B300BA808F00DF8002009F0BEF837E73D495B
S31500013B40002005F04EFB32E70BA805F0EDFE80BB29
S31500013B50264BD3F8F520130BC2F30B3202B1013316
S31500013B60013B0B9A93421CD807F0E8FE03280ED0BE
S31500013B703149002005F035FB0520FFF7FFF907F075
S31500013B80F5FC2E4A0121002006F0E0FB0FE72C4947
S31500013B90002005F026FBE02009F08EF807F01CFC5A
S31500013BA005E72849002005F01CFBE02009F084F810
S31500013BB0FDE62549002005F014FBE02009F07CF81C
S31500013BC0F5E60A4B93F8FA3013F0040F3ED0074B93
S31500013BD093F8FA00C0083FF4EAAE0F283FF4E7AEC7
S31500013BE007F090FDE3E600BFD09402008820002094
S31500013BF0F09402002C9502004C95020058950200A3
S31500013C007895020098950200AC950200D4950200C1
S31500013C10EC950200249602004C960200689602007A
S31500013C2088960200A4960200C4960200E896020055
S31500013C30189702005097020094970200AC97020071
S31500013C4064970200C4970200F4970200AB490BABDC
S31500013C50009306ABD1F8F520D1F8ED00D1F8F110BB
S31500013C6005F074FF10B99DF83E3023B9A449002030
S31500013C7005F0B7FAABE7A34905F0B3FA0698FCF7E6
S31500013C8067FFA4E701220BA9082005F041FD9DF875
S31500013C902C00FBF721FE8AE6984BD3F8E830002B7F
S31500013CA03FF4B7AC954BD3F8F5502C0BC5F30B0588
S31500013CB005B10134914BD3F8E460013CA6420CBF37
S31500013CC00127002701D04FF480558C4B93F8F9302A
S31500013CD0A02B69D036D8212B16D8202B16D2032B30
S31500013CE077D1A64247D0884A33468849002005F055
S31500013CF078FA82483B462A46D0F8E810D0F8E40024
S31500013D00FCF71AFB054613E0302B62D1A64230D0F0
S31500013D107D4A33467E49002005F063FA77483B46E3
S31500013D202A46D0F8E810D0F8E400FCF763FA054615
S31500013D3006F018F8A64201D0002D50D10520FBF758
S31500013D40ADFF66E4A12B1AD0A82B42D1A64214D00E
S31500013D506D4A33466F49002005F043FA67483B46F2
S31500013D602A46D0F8E810D0F8E400FCF707FA054631
S31500013D70DEE7694ACDE7684AB6E7674AE9E7A64258
S31500013D8010D0614A33466549002005F02AFA5B489E
S31500013D903B462A46D0F8E810D0F8E400FCF7D4FAFE
S31500013DA00546C5E75C4AEDE7A64210D0564A3346BA
S31500013DB05B49002005F015FA50483B462A46D0F8E3
S31500013DC0E810D0F8E400FCF7EFFA0546B0E7524AEE
S31500013DD0EDE75449002005F004FA05F0FFF9474CD8
S31500013DE0D4F8E4300133C4F8E4300023C4F8E830F1
S31500013DF004F1D8030FCB8DE80F00C83494E80F0007
S31500013E0008F05DF905E44849002005F0EAF90420C7
S31500013E1008F052FF394B93F8C430012B06D0374ACC
S31500013E20136923F001031361FFF7FCBB0620FFF7BB
S31500013E30A5F8F4E73D49002005F0D3F9052008F07F
S31500013E403BFF2E4B93F8C430012B06D02B4A136946
S31500013E5023F002031361FFF7EBBB0720FFF78EF890
S31500013E60F4E73349002005F0BCF9022008F024FFED
S31500013E70224B93F8C430012B06D0204A136923F054
S31500013E8004031361FFF7DABB0820FFF777F8F4E7BD
S31500013E902849002005F0A5F9032008F00DFF174B6E
S31500013EA093F8C430012B06D0144A136923F0080392
S31500013EB01361FFF7C9BB0920FFF760F8F4E71E4954
S31500013EC0002005F08EF900210846FFF73FFB0B4B5A
S31500013ED093F850314BB10020FFF7E0F8074A136918
S31500013EE023F010031361FFF7B5BB044B012283F8DE
S31500013EF050210220FFF742F8EDE700BF882000209D
S31500013F002498020014980200389902009098020041
S31500013F1074980200AC98020014930200CC98020037
S31500013F20EC9802000C9902003C9902005899020093
S31500013F307499020098990200BC9902000C4900206C
S31500013F4005F04FF901210020FFF700FB094B93F81B
S31500013F5050314BB10020FFF7A1F8064A136923F04F
S31500013F6020031361FFF77CBB0320FFF707F8F1E796
S31500013F70E899020088200020014B93F8440170471C
S31500013F808820002070B584B00646084615461C46B2
S31500013F9003A9F9F76FFF034610B1184604B070BDC7
S31500013FA0BDF8243001939DF82030009323462A461C
S31500013FB003993046F9F782FC0346EEE738B5054624
S31500013FC0F5F73AFB044601212846F8F759FD204644
S31500013FD0F5F740FB38BD38B50546F5F72DFB044628
S31500013FE000212846F8F74CFD2046F5F733FB38BD8E
S31500013FF0454B5B6803B1704710B582B004F038FEDB
S31500014000414B5860002860D08368002B5DD03E4B41
S315000140105B689B68187EFF285DD13B4C6368986896
S31500014020417A0023022201F00F01007AF6F782FE9F
S3150001403063689B68987AFF2856D1334C6368986801
S31500014040417B0023022201F00F01007BF6F772FE8D
S3150001405063689868C17B0023022201F00F01807B0F
S31500014060F6F768FE63689B68187CFF2844D1264CE6
S3150001407063689868417D0023022201F00F01007DEB
S31500014080F6F758FE63689868C17C0023022201F0A6
S315000140900F01807CF6F74EFE63689868C17D0023A8
S315000140A0022201F00F01807DF6F744FEA4340123BC
S315000140B0019300930023154A64212046FFF762FF0E
S315000140C02046F8F707FC02B010BD114A0021052071
S315000140D006F03CF99BE7597EC1F30013042201F077
S315000140E00F01F6F727FE98E7D97A0023022201F09D
S315000140F00F01F6F71FFEA0E7597C0023022201F00B
S315000141000F01F6F717FEB2E78820002071F40000D0
S31500014110109A020010B504461749052005F061F80A
S31500014120FFF766FF154BD3F85431BBB1134BD3F8E8
S315000141305431D4F800C06068A168E268C3F800C0D1
S3150001414058609960DA60D4F810C06069A169E269C3
S31500014150C3F810C058619961DA6110BD202009F0D9
S31500014160FFFC064BC3F854010028DFD1044A0121A4
S31500014170052006F0EBF8D9E7289A020088200020EE
S31500014180489A020010B504461749052005F029F89A
S31500014190FFF72EFF154BD3F85831BBB1134BD3F8AC
S315000141A05831D4F800C06068A168E268C3F800C05D
S315000141B058609960DA60D4F810C06069A169E26953
S315000141C0C3F810C058619961DA6110BD202009F069
S315000141D0C7FC064BC3F858010028DFD1044A012168
S315000141E0052006F0B3F8D9E7789A02008820002066
S315000141F0489A020008B5FFF7FBFE08BD10B5044654
S315000142001749052004F0EDFFFFF7F2FE154BD3F831
S315000142105C31BBB1134BD3F85C31D4F800C0606894
S31500014220A168E268C3F800C058609960DA60D4F802
S3150001423010C06069A169E269C3F810C0586199614B
S31500014240DA6110BD202009F08BFC064BC3F85C0136
S315000142500028DFD1044A0121052006F077F8D9E7C5
S315000142609C9A020088200020489A020010B5044654
S315000142701749052004F0B5FFFFF7BAFE154BD3F831
S315000142806031BBB1134BD3F86031D4F800C060681C
S31500014290A168E268C3F800C058609960DA60D4F892
S315000142A010C06069A169E269C3F810C058619961DB
S315000142B0DA6110BD202009F053FC064BC3F86001FA
S315000142C00028DFD1044A0121052006F03FF8D9E78D
S315000142D0C49A020088200020489A020010B50446BC
S315000142E01A49052004F07DFFFFF782FE184BD3F82B
S315000142F06431E3B1164BD3F86431D4F800C0606879
S31500014300A168E268C3F800C058609960DA60D4F821
S3150001431010C06069A169E269C3F810C0586199616A
S31500014320DA610C4A0021052006F010F810BD2020A4
S3150001433009F016FC064BC3F864010028DAD1064AD7
S315000143400121052006F002F8D4E700BFE49A020035
S3150001435088200020009B0200489A020010B50446FE
S315000143601749052004F03DFFFFF742FE154BD3F830
S315000143706831BBB1134BD3F86831D4F800C060681B
S31500014380A168E268C3F800C058609960DA60D4F8A1
S3150001439010C06069A169E269C3F810C058619961EA
S315000143A0DA6110BD202009F0DBFB064BC3F868017A
S315000143B00028DFD1044A0121052005F0C7FFD9E70E
S315000143C0209B020088200020489A020010B504466E
S315000143D01749052004F005FFFFF70AFE154BD3F830
S315000143E06C31BBB1134BD3F86C31D4F800C06068A3
S315000143F0A168E268C3F800C058609960DA60D4F831
S3150001440010C06069A169E269C3F810C05861996179
S31500014410DA6110BD202009F0A3FB064BC3F86C013D
S315000144200028DFD1044A0121052005F08FFFD9E7D5
S315000144303C9B020088200020489A020010B50446E1
S315000144401749052004F0CDFEFFF7D2FD154BD3F831
S315000144507031BBB1134BD3F87031D4F800C060682A
S31500014460A168E268C3F800C058609960DA60D4F8C0
S3150001447010C06069A169E269C3F810C05861996109
S31500014480DA6110BD202009F06BFB064BC3F8700101
S315000144900028DFD1044A0121052005F057FFD9E79D
S315000144A0649B020088200020489A020010B5044649
S315000144B01749052004F095FEFFF79AFD154BD3F831
S315000144C07431BBB1134BD3F87431D4F800C06068B2
S315000144D0A168E268C3F800C058609960DA60D4F850
S315000144E010C06069A169E269C3F810C05861996199
S315000144F0DA6110BD202009F033FB064BC3F87401C5
S315000145000028DFD1044A0121052005F01FFFD9E764
S315000145108C9B020088200020489A020010B50446B0
S315000145201749052004F05DFEFFF762FD154BD3F830
S315000145307831BBB1134BD3F87831D4F800C0606839
S31500014540A168E268C3F800C058609960DA60D4F8DF
S3150001455010C06069A169E269C3F810C05861996128
S31500014560DA6110BD202009F0FBFA064BC3F8780189
S315000145700028DFD1044A0121052005F0E7FED9E72D
S31500014580B49B020088200020489A020010B5044618
S315000145901749052004F025FEFFF72AFD154BD3F830
S315000145A07C31BBB1134BD3F87C31D4F800C06068C1
S315000145B0A168E268C3F800C058609960DA60D4F86F
S315000145C010C06069A169E269C3F810C058619961B8
S315000145D0DA6110BD202009F0C3FA064BC3F87C014D
S315000145E00028DFD1044A0121052005F0AFFED9E7F5
S315000145F0DC9B020088200020489A020030B58BB06F
S31500014600FFF7F6FC5A4B5B689B68187EFF2840F063
S315000146109180574C63689868C17B0123042201F09D
S315000146200F01807BF6F786FB63689B68187CFF2881
S3150001463040F08C804E4D6B689868C17C0123042242
S3150001464001F00F01807CF6F775FB6B689868C17DF8
S315000146500123042201F00F01807DF6F76BFB6B68E5
S315000146609868417D01231A4601F00F01007DF6F796
S3150001467061FB6B689B68587D00223E4900F00F0084
S31500014680F6F73EF902466B689B68187D597D002353
S3150001469001930123009301F00F01F6F7E1FA6B682C
S315000146A09A68537D03F00F03127D3349052004F008
S315000146B098FD0DF1080C314C0FCCACE80F0094E8D5
S315000146C00F008CE80F006B689A6811680291117AE5
S315000146D08DF80C10527AC2F303028DF810209A68F5
S315000146E0917AFF293AD08DF80D10D27AC2F30302DE
S315000146F08DF811209B681A7B8DF80E205B7BC3F326
S3150001470003038DF812301E4B059301238DF82330D8
S31500014710174C02A904F12000F6F702FE63689868B7
S31500014720417A0023042201F00F01007AF6F702FB19
S315000147300BB030BD597E0B0983F0010303F0010371
S31500014740042201F00F01F6F7F5FA62E7597C01231D
S31500014750042201F00F01F6F7EDFA6BE7117A8DF8F5
S315000147600D10527AC2F303028DF81120C2E700BF81
S3150001477088200020A9F50000F89B0200ACA10200E8
S31500014780404B4C0008B51420FBF763F90749052097
S3150001479004F027FDFFF732FF0549052004F021FD4E
S315000147A0142211460C20FBF78DF908BD2C9C020042
S315000147B0409C020030B583B0FFF7E4FF02238DF879
S315000147C004300023012201A91120FBF733F9032349
S315000147D08DF804300023012201A99120FBF72AF963
S315000147E0354BD3F854319B69022B5AD941F2080350
S315000147F0ADF804300023022201A92120FBF71AF9A2
S315000148003124ADF804400023022201A94420FBF71C
S3150001481011F92A4D0195002304220DEB02014520D1
S31500014820FBF708F98DF804400023012201A94E2067
S31500014830FBF700F90024ADF804402346022201A942
S315000148404F20FBF7F7F84FF44453ADF804302346F5
S31500014850022201A9C420FBF7EDF8019523460422A3
S315000148600DEB0201C520FBF7E5F88DF80440234660
S31500014870012201A9CE20FBF7DDF840F20F13ADF8B6
S3150001488004302346022201A9CF20FBF7D3F80122E7
S315000148908DF80420234601A93C20FBF7CBF803B091
S315000148A030BD41F24803ADF804300023022201A9CC
S315000148B02120FBF7BFF8A3E78820002000000F01A5
S315000148C008B5FFF79BFEC82211460A20FBF7FAF846
S315000148D008BD08B51420FBF7BCF80849052004F00B
S315000148E080FCFFF78BFE0649052004F07AFCC822FE
S315000148F028211046FBF7E6F808BD00BF2C9C0200F4
S31500014900409C020000B583B0FFF7E3FF42F60713B0
S31500014910ADF804300023022201A91846FBF78AF8F4
S3150001492037238DF804300023012201A95020FBF71B
S3150001493081F83220FBF78DF803B05DF804FB08B56A
S315000149401420FBF786F80849052004F04AFCFFF716
S3150001495055FE0649052004F044FCC82228211046CC
S31500014960FBF7B0F808BD00BF2C9C0200409C02007A
S3150001497008B51420FBF76DF80749052004F031FC52
S31500014980FFF73CFE0549052004F02BFC14221146D5
S315000149900C20FBF797F808BD2C9C0200409C0200F6
S315000149A008B51420FBF755F80749052004F019FC52
S315000149B0FFF724FE0549052004F013FC14221146D5
S315000149C00C20FBF77FF808BD2C9C0200409C0200DE
S315000149D000B583B0FFF7E4FF0F238DF80430002301
S315000149E0012201A91846FBF725F84FF4E663ADF855
S315000149F004300023022201A95020FBF71BF80C4BBF
S31500014A00D3F868319A68110A8DF804108DF80520DB
S31500014A10DB681A0A8DF806208DF807300023042278
S31500014A200DEB02016120FBF705F803B05DF804FB0D
S31500014A308820002008B51420FBF70BF8074905204C
S31500014A4004F0CFFBFFF7DAFD0549052004F0C9FBA9
S31500014A50142211460C20FBF735F808BD2C9C0200E8
S31500014A60409C020030B583B0FFF7E4FF474B00934B
S31500014A700023042269466620FAF7DCFF45F2495312
S31500014A80ADF800300023022269466620FAF7D2FF0C
S31500014A9003258DF80050002301226946B020FAF75C
S31500014AA0C9FF46F61713ADF8003000230222694606
S31500014AB01846FAF7BFFF00248DF80040234601226D
S31500014AC069462846FAF7B6FF314B93E80300009092
S31500014AD08DF80410234605226946F020FAF7AAFF4D
S31500014AE02C4B1B68ADF800301B0C8DF802302346A9
S31500014AF02A4669460620FAF79DFF8DF800402346AF
S31500014B00012269464120FAF795FF1F238DF80030EF
S31500014B102346012269465020FAF78CFF40F20C53D6
S31500014B20ADF800302346022269466020FAF782FF7B
S31500014B30194BD3F86C319A688DF80020DB681A0A94
S31500014B408DF801208DF8023023462A4669466120F8
S31500014B50FAF770FF01258DF8005023462A4669466B
S31500014B608420FAF767FF8DF8005023462A466946E6
S31500014B706820FAF75FFF21460420FAF763FF4FF436
S31500014B807A70FAF766FF03B030BD00BF4955135D71
S31500014B90CCA10200509C02008820002008B51420F8
S31500014BA0FAF757FF0749052004F01BFBFFF726FD1F
S31500014BB00549052004F015FB142211460C20FAF7CD
S31500014BC081FF08BD2C9C0200409C020010B582B0FA
S31500014BD0FFF7E4FF55238DF804300023012201A9D4
S31500014BE04D20FAF727FFE1238DF804300023012237
S31500014BF001A9B320FAF71EFF51238DF804300023D3
S31500014C00012201A9B620FAF715FF30238DF80430E9
S31500014C100023012201A90320FAF70CFF0A238DF8CC
S31500014C2004300023012201A9F320FAF703FF02242D
S31500014C308DF804400023012201A9E920FAF7FAFEC2
S31500014C4040F69713ADF804300023224601A9184611
S31500014C50FAF7F0FE104B1B68ADF804301B0C8DF80B
S31500014C6006300023032201A90620FAF7E3FE5723A3
S31500014C708DF804300023012201A95020FAF7DAFE4B
S31500014C804FF44163ADF804300023224601A91846CA
S31500014C90FAF7D0FE02B010BD549C020008B51420EC
S31500014CA0FAF7D7FE0749052004F09BFAFFF7A6FCA1
S31500014CB00549052004F095FA142211460C20FAF74D
S31500014CC001FF08BD2C9C0200409C020010B582B079
S31500014CD0FFF7E4FF55238DF804300023012201A9D3
S31500014CE04D20FAF7A7FE0A238DF80430002301228E
S31500014CF001A9F320FAF79EFE00248DF8044023460D
S31500014D00012201A93120FAF795FE114B1B68ADF876
S31500014D1004301B0C8DF806302346032201A9062018
S31500014D20FAF788FE57238DF804302346012201A99C
S31500014D305020FAF77FFE40F60713ADF804302346FC
S31500014D40022201A92046FAF775FE02B010BD00BF86
S31500014D50549C020008B51420FAF77BFE074905208A
S31500014D6004F03FFAFFF74AFC0549052004F039FA39
S31500014D70142211460C20FAF7A5FE08BD2C9C020050
S31500014D80409C020000B583B0FFF7E4FF4FF4AC632B
S31500014D90ADF804300023022201A9F820FAF74AFEF1
S31500014DA0A123ADF804300023022201A9F820FAF765
S31500014DB041FE40F27353ADF804300023022201A9EB
S31500014DC0F820FAF737FE43F27E13ADF804300023DC
S31500014DD0022201A9F820FAF72DFE48F2B803ADF830
S31500014DE004300023022201A9F820FAF723FE9223B8
S31500014DF0ADF804300023022201A9F820FAF71AFEC1
S31500014E0041F28713ADF804300023022201A9F820EC
S31500014E10FAF710FE4FF4D163ADF8043000230222F5
S31500014E2001A9F820FAF706FE43F2A803ADF804300B
S31500014E300023022201A9F820FAF7FCFD104B019389
S31500014E40002304220DEB02016120FAF7F3FD0D4B5D
S31500014E501B68ADF804301B0C8DF8063000230322C5
S31500014E6001A90620FAF7E6FD87238DF80430002311
S31500014E70012201A95020FAF7DDFD03B05DF804FB1C
S31500014E800098020A589C020008B51420FAF7E1FDC1
S31500014E900B49052004F0A5F9FFF7B0FB09490520E8
S31500014EA004F09FF9142211460C20FAF70BFE00219B
S31500014EB01220FAF7C7FD0A20FAF7CBFD08BD00BF9D
S31500014EC02C9C0200409C020030B583B0FFF7DCFF4A
S31500014ED0934BD3F87C319A68B2F5707F03D1DA68C7
S31500014EE0B2F5287F6AD0DB688DF800301B0A8DF891
S31500014EF0013000238DF80230032269460120FAF7BA
S31500014F0099FD874BD3F87C319B7F002B00F0D28033
S31500014F1003238DF800300023012269461120FAF798
S31500014F2089FD7F4BD3F87C114B69DAB28DF80020ED
S31500014F30180A8DF80100C9680A448DF802200B444D
S31500014F401B0A8DF803300023042269464520FAF72F
S31500014F5071FD734CD4F87C211369D9088DF80010C2
S31500014F6092681344DB08013B8DF8013000230222CD
S31500014F7069464420FAF75EFD05238DF800300023CB
S31500014F80012269463C20FAF755FD80238DF8003051
S31500014F900023012269461820FAF74CFDD4F87C312A
S31500014FA09B69032B00F0A780022B00F0AE805D4ABF
S31500014FB00021052005F0CAF903B030BDF7258DF8AB
S31500014FC000500023012269464620FAF733FD43F6D5
S31500014FD09820F8F7F5FF8DF8005000230122694665
S31500014FE04720FAF727FD43F69820F8F7E9FF4E4BDD
S31500014FF093E8030000908DF804100023052269460A
S315000150000C20FAF717FD494B1B68ADF800301B0C55
S315000150108DF802300023032269460120FAF70AFDC2
S3150001502002238DF800300023012269461120FAF788
S3150001503001FD40F2BF330093002304226946442058
S31500015040FAF7F8FC3A4B00930023042269464520FF
S31500015050FAF7F0FC01248DF8004000232246694648
S315000150603C20FAF7E7FC80238DF800300023224626
S3150001507069461820FAF7DEFC8DF800500023224617
S3150001508069462220FAF7D6FC254BD3F87C319B6979
S31500015090032B05D0274A0021052005F057F98BE798
S315000150A00823ADF800300023022269462120FAF7D1
S315000150B0C1FC81E701228DF80020002369461120F9
S315000150C0FAF7B8FC164BD3F87C315A69D1B2DB68D2
S315000150D0C8188DF8000013441B0A8DF801308DF8AD
S315000150E00210120A8DF80320002304226946452086
S315000150F0FAF7A0FC2DE70823ADF8003000230222C1
S3150001510069462120FAF796FC56E74823ADF80030A8
S315000151100023022269462120FAF78CFC4CE700BFE6
S31500015120882000207C9C0200A09C0200A89C020012
S3150001513000009F025C9C020010B5344C63689868BD
S31500015140417A0023022201F00F01007AF5F7F2FD00
S3150001515063689B68987AFF2848D12C4C63689868E5
S31500015160417B0023022201F00F01007BF5F7E2FDEE
S3150001517063689868C17B0023022201F00F01807BDE
S31500015180F5F7D8FD63689B68187CFF2836D11F4C5C
S3150001519063689868417D0023022201F00F01007DBA
S315000151A0F5F7C8FD63689868C17C0023022201F007
S315000151B00F01807CF5F7BEFD63689868C17D002309
S315000151C0022201F00F01807DF5F7B4FD636898684E
S315000151D0417EC1F30013022201F00F01007EF5F7B3
S315000151E0A9FD04F12000F7F715FE10BDD97A0023B9
S315000151F0022201F00F01F5F79DFDAEE7597C002370
S31500015200022201F00F01F5F795FDC0E78820002085
S3150001521000B583B001228DF80420002301A91020D6
S31500015220FAF708FC0A20FAF714FCFFF785FF03B02A
S315000152305DF804FB10B582B017238DF80430002306
S31500015240012201A95020FAF7F5FB0A20FAF701FC21
S3150001525000248DF804402346012201A98220FAF791
S31500015260E9FB0A20FAF7F5FB21460220FAF7EAFBE9
S315000152700A20FAF7EEFBA5238DF804302346012216
S3150001528001A90720FAF7D6FB0A20FAF7E2FBFFF796
S3150001529053FF02B010BD10B582B017238DF804304C
S315000152A00023012201A95020FAF7C4FB0A20FAF7CC
S315000152B0D0FB00248DF804402346012201A9822057
S315000152C0FAF7B8FB0A20FAF7C4FB21460220FAF7DF
S315000152D0B9FB0A20FAF7BDFBA5238DF80430234656
S315000152E0012201A90720FAF7A5FB0A20FAF7B1FB6B
S315000152F0FFF722FF02B010BD00B583B0FFF79AFB9E
S315000153006420FAF7A6FB00210220FAF79BFB642032
S31500015310FAF79FFBA5238DF804300023012201A98A
S315000153200720FAF787FB6420FAF793FBFFF704FFE0
S3150001533003B05DF804FB00B583B0FFF70BFD6420F5
S31500015340FAF787FB00210220FAF77CFB6420FAF7C3
S3150001535080FBA5238DF804300023012201A9072033
S31500015360FAF768FB6420FAF774FBFFF7E5FE03B072
S315000153705DF804FBF0B583B005460C46F7F7DCFA99
S3150001538006464C4B4C4A1A605B689B681B7D012B99
S3150001539027D8484B00221A739C605A7359688B6848
S315000153A05B7D03F00F03012202FA03F34348C0F8C1
S315000153B020348B685B7D03F00F039A40404BC3F8A2
S315000153C02424ADB101230193002300933D4A2946CC
S315000153D03D48FAF765FA58B13C49052003F001FF4B
S315000153E006E00120FEF7EAFDD3E7324B1B7B13BB38
S315000153F0304B5B689A68137D527D02F00F0203EB16
S3150001540043031B013249CB58D34003F001039C42AD
S3150001541023D0F8F7E5FB274B5B7B002BE5D02D4925
S31500015420052003F0DEFE234F07F1A400F7F752FA39
S3150001543000237B73D9E72A462749052003F0D1FECD
S315000154401C48002303730122019200931D4A4FF465
S31500015450FA71A430FAF724FACAE7012303FA02F231
S31500015460164CC4F82424134841688A68527D02F018
S315000154700F029340C4F82034002303608B681B7D20
S31500015480012B12D8F7F758FA801BF8F759FD134A82
S31500015490A2FB003292094FF47A7303FB12031049FF
S315000154A0052003F09EFE03B0F0BD0120FEF793FD3B
S315000154B0E8E700BF8820002015F6000000E0035051
S315000154C000D0035071F400002C210020AC9C020096
S315000154D014C00350CC9C0200E09C0200D34D621024
S315000154E01C9D020008B50849052003F07AFE00213B
S315000154F02020FAF7A7FA4FF4FA60F8F761FD0021C8
S315000155000248FFF737FF08BD449D0200C0D40100E1
S31500015510F0B587B04A49052003F063FEFFF74AF963
S31500015520484DD5F854319868C00808F019FB04466F
S315000155304549052003F055FE01212420FAF782FA98
S31500015540D5F8543199680A095E69D8689F7F04972E
S315000155505B7F039300230293304401900096531C12
S31500015560C9082046FBF796FAD5F854319B69022BF8
S315000155702AD83649052003F034FE0121A420FAF782
S3150001558061FA304DD5F8542191680B095669D068F6
S31500015590977F0497527F0392002202923044019032
S315000155A000960133C9082046FBF774FAD5F8543141
S315000155B09B69022B25D8204608F0DAFAFFF792FFFD
S315000155C0FFF726FE07B0F0BD2149052003F009FECD
S315000155D001212620FAF736FAD5F8543199680A09D5
S315000155E05D69D8689E7F04965B7F039301230293CE
S315000155F0284401900095D318C9082046FBF74AFABA
S31500015600B7E71449052003F0ECFD0121A620FAF7BE
S3150001561019FAD5F8542191680B095569D068967F16
S315000156200496527F0392012202922844019000952A
S3150001563013440022C9082046FBF72CFABBE700BF3A
S31500015640589D0200882000206C9D0200809D02006A
S31500015650789D02008C9D020008B51420FAF7F9F92D
S315000156600949052003F0BDFDFEF7C8FF07490520DE
S3150001567003F0B7FD012211460A20FAF723FA0121A8
S315000156800846FFF777FE08BD2C9C0200409C0200ED
S3150001569010B582B0FFF7E0FF4A4B1B68ADF800304A
S315000156A01B0C8DF802300023032269460620FAF707
S315000156B0C1F94AF26053ADF800300023022269466F
S315000156C0F820FAF7B7F94AF28953ADF8003000230A
S315000156D002226946F820FAF7ADF9A123ADF80030A8
S315000156E0002302226946F820FAF7A4F940F273531F
S315000156F0ADF80030002302226946F820FAF79AF93C
S3150001570043F27E13ADF80030002302226946F820E9
S31500015710FAF790F948F2B803ADF8003000230222F7
S315000157206946F820FAF786F900248DF800402346E9
S3150001573001226946E820FAF77DF90F238DF800303A
S315000157402346012269462620FAF774F903238DF8C8
S3150001575000302346012269462046FAF76BF91A4BB7
S3150001576000932346042269466120FAF763F944232C
S315000157708DF800302346012269465020FAF75AF97E
S3150001578002238DF80030234601226946E020FAF70C
S3150001579051F90DF1070003F0FDFC10B919238DF83D
S315000157A007309DF9073023EAE3738DF800300023B3
S315000157B001226946E520FAF73DF90220FAF749F98F
S315000157C002B010BD949D0200028801E000B583B0CD
S315000157D00120FAF73EF9F7238DF804300023012260
S315000157E001A95020FAF726F90A20FAF732F9002121
S315000157F00220FAF727F901210A20FFF7BBFDFFF77F
S315000158009BFC03B05DF804FB08B51049052003F0C5
S31500015810E8FC0120FAF71DF900210420FAF712F934
S315000158204FF4FA60F8F7CCFB01210020FFF7A2FD47
S3150001583000211220FAF706F94FF4FA60F8F7C0FBD7
S3150001584001210020FFF796FD08BD00BF449D02001F
S3150001585070B586B02949052003F0C3FCFFF718FF90
S31500015860274DD5F858319868C00808F079F90446EB
S315000158702449052003F0B5FC00211020FAF7E2F8CF
S31500015880D5F858219168C9085069D368967F04965E
S31500015890527F0392002202920344019300900B4629
S315000158A02046FBF7F7F8D5F858319B69022B08D843
S315000158B0204608F05DF9FFF7A7FFFFF787FF06B05F
S315000158C070BD1149052003F08CFC00211320FAF765
S315000158D0B9F8D5F858219168C9085069D368957FF8
S315000158E00495527F03920122029203440193009090
S315000158F00B4600222046FBF7CDF8D9E7989D02001A
S3150001590088200020B09D0200B89D020000B583B03A
S3150001591000210220FAF796F81420F8F751FB01212D
S315000159200020FFF727FDA5238DF80430002301226F
S3150001593001A90720FAF77EF81420F8F741FBFFF7D3
S31500015940FBFB03B05DF804FB08B500211220FAF752
S3150001595079F84FF4FA60F8F733FB01210020FFF7DD
S3150001596009FD08BD30B583B0FEF7AAFF584D05F510
S31500015970EA7393E8030000908DF8041000230522D2
S3150001598069460120FAF756F8524B1B68ADF800300C
S315000159901B0C8DF802300023032269460620FAF714
S315000159A049F84AF26053ADF80030002302226946F5
S315000159B0F820FAF73FF84AF28953ADF80030002390
S315000159C002226946F820FAF735F89023ADF800303F
S315000159D0002302226946F820FAF72CF842F69323AF
S315000159E0ADF80030002302226946F820FAF722F8C2
S315000159F044F27313ADF80030002302226946F82001
S31500015A00FAF718F800248DF800402346012269466A
S31500015A101620FAF70FF8AF238DF80030234601223E
S31500015A2069462046FAF706F83A238DF800302346F0
S31500015A30012269463020F9F7FDFF274B00932346E3
S31500015A40042269466120F9F7F5FF12238DF800302B
S31500015A502346012269468220F9F7ECFF87238DF858
S31500015A6000302346012269465020F9F7E3FF234619
S31500015A702C2205F5EE712020F9F7DCFF23462A22B8
S31500015A8005F502712120F9F7D5FF23462A2205F5EE
S31500015A900D712220F9F7CEFF23462A2205F518714A
S31500015AA02320F9F7C7FF23462A2205F5237124206F
S31500015AB0F9F7C0FF21460420F9F7C4FF4FF4FA6055
S31500015AC0F8F77EFA01212046FFF754FC03B030BDFA
S31500015AD000A00200C09D020000B0010870B588B0A8
S31500015AE0FFF740FF224B93E8030008AB03E90300ED
S31500015AF0162008F035F80546002832D00123082281
S31500015B0006A91420F9F796FF00240494039402943D
S31500015B104FF48476019600941623224619462846A8
S31500015B20FAF7B8FF1349052003F05BFB01230822AE
S31500015B3006A91520F9F77EFF049403940123029325
S31500015B40019600941623224619462846FAF7A2FF23
S31500015B50284608F00DF8FFF7F7FEFFF7D7FE08B065
S31500015B6070BD054A0121052004F0F0FBC6E700BF20
S31500015B70B8A20200B89D0200C49D020010B582B011
S31500015B804FF4FA70F8F71CFA00248DF80440234606
S31500015B90012201A90220F9F74DFF0121C820FFF7D3
S31500015BA0E9FBA5238DF804302346012201A907202C
S31500015BB0F9F740FF4FF4FA60F9F74BFFFFF7BCFA2C
S31500015BC002B010BD00B583B00B49052003F009FBF7
S31500015BD000238DF80430012201A91220F9F72AFFCA
S31500015BE0C820F8F7EDF901214CF25030FFF7C2FB5E
S31500015BF003B05DF804FB00BF449D02002DE9F84F98
S31500015C00A849052003F0EDFAFEF77CFEA64BD3F872
S31500015C105C319F68BD08284607F0A2FF0646284664
S31500015C2007F09EFF0446284607F09AFF05467808C6
S31500015C3007F096FF804646B13CB135B128B1012146
S31500015C401020F9F7FFFE002794E0984A002105206D
S31500015C5004F07CFBF3E7D9F808000022394606EB8D
S31500015C60D000FAF79FFEDFF84092D9F85C319868C8
S31500015C700122394604EBD000FAF794FED9F85C31DB
S31500015C8098680222394605EBD000FAF78BFE07F138
S31500015C9001091FFA89F9002249463046FAF782FEC0
S31500015CA0012249462046FAF77DFE02224946284648
S31500015CB0FAF778FEC2E0685C10EA090F04D043F0F7
S31500015CC002038CF8003032E0705C10EA090F2ED125
S31500015CD043F001038CF8003029E0685C10EA090FF3
S31500015CE038D043F002038CF80030013292B20EF143
S31500015CF0010E5FFA8EFEBEF1010F00F2A080C2F323
S31500015D00C701D34303F00703012098405FFA80F9E6
S31500015D109CF800309B00DBB28CF8003014F801B01F
S31500015D2010EA0B0FC7D043F003038CF800309CF840
S31500015D3000309B00DBB28CF80030DAF8080001EB8A
S31500015D40D001605C10EA090FC7D043F003038CF859
S31500015D500030CAE7715C11EA090FC6D143F00103AD
S31500015D608CF80030C1E70122D1404046F9F7D4FD55
S31500015D700237BFB24C4BD3F85C91D9F80C309F4235
S31500015D8069D2D9F8082092080021304610F0E7FBC5
S31500015D90D9F8082092080021204610F0E0FBD9F836
S31500015DA0082092080021284610F0D9FB99F81E30E8
S31500015DB0002B3FF450AFD9F80C10C91B89B2013939
S31500015DC0002289B23046FAF7EDFDDFF8DC90D9F80A
S31500015DD05C31D968C91B89B20139012289B22046D1
S31500015DE0FAF7E0FDD9F85C31D968C91B89B20139E6
S31500015DF0022289B22846FAF7D5FDD9F85C319868AE
S31500015E00D968C91B002289B206EBD000FAF7CAFD90
S31500015E10D9F85C319868D968C91B012289B204EBAB
S31500015E20D000FAF7BFFDD9F85C319868D968C91B6B
S31500015E30022289B205EBD000FAF7B4FD00221A4B13
S31500015E40D3F85CA1DAF808108A428CD208EB520C1E
S31500015E504FF0000E4FE71649052003F0C2F9304610
S31500015E6007F086FE204607F083FE284607F080FEEF
S31500015E70404607F07DFE00210420F9F7E3FD0121EC
S31500015E8041F28830FFF776FA0520F9F7E2FDFFF7D0
S31500015E9099FEFFF773FE0749052003F0A2F9BDE855
S31500015EA0F88F00BFE49D020088200020FC9D0200BF
S31500015EB0249E0200389E020010B582B04FF4FA709B
S31500015EC0F8F77EF800248DF804402346012201A943
S31500015ED00220F9F7AFFD4FF4FA70F8F771F80121D6
S31500015EE04FF4FA60FFF746FAA5238DF804302346EE
S31500015EF0012201A90720F9F79DFD6420F9F7A9FD03
S31500015F00FFF71AF902B010BD00B583B02F4BD3F8D5
S31500015F1060219368A82B0FD0B82B44D0C82B47D04B
S31500015F20A02B49D0B3F5C87F4BD0D268B2F5C07F5C
S31500015F3021D1B82B1FD103E0D168B1F5C07FEBD1D8
S31500015F400A20F9F786FD2249052003F04AF90023C4
S31500015F508DF80430012201A90420F9F76BFD4FF4F5
S31500015F60FA70F8F72DF801214FF47A70FFF702FA6B
S31500015F700A20F9F76EFD1749052003F032F90023CF
S31500015F808DF80430012201A91220F9F753FD4FF4CF
S31500015F90FA60F8F715F801214CF25030FFF7EAF9EB
S31500015FA003B05DF804FBD168B1F5B47FB6D1C7E79C
S31500015FB0D168C829B4D1C3E7D168B1F5947FB1D10D
S31500015FC0BEE7D168B1F5967FAFD1B9E78820002049
S31500015FD04C9E0200449D020070B582B0FEF7AFFCF4
S31500015FE0AF4BD3F860219368C82B22D0A82B00F0C1
S31500015FF0BB80A02B00F06081B3F5C87F00F008825A
S31500016000B3F5487F00F0E082B3F5707F00F0688356
S31500016010B82B00F01384B82B04D1D368B3F5C07F35
S3150001602000F0B4849F4A0021052004F08FF902B0E4
S3150001603070BDD168C829D9D140F60F13ADF800302B
S315000160406C460023022221461846F9F7F3FC072382
S315000160508DF800300023012221461046F9F7EAFCAB
S31500016060914BD3F8C032ADF800301B0C8DF80230DD
S315000160700023032221460620F9F7DCFC4FF0C82352
S3150001608000930023042221466120F9F7D3FC37232C
S315000160908DF800300023012221465020F9F7CAFC71
S315000160A008268DF800600023012221463020F9F7E9
S315000160B0C1FC1C238DF80030002301222146E72074
S315000160C0F9F7B8FC01258DF8005000232A46214630
S315000160D0E920F9F7AFFCA5238DF8003000232A4605
S315000160E02146FF20F9F7A6FC704B93E8030084E8EC
S315000160F00300002332462146EF20F9F79BFC8DF879
S31500016100005000232A462146DC20F9F793FC06239A
S315000161108DF8003000232A462146DD20F9F78AFC56
S3150001612046238DF8003000232A462146DE20F9F762
S3150001613081FC8DF8006000232A462146DA20F9F712
S3150001614079FC00268DF8006033462A462146E82070
S31500016150F9F770FCE3238DF8003033462A462146D1
S31500016160FF20F9F767FC62E7D168B1F5C07F7FF4DC
S3150001617040AF78238DF800300023012269464D2077
S31500016180F9F758FC40F68713ADF8003000230222D8
S3150001619069461846F9F74EFC07248DF8004000239E
S315000161A0012269461046F9F745FC414B1B68ADF8DB
S315000161B000301B0C8DF8023000230322694610467D
S315000161C0F9F738FC3B4B93E803000090ADF8041057
S315000161D0090C8DF806100023224669460620F9F7B8
S315000161E029FC37238DF8003000230122694650200F
S315000161F0F9F720FC40F20223ADF800300023022219
S3150001620069466020F9F716FC254BD3F860319A6888
S31500016210110A8DF800108DF80120DB681A0A8DF835
S3150001622002208DF803300023042269466120F9F724
S3150001623001FC1C238DF80030002301226946E7206A
S31500016240F9F7F8FB22238DF8003000230122694675
S31500016250E320F9F7EFFBD0238DF80030002301226C
S315000162606946B420F9F7E6FB03238DF800300023D5
S3150001627001226946B520F9F7DDFB01248DF80040BE
S31500016280002322466946E920F9F7D4FB08238DF855
S3150001629000300023224669463020F9F7CBFBC6E6DB
S315000162A088200020809E020000A00200AC9E020011
S315000162B0B89E0200BC9E0200D168B1F5947F7FF4BE
S315000162C09BAEBA49052002F08CFFC8222821104650
S315000162D0F9F7F8FB0A20F9F7BCFB78238DF80030B3
S315000162E00023012269464D20F9F7A4FB40F6071366
S315000162F0ADF800300023022269461846F9F79AFBE9
S3150001630007248DF800400023012269461046F9F75B
S3150001631091FBA74B1B68ADF800301B0C8DF80230C2
S315000163200023032269461046F9F784FBA14B93E843
S3150001633003000090ADF80410090C8DF80610002337
S31500016340224669460620F9F775FB37238DF800309A
S315000163500023012269465020F9F76CFB40F2022323
S31500016360ADF800300023022269466020F9F762FB8E
S31500016370914BD3F860319A68110A8DF800108DF8A7
S315000163800120DB681A0A8DF802208DF803300023FC
S31500016390042269466120F9F74DFB1C238DF8003074
S315000163A0002301226946E720F9F744FB22238DF8F1
S315000163B00030002301226946E320F9F73BFBD02395
S315000163C08DF80030002301226946B420F9F732FB2B
S315000163D003238DF80030002301226946B520F9F721
S315000163E029FB01248DF80040002322466946E92055
S315000163F0F9F720FB08238DF8003000232246694671
S315000164003020F9F717FB4FF49670F9F722FB0EE6E9
S31500016410D168B1F5967F7FF4F3AD42F60F13ADF86F
S3150001642000306C460023022221461846F9F702FB8A
S31500016430624B93E803000090ADF804100023062296
S3150001644021460120F9F7F6FA594B1B68ADF80030E1
S315000164501B0C8DF802300023032221461046F9F762
S31500016460E9FA574B1B68ADF800301B0C8DF802306A
S315000164700023032221460620F9F7DCFA4E4BD3F816
S3150001648060319A68110A8DF800108DF80120DB68D9
S315000164901A0A8DF802208DF80330002304222146C2
S315000164A06120F9F7C7FA02238DF800300023012293
S315000164B021463020F9F7BEFA17238DF80030002364
S315000164C0012221465020F9F7B5FAA5238DF80030AF
S315000164D0002301222146FF20F9F7ACFA394B93E854
S315000164E0030084E80300002308222146EF20F9F780
S315000164F0A1FA00268DF80060334601222146DB20F1
S31500016500F9F798FA01258DF8005033462A462146B7
S31500016510F920F9F78FFA8DF8006033462A462146AD
S31500016520CF20F9F787FA3C238DF8003033462A4607
S315000165302146DF20F9F77EFA8DF8005033462A46C8
S315000165402146FD20F9F776FA8DF8006033462A4692
S315000165502146E820F9F76EFA8DF8006033462A469F
S315000165602146DC20F9F766FA8DF8005033462A46B3
S315000165702146DD20F9F75EFA8DF8005033462A46AA
S315000165802146DE20F9F756FAE3238DF8003033462B
S315000165902A462146FF20F9F74DFA8DF80050334679
S315000165A02A462146E920F9F745FA40E5689E0200A8
S315000165B0B89E0200BC9E020088200020C4A20200F0
S315000165C0C49E0200C89E0200D168B1F5F07F7FF437
S315000165D01BAD42F60F13ADF800306D4600230222C3
S315000165E029461846F9F726FAE34B009300230422BD
S315000165F029460620F9F71EFA00248DF800402346A5
S31500016600012229464120F9F715FA37238DF8003082
S315000166102346012229465020F9F70CFA40F20223BB
S31500016620ADF800302346022229466020F9F702FA26
S31500016630D24BD3F860319A68110A8DF800108DF8A3
S315000166400120DB681A0A8DF802208DF803302346F3
S31500016650042229466120F9F7EDF9C94B93E80300B5
S3150001666085E803002346082229466220F9F7E2F964
S3150001667000942346042229466520F9F7DBF91C23F9
S315000166808DF80030234601222946E720F9F7D2F991
S315000166908DF80040234601222946E320F9F7CAF97D
S315000166A001268DF80060234632462946E920F9F78E
S315000166B0C1F908238DF80030234632462946302099
S315000166C0F9F7B8F921460420F9F7BCF94FF4FA7045
S315000166D0F7F776FC31464FF4FA60FEF74BFEA6E477
S315000166E0D168B1F5207F7FF493AC78238DF8003023
S315000166F00023012269464D20F9F79CF940F60F1354
S31500016700ADF800300023022269461846F9F792F9DE
S3150001671007248DF800400023012269461046F9F747
S3150001672089F9984B1B68ADF800301B0C8DF80230C7
S315000167300023032269461046F9F77CF9924B93E848
S3150001674003000090ADF80410090C8DF80610002323
S31500016750224669460620F9F76DF937238DF8003090
S315000167600023012269465020F9F764F940F2022319
S31500016770ADF800300023022269466020F9F75AF984
S315000167807E4BD3F860319A68110A8DF800108DF8A6
S315000167900120DB681A0A8DF802208DF803300023E8
S315000167A0042269466120F9F745F91C238DF800306A
S315000167B0002301226946E720F9F73CF922238DF8E7
S315000167C00030002301226946E320F9F733F9D0238B
S315000167D08DF80030002301226946B420F9F72AF921
S315000167E003238DF80030002301226946B520F9F70D
S315000167F021F901248DF80040002322466946E9204B
S31500016800F9F718F908238DF8003000232246694666
S315000168103020F9F70FF94FF44870F7F7D1FB002153
S315000168200420F9F70FF94FF4FA70F7F7C9FB21467F
S315000168304FF4FA60FEF79EFDFFF7F9BBD168B1F59B
S31500016840B47F7FF4E8AB78238DF800300023012272
S3150001685069464D20F9F7EEF840F64713ADF80030DA
S315000168600023022269461846F9F7E4F807248DF851
S3150001687000400023012269461046F9F7DBF8414B37
S315000168801B68ADF800301B0C8DF802300023032283
S3150001689069461046F9F7CEF83B4B93E803000090A2
S315000168A0ADF80410090C8DF806100023224669463E
S315000168B00620F9F7BFF837238DF8003000230122AF
S315000168C069465020F9F7B6F840F20223ADF80030D8
S315000168D00023022269466020F9F7ACF8274BD3F86A
S315000168E060319A68110A8DF800108DF80120DB6875
S315000168F01A0A8DF802208DF8033000230422694616
S315000169006120F9F797F81C238DF800300023012246
S315000169106946E720F9F78EF822238DF80030002327
S3150001692001226946E320F9F785F8D0238DF8003076
S31500016930002301226946B420F9F77CF803238DF878
S315000169400030002301226946B520F9F773F80124C6
S315000169508DF80040002322466946E920F9F76AF8D6
S3150001696008238DF800300023224669463020F9F7C6
S3150001697061F8FFF75CBB00BF0F8B93A18820002055
S31500016980D49E0200B89E0200BC9E020078238DF8B8
S3150001699000300023012269464D20F9F74BF840F6F5
S315000169A00713ADF800300023022269461846F9F7AD
S315000169B041F807248DF8004000230122694610465C
S315000169C0F9F738F83D4B1B68ADF800301B0C8DF814
S315000169D002300023032269461046F9F72BF8384B9B
S315000169E093E803000090ADF80410090C8DF8061029
S315000169F00023224669460620F9F71CF837238DF84D
S31500016A0000300023012269465020F9F713F840F2BD
S31500016A100223ADF800300023022269466020F9F70F
S31500016A2009F8284BD3F860319A68110A8DF80010DD
S31500016A308DF80120DB681A0A8DF802208DF80330E3
S31500016A400023042269466120F8F7F4FF1C238DF820
S31500016A500030002301226946E720F8F7EBFF2223E5
S31500016A608DF80030002301226946E320F8F7E2FFA2
S31500016A70D0238DF80030002301226946B420F8F7AF
S31500016A80D9FF03238DF80030002301226946B52082
S31500016A90F8F7D0FF01248DF800400023224669460D
S31500016AA0E920F8F7C7FF08238DF8003000232246B6
S31500016AB069463020F8F7BEFFFFF7B9BAB89E020063
S31500016AC0BC9E0200882000202DE9F047714905206F
S31500016AD002F087FBFFF780FA6F4BD3F860319F68AE
S31500016AE0FD08284607F03CF80646284607F038F820
S31500016AF00446284607F034F80546B80807F030F88A
S31500016B0007464EB144B13DB130B101211020F8F72D
S31500016B1099FF4FF0000852E0604A0021052003F07A
S31500016B2015FCF2E7002241463046F9F73BFF012208
S31500016B3041462046F9F736FF022241462846F9F733
S31500016B4031FF81E015F8092012EA0A0F24D043F03B
S31500016B5002038EF80030013080B20CF1010C5FFAAD
S31500016B608CFCBCF1030F70D89EF800309B00DBB2A1
S31500016B708EF80030C0F3C709C14301F007010122B5
S31500016B808A405FFA82FA14F809100A42DAD043F011
S31500016B9003038EF80030DEE716F8092012EA0A0F21
S31500016BA0D9D143F001038EF80030D4E701228908D8
S31500016BB03846F8F7B1FE08F101081FFA88F8364B96
S31500016BC0D3F86091D9F80C30984549D2D9F8082004
S31500016BD0D208002130460FF0C2FCD9F80820D208AD
S31500016BE0002120460FF0BBFCD9F80820D20800216D
S31500016BF028460FF0B4FC99F81E30002B92D0D9F834
S31500016C000C10A1EB080189B20139002289B2304684
S31500016C10F9F7C8FEDFF88090D9F86031D968A1EBA1
S31500016C20080189B20139012289B22046F9F7BAFE73
S31500016C30D9F86031D968A1EB080189B2013902227C
S31500016C4089B22846F9F7AEFE0020134BD3F860311E
S31500016C5099688842AAD207EB900E4FF0000C80E7A4
S31500016C600F49052002F0BDFA304606F081FF2046A5
S31500016C7006F07EFF284606F07BFF384606F078FFD1
S31500016C80FFF742F9FFF718F90649052002F0A9FABC
S31500016C90BDE8F087E09E020088200020FC9D0200EE
S31500016CA0249E0200389E020008B50849052002F01C
S31500016CB098FA00211220F8F7C5FE4FF4FA60F7F7AB
S31500016CC07FF901210020FEF755FB08BD449D020016
S31500016CD010B582B0FDF74CFE3E4A0021052003F0B7
S31500016CE035FB40F6EF03ADF804300023022201A97B
S31500016CF01846F8F79FFE384B0193002304220DEB4B
S31500016D0002010120F8F796FE00248DF8044023467F
S31500016D10012201A90320F8F78DFE304B1B68ADF85F
S31500016D2004301B0C8DF806302346032201A90620E8
S31500016D30F8F780FE0121FA20FEF71CFB214604200C
S31500016D40F8F780FE0121FA20FEF714FB8DF80440C6
S31500016D502346012201A91320F8F76CFE3C238DF886
S31500016D6004302346012201A93020F8F763FE8DF88D
S31500016D7004402346012201A94120F8F75BFE77234F
S31500016D808DF804302346012201A95020F8F752FE5E
S31500016D9022238DF804302346012201A96020F8F749
S31500016DA049FE0F4B0193234604220DEB020161209C
S31500016DB0F8F740FE8DF804402346012201A965201B
S31500016DC0F8F738FE074A2146052003F0BFFA02B05C
S31500016DD010BD00BFF09E020037000505449F02006A
S31500016DE0025801C0189F02002DE9F04F83B03F49B8
S31500016DF0052002F0F6F9FFF76BFF3D4BD3F864313E
S31500016E009D68ED082B011C460193184606F0A8FE65
S31500016E108046204606F0A4FE07464FEA850B5846F3
S31500016E2006F09EFE8146B8F1000F04D01FB110B1E5
S31500016E304FF0000A37E02F4A0121052003F086FAB8
S31500016E40F6E704EB0A01002289B205FB0480F9F793
S31500016E50A9FD01340F2CF4D9002408E004EB0A0142
S31500016E60012289B205FB0470F9F79CFD01340F2C50
S31500016E70F4D9002611E005FB0643FA5C18F8031065
S31500016E8009EB8400F8F7D4FB0134AC42F3D30022BA
S31500016E9059464846F8F740FD01360F2E01D8002421
S31500016EA0F3E70AF1100A124BD3F86431DB68534554
S31500016EB00CD9019C2246002140460FF050FB224688
S31500016EC0002138460FF04BFB0024C3E7404606F08D
S31500016ED04FFE384606F04CFE484606F049FEFFF7DF
S31500016EE0E3FEFEF7A7F903B0BDE8F08F489F020065
S31500016EF0882000205C9F020008B50E49052002F09B
S31500016F0070F900210420F8F79DFD4FF4FA60F7F7B8
S31500016F1057F801210020FEF72DFA00211220F8F77B
S31500016F2091FD4FF4FA60F7F74BF801210020FEF7C7
S31500016F3021FA08BD449D020070B586B02949052095
S31500016F4002F04FF9FDF744FD274DD5F868319868F1
S31500016F50C00806F005FE04462449052002F041F961
S31500016F6001211020F8F76EFDD5F868219168C9084E
S31500016F705069D368967F0496527F0392002202924B
S31500016F800344019300900B462046F9F783FDD5F89B
S31500016F9068319B69022B08D8204606F0E9FDFFF708
S31500016FA0ABFFFEF778F906B070BD1149052002F076
S31500016FB018F901211320F8F745FDD5F868219168E4
S31500016FC0C9085069D368957F0495527F03920122BF
S31500016FD002920344019300900B4600222046F9F7E2
S31500016FE059FDD9E7489F020088200020B09D020084
S31500016FF0B89D020030B583B01349052002F0F1F8BF
S3150001700000248DF804402346012201A96820F8F7DF
S3150001701011FD01258DF8045023462A4601A91220A7
S31500017020F8F708FD21461220F8F70CFD4FF4FA6037
S31500017030F6F7C6FF29464CF25030FEF79BF964205D
S31500017040F6F7BEFF03B030BD449D02002DE9F047BF
S3150001705082B07249052002F0C4F8FDF703FD002253
S315000170608DF80420012101A8F8F756FC6C4BD3F8E2
S315000170706C319E68F508284606F072FD8046284662
S3150001708006F06EFD0446284606F06AFD05467008C0
S3150001709006F066FD0646B8F1000F08D03CB135B1E1
S315000170A028B101211020F8F7CDFC002750E05D4AF8
S315000170B00021052003F04AF9F3E70022394640464C
S315000170C0F9F770FC012239462046F9F76BFC0222DA
S315000170D039462846F9F766FC7CE015F8092012EADC
S315000170E00A0F24D043F002038EF80030013080B23B
S315000170F00CF1010C5FFA8CFCBCF1010F6BD89EF808
S3150001710000301B01DBB28EF80030C0F3C709C14362
S3150001711001F0070101228A405FFA82FA14F8091088
S315000171200A42DAD043F003038EF80030DEE718F89E
S31500017130092012EA0A0FD9D143F001038EF8003073
S31500017140D4E70122D1403046F8F7E6FB0137BFB25A
S31500017150334BD3F86C91D9F80C309F4246D2D9F80B
S315000171600820D208002140460FF0F9F9D9F8082085
S31500017170D208002120460FF0F2F9D9F80820D208EA
S31500017180002128460FF0EBF999F81E30002B94D018
S31500017190D9F80C10C91B89B20139002289B24046BF
S315000171A0F9F700FCDFF87890D9F86C31D968C91B7A
S315000171B089B20139012289B22046F9F7F3FBD9F8E0
S315000171C06C31D968C91B89B20139022289B22846B4
S315000171D0F9F7E8FB0020124BD3F86C319968884225
S315000171E0AFD206EB500E4FF0000C85E70E49052095
S315000171F001F0F7FF404606F0BBFC204606F0B8FC5E
S31500017200284606F0B5FC304606F0B2FCFFF7F2FE62
S31500017210FEF772F802B0BDE8F08700BF809F02005A
S3150001722088200020FC9D0200249E020000B583B048
S3150001723000210220F8F706FC01214CF25030FEF73E
S3150001724099F8A5238DF804300023012201A907200E
S31500017250F8F7F0FBC920F8F7FCFBFDF76DFF03B06B
S315000172605DF804FB08B50F49052001F0BAFF0021BE
S315000172700420F8F7E7FB4FF4FA60F6F7A1FE0121C7
S31500017280C820FEF777F800211220F8F7DBFB4FF450
S31500017290FA60F6F795FE01214CF25030FEF76AF8D6
S315000172A008BD00BF449D0200F0B589B02D490520F7
S315000172B001F097FFFDF78AFC00258DF81C502A4640
S315000172C0012107A8F8F728FB274ED6F870319868F0
S315000172D0C00806F045FC04462449052001F081FF5B
S315000172E001211020F8F7AEFBD6F870219168C90884
S315000172F05069D368977F0497527F0392029503449E
S31500017300019300900B462A462046F9F7C3FBD6F8AF
S3150001731070319B69022B08D8204606F029FCFFF73D
S31500017320A1FFFFF783FF09B0F0BD1149052001F068
S3150001733058FF01211320F8F785FBD6F870219168D3
S31500017340C9085069D368957F0495527F039201223B
S3150001735002920344019300900B4600222046F9F75E
S3150001736099FBD9E79C9F020088200020B09D02006E
S31500017370B89D020000B583B000210220F8F762FB38
S3150001738001214CF25030FDF7F5FFA5238DF80430AD
S315000173900023012201A90720F8F74CFBC920F8F7C1
S315000173A058FBFDF7C9FE03B05DF804FB08B50F49AC
S315000173B0052001F016FF00210420F8F743FB4FF4E6
S315000173C0FA60F6F7FDFD0121C820FDF7D3FF002184
S315000173D01220F8F737FB4FF4FA60F6F7F1FD0121B9
S315000173E04CF25030FDF7C6FF08BD00BF449D0200B8
S315000173F0F0B589B02D49052001F0F3FEFDF766FCD5
S3150001740000258DF81C502A46012107A8F8F784FAB1
S31500017410274ED6F874319868C00806F0A1FB0446D9
S315000174202449052001F0DDFE01211020F8F70AFBB1
S31500017430D6F874219168C9085069D368977F049773
S31500017440527F039202950344019300900B462A460C
S315000174502046F9F71FFBD6F874319B69022B08D831
S31500017460204606F085FBFFF7A1FFFFF783FF09B072
S31500017470F0BD1149052001F0B4FE01211320F8F7F2
S31500017480E1FAD6F874219168C9085069D368957FE5
S315000174900495527F039201220292034401930090C4
S315000174A00B4600222046F9F7F5FAD9E7B89F020004
S315000174B088200020B09D0200B89D020008B50F4942
S315000174C0052001F08EFE00210420F8F7BBFA4FF4E7
S315000174D0FA60F6F775FD0121C820FDF74BFF002183
S315000174E01220F8F7AFFA4FF4FA60F6F769FD0121B9
S315000174F04CF25030FDF73EFF08BD00BF449D02002F
S31500017500F0B589B02D49052001F06BFEFDF73AFC77
S3150001751000258DF81C502A46012107A8F8F7FCF929
S31500017520274ED6F878319868C00806F019FB04464C
S315000175302449052001F055FE01211020F8F782FAB1
S31500017540D6F878219168C9085069D368977F04975E
S31500017550527F039202950344019300900B462A46FB
S315000175602046F9F797FAD6F878319B69022B08D8A5
S31500017570204606F0FDFAFFF7A1FFFDF7DCFE09B094
S31500017580F0BD1149052001F02CFE01211320F8F769
S3150001759059FAD6F878219168C9085069D368957F58
S315000175A00495527F039201220292034401930090B3
S315000175B00B4600222046F9F76DFAD9E7D49F02005F
S315000175C088200020B09D0200B89D020000B583B05E
S315000175D032220A210020F8F775FA00211320F8F764
S315000175E031FA4FF47A70F6F7EBFC00210846FDF705
S315000175F0C1FE03238DF804300023012201A91020C6
S31500017600F8F718FA1420F6F7DBFCFDF795FD03B041
S315000176105DF804FB00B583B00D49052001F0E1FDDD
S31500017620F7238DF804300023012201A92220F8F75F
S3150001763001FA00212020F8F705FA4FF4FA60F6F76F
S31500017640BFFC00210846FDF795FE03B05DF804FB7B
S31500017650449D020070B588B05149052001F0C1FD75
S31500017660FDF732FC4F4BD3F87C319A68B2F5707F47
S3150001767003D1DA68B2F5287F4FD01B69DB088DF894
S315000176801C300023012207A94E20F8F7D3F9454BF8
S31500017690D3F87C21937F002B52D053698DF81C308F
S315000176A01B0A8DF81D300023022207A94F20F8F787
S315000176B0C1F93C4DD5F87C319868C00806F050FAFE
S315000176C004463949052001F08CFD01212420F8F7F3
S315000176D0B9F90A20F8F7BDF9D5F87C219168C908EE
S315000176E05069D368967F0496527F039200220292D4
S315000176F00344019300900B462046F9F7CBF9D5F8E0
S315000177007C319B69022B2BD8204606F031FAFFF714
S3150001771081FFFFF75BFF08B070BD40F2BF33ADF8E4
S315000177201C300023022207A94E20F8F783F9002313
S31500017730ADF81C30022207A94F20F8F77BF9B8E70C
S315000177405369D1685A18013A8DF81C20130A8DF82D
S315000177501D300023022207A94F20F8F76BF9A8E78D
S315000177601249052001F03DFD01212620F8F76AF9AD
S315000177700A20F8F76EF9D5F87C219168C908506995
S31500017780D368957F0495527F0392012202920344A6
S31500017790019300900B4600222046F9F77BF9B3E7E7
S315000177A0F09F020088200020B09D0200B89D0200D3
S315000177B0002304E0C25CD243C25401339BB28B4224
S315000177C0F8D37047002393420ED200B510F803C0D8
S315000177D011F803E00CEA0E0C00F803C001339BB26A
S315000177E09342F3D35DF804FB704711F007011DD0F6
S315000177F0E2B1013A002A15DD00B500EB020C835C0B
S315000178000B411CF801CCC1F1080E0CFA0EFC43EA3F
S315000178100C038354013A002AEFDC03780B41037011
S315000178205DF804FB03780B4103707047704743080A
S31500017830420022F0550252B203F055001043C3B282
S31500017840C0F385009B0023F033035BB200F03300E5
S315000178501843C3B2C0F3031040EA0310C0B2704725
S31500017860D8B170B50E460546B1B1002307E0E95C13
S31500017870F21A013AA85CE854A9540133DBB2B3EB1E
S31500017880560FF4D3002405E0285DFFF7D0FF2855F5
S315000178900134E4B2B442F7D370BD704730B59DF8F8
S315000178A00C400078022813D000201EE0051911F8BB
S315000178B005E012F800C06FEA0C0C4FFA8CFC0EEAD8
S315000178C00C0C01F805C00130C0B29842EED30EE0AF
S315000178D00020FAE700EB040E11F80EC0155C4CEA25
S315000178E0050C01F80EC00130C0B29842F2D330BD8A
S315000178F08281C381C2F3C703837412F0070F01D0DB
S3150001790001338374416170470023172B0BD8074A53
S3150001791052F8232012B10133DBB2F6E7034A42F8EB
S315000179202300012070470020704700BF402400203B
S31500017930827CC274084B1B68C3F3C703B0F90210FB
S31500017940002907DBA3EBE103DBB29A4200D31A4617
S31500017950C27470470731F5E7A02000200023837128
S31500017960C371037243728372037401224274837476
S31500017970C3744361024B1B780BB1027242727047AA
S315000179809C200020134B1B7813B101230372437211
S31500017990022911D0032902D0012916D07047037A92
S315000179A083F001030372437A83F001034372837AFE
S315000179B083F0010383727047437A83F001034372B4
S315000179C0837A83F0010383727047037A83F001039C
S315000179D00372E3E79C20002070B516E08568838872
S315000179E002FB03F303EBD103EC5C5FFA81FC6FEA64
S315000179F00C0C0CF0070C012606FA0CFC44EA0C0CE4
S31500017A0005F803C0314489B2734603F1FF3E1FFAFC
S31500017A108EFE002BE2D170BD2DE9F84380460F465C
S31500017A2015461E46BDF82090144607E03346224609
S31500017A3039464046FFF7D0FF0134A4B205EB090CE5
S31500017A406445F3DBBDE8F88303681A898A420CD8DA
S31500017A505889884201D200207047891A89B25B6829
S31500017A60C1EBC1010B4418797047002070472DE91D
S31500017A70F04F8DB00390049105929DF858800268ED
S31500017A801189994200F29E805089984201D20020C4
S31500017A9099E05B1A9BB25168C3EBC303C818D2F8CD
S31500017AA000B0CF5A90F80290C378089390F9053048
S31500017AB0099390F906200A92B8F1010F07D90693A6
S31500017AC0079200231D461E469A460B905FE000234F
S31500017AD007930693F5E7CBB1B8F1010F25D0069AC6
S31500017AE01119C91A079A524418FB03F3059802FBA8
S31500017AF0080211FB08F104980144CDF800809BB2FD
S31500017B0092B289B20398FFF787FF00236D0801340B
S31500017B10E4B24C451CD21DB91BF80760013780251C
S31500017B202E42D8D001339BB2F0E7099A0499511835
S31500017B3014FA81F189B20A9A059802441AFA82F274
S31500017B40C91A92B289B20398FFF746FF0023DDE70F
S31500017B50CBB1B8F1010F1FD0069A1119C91A079AAC
S31500017B60524418FB03F3059802FB080211FB08F1C6
S31500017B7004980144CDF800809BB292B289B2039871
S31500017B80FFF74AFF00230AF1010A5FFA8AFA089A07
S31500017B90924514D20024BCE7099A0499511814FAA3
S31500017BA081F189B20A9A059802441AFA82F2C91A2F
S31500017BB092B289B20398FFF70FFF0023E3E70B9810
S31500017BC0007900E000200DB0BDE8F08FBFF34F8FC4
S31500017BD00549CA6802F4E062044B1343CB60BFF364
S31500017BE04F8F00BFFDE700BF00ED00E00400FA057E
S31500017BF010B504468369002100689847E36820466A
S31500017C00984710BD5C4B93F860304BB95A4A92F8CD
S31500017C1061202AB9584A92F86220002A00F084802D
S31500017C20002940D01F280FD9C3F3021203F00F0316
S31500017C300121994002EB42031B0103F1A04303F525
S31500017C40703342F21002995010F01C0F13D04A4BB8
S31500017C5093F86120C2F3021302F00F02012101FA27
S31500017C6002F203EB43031B0103F1A04303F5703357
S31500017C7042F210015A5010F0030F7BD03E4B93F89D
S31500017C806220C2F3021302F00F02012101FA02F28D
S31500017C9003EB43031B0103F1A04303F5703342F2E7
S31500017CA010015A5070471F280FD9C3F3021203F06F
S31500017CB00F030121994002EB42031B0103F1A0438B
S31500017CC003F5703341F21002995010F01C0F13D0D6
S31500017CD0294B93F86120C2F3021302F00F0201212E
S31500017CE001FA02F203EB43031B0103F1A04303F57F
S31500017CF0703341F210015A5010F0030F3AD01E4B67
S31500017D0093F86220C2F3021302F00F02012101FA75
S31500017D1002F203EB43031B0103F1A04303F57033A6
S31500017D2041F210015A507047134B93F863300BB36D
S31500017D3081B1C3F3021203F00F030121994002EB53
S31500017D4042031B0103F1A04303F5703342F2100213
S31500017D5099507047C3F3021203F00F0301219940B2
S31500017D6002EB42031B0103F1A04303F5703341F219
S31500017D7010029950704700BF4024002099B338B5CE
S31500017D8004460D46184B93F864301BB103F00F03FC
S31500017D90984218D0144B93F865301BB103F00F03CA
S31500017DA09C4214D0104B93F866301BB103F00F03BD
S31500017DB09C4210D00C4B93F867301BB103F00F03B4
S31500017DC09C420CD038BD00210846A847E2E70021B5
S31500017DD00120A847E6E700210220A847EAE700219B
S31500017DE00320A847EEE770474024002008B51E4B44
S31500017DF093F8670000F07003202B0BD0302B09D0CD
S31500017E00194B93F86C3003F07002202A14D0302AF3
S31500017E1012D008BDC0F3021300F00F0003EB4303B9
S31500017E201A01124B9B58C34013F0010FE8D00E4BB9
S31500017E30996EFFF7A3FFE3E7C3F3021203F00F0303
S31500017E4002EB42021101094A525822FA03F313F0D6
S31500017E50010FDED0044B93F86700996E00F00F0016
S31500017E60FFF78CFFD5E700BF4024002014C0035064
S31500017E70BFF34F8F0549CA6802F4E062044B13430E
S31500017E80CB60BFF34F8F00BFFDE700BF00ED00E001
S31500017E900400FA05024B012283F86D20704700BFEA
S31500017EA040240020024B012283F86E20704700BF58
S31500017EB040240020027802F00703012B03D0012B96
S31500017EC00BD000207047417801F0CC01C829F6D1CA
S31500017ED012F0400FF3D100207047437803F0CC0332
S31500017EE0CC2B01D00020704712F0400F01D10020A9
S31500017EF07047012070470123002205E010F803C0F6
S31500017F006244D2B20133DBB28B42F7D3007890429E
S31500017F1014BF0020012070470123002205E010F85C
S31500017F2003C06244D2B20133DBB28B42F7D3027093
S31500017F307047072809D808B58318082B00D908BD4A
S31500017F40024B18440EF009FDF9E77047B0240020F2
S31500017F5038B505460C468A8889680EF0FEFCE1684C
S31500017F6031B16288A088121A92B228440EF0F5FC4B
S31500017F7038BD0346024A03CA18605960704700BFFC
S31500017F804880E00F2DE9F84304460E4600780228A2
S31500017F9000F0A48015D8012800F22381E1799942E5
S31500017FA040F01F81B4F902309A42C0F21A81A189C8
S31500017FB019448A4280F2158198B2101A80B20021C2
S31500017FC055E0052840F00D81E179012940F206814D
S31500017FD0B4F902108A42C0F20481A089084482429F
S31500017FE080F2FF8094F81080E08900FB03F3A07C07
S31500017FF000FB0388D4F8149089B2521A95B200276F
S3150001800007E10B46A27A002A41D06769A289121AB2
S315000180101546002A37DB94F812C00CFB03F303EB79
S31500018020E503FB5C554202F0070205F0070558BF60
S315000180306A42C2F10702134113F0010F15D0B4F9D8
S3150001804004300B441A46002B1FDBD210B55C5F428D
S3150001805003F0070307F0070758BF7B42C3F1070385
S31500018060012707FA03F32B43B354013189B2E3899C
S315000180708B4240F2B680627A002AC2D15B1A9BB269
S31500018080013B9BB2BEE7D51DC5E7DA1DDDE7626997
S31500018090A57C05FB03F303EBD003D35CC24302F0DB
S315000180A00702134113F0010FDFD0B4F904300B447A
S315000180B01A46002B10DBD210B55C5F4203F00703B2
S315000180C007F0070758BF7B42C3F10703012707FAE9
S315000180D003F32B43B354C8E7DA1DECE7E179994280
S315000180E07FD1B4F902309A427BDBA18919448A42D5
S315000180F077DA98B2101A80B2002137E00B46A27ADD
S31500018100002A42D06769A289121A1546002A38DB6D
S3150001811094F812C00CFB03F303EBE503FB5C554239
S3150001812002F0070205F0070558BF6A42C2F10702CD
S31500018130134113F0010F17D0B4F904300B441D4657
S31500018140002B20DBED10775D5A4203F0070302F0A6
S31500018150070258BF5342C3F10703012202FA03F390
S31500018160DB435BB23B407355013189B2E3898B42F4
S3150001817037D9627A002AC1D15B1A9BB2013B9BB205
S31500018180BDE7D51DC4E7DD1DDCE76269A57C05FBFE
S3150001819003F303EBD003D35CC24302F0070213419E
S315000181A013F0010FE0D0B4F904300B441D46002B47
S315000181B012DBED10775D5A4203F0070302F0070266
S315000181C058BF5342C3F10703012202FA03F3DB430B
S315000181D05BB23B407355C7E7DD1DEAE799423FF4C1
S315000181E0F7AEBDE8F8833B461DE0073120E0D2102B
S315000181F0B15C584203F0070300F0070058BF434241
S31500018200C3F10703012000FA03F30B43B35401370B
S31500018210BFB2E389BB42E4D9627A002AE3D1DB1B10
S315000182209BB2013B9BB2A27A0AB3A189491BDCD45A
S3150001823008EBE101A27C02FB03114846FBF7BBF800
S31500018240A3895B1B5A4203F0070302F0070258BFDA
S315000182505342C3F10703184110F0010FD7D0B4F907
S3150001826004303B441A46002BC1DADA1DBFE708EB9E
S31500018270D501A27C02FB03114846FBF79CF8EB43B0
S3150001828003F00703184110F0010FC0D0B4F9043010
S315000182903B441A46002B10DBD210B15C584203F066
S315000182A0070300F0070058BF4342C3F1070301204B
S315000182B000FA03F30B43B354A9E7DA1DECE72DE902
S315000182C0F04F85B004460191934688464FF0000968
S315000182D03DE0424FBB6F5A68937AD27A02F00F02A1
S315000182E0012606FA02F23E4D03EB430305EB0313A7
S315000182F042F210015A5003238DF80C30230C8DF8ED
S315000183000D30230A8DF80E308DF80F4007F17C0AE7
S31500018310042203A95046F4F739FD4FF400624146A1
S315000183205046F4F749FCBB6F5A68937AD27A02F049
S315000183300F02964003EB430305EB031541F21003CD
S31500018340EE5004F5006408F5006809F10109B9EB7E
S31500018350DB2FBED3019BA8EB03055D4502D305B018
S31500018360BDE8F08FDFF87490D9F878305A68937ABF
S31500018370D27A02F00F02012707FA02F2184E03EB36
S31500018380430306EB031342F210015A5003238DF8FF
S315000183900C30230C8DF80D30230A8DF80E308DF834
S315000183A00F4009F17C04042203A92046F4F7EEFCF0
S315000183B0ABEB050241462046F4F7FEFBD9F87830CF
S315000183C05A68937AD27A02F00F02974003EB43037D
S315000183D006EB031641F21003F750C0E740240020D4
S315000183E000C0035008B5044B93F8003103B908BD2A
S315000183F0F5F7C6FEFBE700BF4024002010B5044692
S31500018400FFF758FD38B10822611D05480FF0E4FC5D
S3150001841018B9204610BD0020FCE70020FAE700BF8E
S315000184204880E00F034A936C1BBA4360D36C1BBAB6
S31500018430036070470080E00F70B50446437CB3B11A
S315000184400378052B15D145692E682EB13046FAF70A
S31500018450F3FE30460DF0FBFF6E682EB13046FAF79B
S31500018460EBFE30460DF0F3FF284605F081FB204672
S3150001847070BD406905F07CFBF9E72DE9F04F85B049
S3150001848001908B4602921C460E9E9DF83C90182048
S315000184900DF0DFFF0746FFF761FA21463846FFF781
S315000184A071FA3B7A334A1278934220D035884FEAE3
S315000184B0D50815F0070F01D008F101081BB90BF01B
S315000184C007031D44ADB215F0070F15D0ED080135B0
S315000184D0ADB2708810FB05F080B20230012180B286
S315000184E006F002F982460024CDF80C9008E05A46BF
S315000184F0DDF804B00192D9E7ED08EAE70134A4B248
S315000185007388A34216D905FB04A908FB04F10431BB
S315000185104246314448460EF020FA3B7A002BEDD113
S315000185201BF0070FEAD0EAB20BF007014846FFF746
S315000185305CF9E3E7DDF80C90EA0092B25146384661
S31500018540FFF7D6F9A7F802B0019BBB80029BFB712E
S31500018550B9F1000F0AD002233B703846FFF7E8F95C
S315000185603846FFF7D1F905B0BDE8F08F01233B701E
S31500018570F3E700BF9C2000202DE9F84305460E468F
S3150001858017469946DDF8208018200DF062FF044653
S31500018590FFF7E4F949462046FFF7F4F9227A104B32
S315000185A01B789A4217D0B8F80230B8F8002008F1C3
S315000185B004012046FFF79CF96680A580E771002338
S315000185C06374012323702046FFF7B2F92046FFF7B3
S315000185D09BF9BDE8F88333462E461D46E3E700BF07
S315000185E09C2000202DE9F04FCBB002AFF8608A46FF
S315000185F014461D4607F5A47353F8042BFB6107F1D6
S315000186002006FF21304606F059F82046FAF75AFDB2
S31500018610C31D23F00703ADEB030D694641F8086B53
S315000186200023224607F11000FAF753FD18200DF03A
S3150001863010FF8146FFF792F900214846FFF7A2F99C
S315000186407B7C05FB03F8C8F3C70813F0070F03D0BB
S3150001865008F101085FFA88F8444613FB05F010FBA0
S3150001866008F080B20121084406F03EF84FF0000BF5
S31500018670C7F80890C7F804A0C24680462E463CE0DB
S315000186800135EDB2B54221D25A46494607F11000ED
S31500018690FAF738FD0028F3D019FB06F355FA83F3F0
S315000186A0DAB21BFB06F154FA81F1C9B2C3F3C40372
S315000186B0D24302F007020AFB013318F80310012026
S315000186C000FA02F20A4308F80320D9E709F1010981
S315000186D05FFA89F97B7C4B4501D90025D2E704F184
S315000186E0010C5FFA8CF4B44202D24FF00009F1E7B3
S315000186F03C680BF1010B5FFA8BFB7B7C5B4504D974
S315000187004FF000093C604C46EDE7D7F80890D7F8E2
S3150001871004A0E20092B206FB03F341464846FFF786
S31500018720E7F8FB68A9F80230A9F804A0002389F844
S315000187300730012389F800304846FFF7F9F8484623
S31500018740FFF7E2F807F59277BD46BDE8F08F2DE910
S31500018750F04182B0064621292CD0154630294ED04B
S31500018760202902D002B0BDE8F08118200DF071FE7B
S315000187700446FFF7F3F800256580A580E571594B9E
S315000187801B88594A128831462046FFF7B1F8032360
S3150001879023702572637A23B16572A37A83F001038C
S315000187A0A372002363742046FFF7C2F82046FFF741
S315000187B0ABF8D7E718200DF04CFE0446FFF7CEF8CC
S315000187C000256580A580E571464B1B88464A1288BF
S315000187D031462046FFF78CF8042323702572637A0D
S315000187E023B16572A37A83F00103A3720023637434
S315000187F02046FFF79DF82046FFF786F8B2E71820D6
S315000188000DF027FE0446FFF7A9F80121082005F01F
S315000188106BFF074630200DF01CFE8046FAF7CEFCB2
S31500018820C7F80080052323702A4631464046FAF7E9
S31500018830DDFC78B300213868FAF7BDFD2074052305
S315000188406A4601213868FAF733FDBDF80230BDF8F2
S31500018850002039462046FFF74BF800236380A380AA
S315000188602372637A2BB100236372A37A83F0010327
S31500018870A3729DF8043003F00F03012B20D0022BC5
S3150001888021D0012363742046FFF752F82046FFF7F3
S315000188903BF867E7154805F01FFF2CB12046FFF7A7
S315000188A0CBFD20460DF0D3FD3C682CB12046FAF7EE
S315000188B0C3FC20460DF0CBFD384605F059F951E7CA
S315000188C00022E271DBE7E37130200DF0C2FD804644
S315000188D0FAF774FCC7F804802A4631464046FAF78F
S315000188E085FCCEE7A4200020A0200020049B0300E5
S315000188F02DE9F04F85B08346884691461D46D0083E
S3150001890012F0070600D00130044605FB00F00121F4
S31500018910043005F0E9FE0746002874D05FFA89FAAB
S315000189206EB10AF10103DBB23B807D80381D09F18E
S31500018930FF3292B211464FF0010C039617E05346EF
S31500018940F2E74FEADC0910F809105FFA8CF3DB4312
S3150001895003F007034FF0010E0EFA03FE41EA0E0182
S3150001896000F809100CF1010C1FFA8CFC31464E1E61
S31500018970B6B20029E5D1039E012107E02344013B5C
S315000189804FF0010C00F803C0013189B205F1FF3C3B
S31500018990614514DA01FB04F34FF0800C00F803C0C3
S315000189A0002EEBD06FEA0A0E0EF0070E4FF0010C07
S315000189B00CFA0EFC2344013B00F803C0E4E7012155
S315000189C011E00CFB04F202EBD102865CCBB2DB4375
S315000189D003F007034FF0010E0EFA03F333438354FA
S315000189E0714489B22A46551EADB2002AE9D1002347
S315000189F0019300979DF8382041465846FFF73DFD03
S31500018A00384605F0B5F805B0BDE8F08F2DE9F04F11
S31500018A1083B08046894616461D46D30812F0070FD5
S31500018A2000D001331C4605FB03F30121181D05F097
S31500018A305BFE0746B0B30680458004304FF0000A5E
S31500018A401DE004FB0AF303EBDC03C15C5FFA8CFE59
S31500018A506FEA0E0E0EF0070E4FF0010B0BFA0EFE2B
S31500018A6041EA0E01C154DC441FFA8CFC13465A1E1E
S31500018A7092B2002BE5D10AF1010A1FFA8AFAAA4538
S31500018A8003D233464FF0000CF1E70123019300971F
S31500018A9000239DF8302049464046FFF7EEFC384654
S31500018AA005F066F803B0BDE8F08F38B5002401E0A3
S31500018AB00134E4B2172C0FD8084B53F82450002D7B
S31500018AC0F6D02846FFF7B8FC28460DF0C0FC034B4C
S31500018AD0002243F82420EBE738BD00BF40240020E4
S31500018AE0002282808260016070472DE9F04FC7B095
S31500018AF0064602919346039318200DF0AAFC82467E
S31500018B00FEF72CFFBAF1000F00F0A9809DF8401185
S31500018B105046FEF737FF9AF80820534B1B789A42C6
S31500018B200FD052AB0593519AFF2106A805F0C6FD59
S31500018B30C7B29AF808304BB90BF00703B38100248A
S31500018B4011E05B46DDF808B00293EAE70023B38142
S31500018B50F5E706AB195D3046FEF776FFB3890344A8
S31500018B60B3810134E4B2BC42F3D3002399461846DB
S31500018B7001E00133DBB2BB421DD206AAD25C3168E9
S31500018B800C89A242F5DB4D89AA42F2DC121BD2B254
S31500018B904968C2EBC2020A4492F90610884200DD16
S31500018BA00846D47892F903200A444A45E1DD0C448B
S31500018BB04FFA84F9DDE7A9EB00085FFA88F808F1B6
S31500018BC001084FFA88F8B289D308B38012F0070F6B
S31500018BD001D00133B380B488012108FB04F005F00C
S31500018BE083FDB06038B19AF80830002B3AD10BF00A
S31500018BF00704002519E0424621461C4805F042FDBE
S31500018C005046FFF719FC50460DF021FC27E00123E1
S31500018C10009306AB5B5DA8EB090221463046FEF7E1
S31500018C2026FF204484B20135EDB2BD42EFD31FFACF
S31500018C3088F32246B1685046FEF75AFE029BAAF80F
S31500018C400430AAF802B0039B8AF8073000238AF899
S31500018C5000305046FEF76CFE5046FEF755FE47B013
S31500018C60BDE8F08F0024C4E79C2000201C9B030074
S31500018C7000235A6B92F82010032B07D8044A52F8A6
S31500018C80230002788A4202D00133F5E700207047BB
S31500018C9080AD030008B5FFF7EBFF002871D002781D
S31500018CA0032A6CD14FF07E639B7D213B5C2B64D8FC
S31500018CB0DFE803F0353963416363636363636363C9
S31500018CC0636363636363636363636363636363636D
S31500018CD06363632F69373363633B3D436363634573
S31500018CE04963636331636363636363636363636399
S31500018CF06363636363633F47634B515763636363B3
S31500018D006363636363634D4F5355595B5D635F6390
S31500018D106100302034E0452032E0322030E04E2040
S31500018D202EE033202CE040202AE0342028E02F20BA
S31500018D3026E0412024E0422022E0352020E03620B2
S31500018D401EE02E201CE043201AE0282018E04A20CD
S31500018D5016E04B2014E0292012E04F2010E02B20D2
S31500018D600EE02A200CE092200AE0902008E02C2058
S31500018D7006E04C2004E04D2002E0002000E04078AF
S31500018D8008BD0020FCE73120FAE708B5FFF770FFC0
S31500018D90002843D003460278032A11D00269BAB3E8
S31500018DA09179FF2923D003205A690AB140F0C00006
S31500018DB0DB6823B11A7AFF2A2CD040F0200008BDC7
S31500018DC04FF07E63DA7C93F91230002B04DB12F04C
S31500018DD0010F0AD1022000E0222012F0100F01D06B
S31500018DE040F0010040F0C000E9E72220F5E71178E4
S31500018DF0FF2901D00320D7E79178FF2901D003206D
S31500018E00D2E71279FF2A01D00320CDE70220CBE772
S31500018E100220C9E71B7CFF2BCFD1D0E70020CEE78C
S31500018E2008B5FFF7B2FF08BD38B50446FFF720FFC6
S31500018E30002800F080818368002B00F07E819B7EF4
S31500018E40012B0AD0022B00F03F81002B00F04F814D
S31500018E50032B00F05C810020E1E04FF07E62537A43
S31500018E60907AD17A157B01EB052189B2557B92F86F
S31500018E700EC005EB0C25ADB292F816C021606560F7
S31500018E80421ED2B2022A8CBF002201222276032878
S31500018E9014BF002001206076192B16D80D2B12D392
S31500018EA00D3B0C2B00F24B81DFE813F0350024005B
S31500018EB02900A600A3002900490149012900490109
S31500018EC0A900490129000020A9E02C2B00F23981D3
S31500018ED01A2B12D31A3BDBB2012098409B4B184246
S31500018EE040F0908010F4803F40F08F8010F0010038
S31500018EF000F09580052363770FE000208FE0B1F540
S31500018F00467F02D00623637707E0B5F5887FF9D15E
S31500018F100723637701E004236377A160E5600023FB
S31500018F2023616361E3762377A376ACF121035C2B9E
S31500018F3000F20981DFE813F083008F0007016E005C
S31500018F4007010701070107010701070107010701DA
S31500018F5007010701070107010701070107010701CA
S31500018F6007010701070107010701070107010701BA
S31500018F700701070107016C0074008A007E000701E2
S31500018F80070197009A006E000701070107019D007E
S31500018F90A50007010701070179000701070107017C
S31500018FA0070107010701070107010701070107017A
S31500018FB00701070107010701070107016E00A2006A
S31500018FC00701AC00AF006E000701070107010701A9
S31500018FD00701070107010701070107016E00B2003A
S31500018FE0B500B80094006E00BB000701BE00070182
S31500018FF0C3000223637790E7012363778DE70A2392
S3150001900063778AE70B23637787E70C23637784E724
S3150001901001232377A37E0BB1A560E160012038BD52
S315000190200123A37608232361F4E70123A37608230A
S315000190302361EFE70123A37608232361EAE70123EE
S31500019040A3760823236103236377E3E70123A3764A
S3150001905008232361DEE70123A37608232361D9E7E9
S315000190600123A376D6E701232377D3E70123A3764A
S31500019070D0E725606160A560E160CBE70123A376B7
S31500019080C8E70123A37608232361A560E160C1E750
S3150001909001232377BEE70123A376BBE70123A3764A
S315000190A0B8E70123A376B5E70123A376B2E7012347
S315000190B0A376AFE725606160A560E160AAE7256058
S315000190C06160A560E160A5E74FF484732360B02277
S315000190D06260A260E3600023236163610120207660
S315000190E06376A076E37623770823637797E7802371
S315000190F023606360A360E3600023236163612376D9
S315000191006376A376E37623776377012087E74FF4C7
S31500019110227222604FF4F0736360A260E360002361
S3150001912023616361012020766376A376E376237754
S315000191300923637773E7002071E700206FE70020BA
S315000191406DE700206BE7002069E700BF54080600C1
S3150001915070B588B005460C4616466846FFF764FEAC
S3150001916040B1009B2B60019B23609DF818301BB119
S315000191700223336008B070BD0123FAE708B5044B3A
S315000191809B6F03B108BDFFF773FD014B9867F9E7C4
S315000191904024002010B50446F1F74CFDFDEEC07ADF
S315000191A017EE903A2370012010BD024B93F801018E
S315000191B0704700BF40240020034B5B6B0BB1188C3A
S315000191C070472B20704700BF0060000000487047C1
S315000191D0549B0300002070470020704708B5FEF736
S315000191E0F5FC0EB410B583B004461E4B1B788342C2
S315000191F00BD0082809D8DFE800F00514181C202434
S31500019200282C3000184805F03DFA164B1C7006A9AB
S315000192100191059805F048FA03B0BDE8104003B086
S315000192207047124805F02EFAEFE7114805F02AFAC1
S31500019230EBE7104805F026FAE7E70F4805F022FAB2
S31500019240E3E70E4805F01EFADFE70D4805F01AFAC6
S31500019250DBE70C4805F016FAD7E70B4805F012FADA
S31500019260D3E700BF64090020689B0300709B0300DD
S31500019270789B0300849B03008C9B0300949B030053
S315000192809C9B0300A49B0300B09B030070B582B0B6
S315000192900446584B986693F8640078B9554B93F891
S315000192A0650090BB534B93F86600002854D1514B8F
S315000192B093F86700002876D102B070BD22464E4968
S315000192C000F00F00F1F71CFB02464A4E96F86400C7
S315000192D001250195002300932B4600F00F01C0F3F1
S315000192E00210F1F7BDFC96F8642002F00F0205FAB0
S315000192F002F34249C1F82034A1F58051C1F8243462
S315000193003F492846FFF76DFFC8E722463A4900F074
S315000193100F00F1F7F5FA0246364E96F8650001257B
S315000193200195002300932B4600F00F01C0F30210B4
S31500019330F1F796FC96F8652002F00F0205FA02F3A2
S315000193402E49C1F82034A1F58051C1F824342D49A4
S315000193502846FFF746FFA5E72246274900F00F00FA
S31500019360F1F7CEFA0246234E96F8660001250195DD
S31500019370002300932B4600F00F01C0F30210F1F712
S315000193806FFC96F8662002F00F0205FA02F31B49FC
S31500019390C1F82034A1F58051C1F824341A49284670
S315000193A0FFF71FFF83E72246134900F00F00F1F78D
S315000193B0A7FA02460F4D95F8670001240194002390
S315000193C00093234600F00F01C0F30210F1F748FCA9
S315000193D095F8672002F00F0204FA02F30749C1F873
S315000193E02034A1F58051C1F8243408492046FFF7FD
S315000193F0F8FE61E7402400207D7D010000E0035076
S31500019400BC9B0300EC9B03001C9C0300489C0300CF
S3150001941000B585B000230093019302938DF80C30BB
S3150001942001248DF800400F238DF8093007238DF8AC
S31500019430093069461948F2F798FF19492046FFF79E
S31500019440D0FE184D6A68C2F3080217492046FFF795
S31500019450C8FE6A6A15492046FFF7C3FEAA6A14497F
S315000194602046FFF7BEFEEA6A12492046FFF7B9FE1B
S315000194702A6B11492046FFF7B4FE6A6B0F49204655
S31500019480FFF7AFFEAA6B0E492046FFF7AAFEEA6B6D
S315000194900C492046FFF7A5FEFEE700BF0080015AF2
S315000194A0809C030000ED00E09C9C0300AC9C030043
S315000194B0BC9C0300CC9C0300DC9C0300EC9C0300D9
S315000194C0FC9C03000C9D030008B5FFF7A1FF08B53E
S315000194D0FFF79EFF08B5FFF79BFF08B5F0F7D0FF32
S315000194E01823154A0021154806F0CAFB68B9144B22
S315000194F0D3F80421134B9A420ED1114BD3F81431F0
S31500019500B3F5805F0ED3002008BD02460E49062042
S31500019510FFF767FE0320F7E70C490620FFF761FE18
S315000195200320F1E70A490620FFF75BFE0021034805
S3150001953006F008FD0320E7E744250020E815002092
S3150001954040240020CEFAFECA1C9D0300509D030054
S315000195507C9D030008B50020F4F7A5FE0022012139
S315000195600EF01CF8044B002283F81C21034902204B
S31500019570FFF737FE08BD00BF40240020A89D030069
S3150001958070B504460D4616460C282CD8DFE800F0C7
S31500019590192135404B56616C77828D980700012A57
S315000195A001D0032028E00B78564A82F808311823A7
S315000195B002F582720021544806F018FBE0B103203F
S315000195C01AE00E2A01D0032016E050480DF0C5F925
S315000195D009E0012A7FD10B784A4D85F821310E2603
S315000195E005F59075002433462A46611C464806F067
S315000195F0FDFA002840F0838070BD012A6DD10B78F9
S31500019600404D85F822310E2605F590750024EAE7CE
S31500019610012AF1D10B783B4D85F823310E2605F54C
S3150001962090750024DFE7012A59D10B78354D85F86D
S3150001963024310E2605F590750024D4E7012A50D170
S315000196400B78304D85F825310E2605F590750024E9
S31500019650C9E7012A47D10B782A4D85F826310E260E
S3150001966005F590750024BEE7012A3ED10B78254DFC
S3150001967085F827310E2605F590750024B3E7012AF2
S3150001968035D10B781F4D85F828310E2605F59075D5
S315000196900024A8E7022A2CD10B881A4DA5F82931F6
S315000196A00E2605F5907500249DE7022A23D10B8825
S315000196B0144DA5F82B310E2605F59075002492E779
S315000196C0012A1AD10B780F4D85F82D310E2605F595
S315000196D09075002487E703208EE703208CE703209B
S315000196E08AE7032088E7032086E7032084E703202F
S315000196F082E7032080E703207EE703207CE703203F
S315000197007AE700BF40240020E815002060250020EC
S3150001971008B5431E0B2B65D8DFE803F00E161E268F
S315000197202E363E464D555D06002A67D0404B93F8CE
S3150001973008310B70002045E0002A61D03C4B93F8BC
S3150001974021310B7000203DE0002A5BD0384B93F8A5
S3150001975022310B70002035E0002A33D0344B93F8C8
S3150001976023310B7000202DE0002A4DD0304B93F8A9
S3150001977024310B70002025E0002A47D02C4B93F8AA
S3150001978025310B7000201DE0002A41D0284B93F8AB
S3150001979026310B70002015E0002A3BD0244B93F8AC
S315000197A027310B7000200DE0B2B3214B93F828311D
S315000197B00B70002006E0012A30D91D4BB3F8293180
S315000197C00B80002008BD012A2AD9194BB3F82B3189
S315000197D00B800020F6E72AB3154B93F82D310B7059
S315000197E00020EFE713460A46411C124806F048FAE4
S315000197F0D0B1114B984219D10120E3E70320E1E7EB
S315000198000320DFE70320DDE70320DBE70320D9E7B9
S315000198100320D7E70320D5E70320D3E70320D1E7C9
S315000198200320CFE70320CDE70020CBE70320C9E7DC
S3150001983040240020E81500200BE000F028B908B507
S315000198400E220349FFF79CFE08BD0420704700BFA6
S3150001985090AD0300F0B589B0064615461F461E4C6D
S3150001986041F20101204606F06DFB20236A464FF4C2
S315000198708051204606F004FA1849884203D0D8B12F
S31500019880032009B0F0BD00220023CDE90023FFF734
S3150001989093FCADF8100000240594ADF81260029512
S315000198A003970E9B069320236A464FF480510A487C
S315000198B006F09CF92046E4E7ADF81260029503979D
S315000198C00E9B069320236A464FF48051024806F008
S315000198D08DF90020D5E700BFE81500200BE000F068
S315000198E070B588B004460E46154620236A464FF4E5
S315000198F080510B4806F0C4F920B10A4A90420CD0B7
S31500019900032008E0BDF812302380DDE90223C6E911
S315000199100023069B2B6008B070BD0120FBE700BF4A
S31500019920E81500200BE000F030B583B0044601AA2B
S3150001993041F201010B4806F03DFA18B9019B23607B
S3150001994003B030BD084A904201D00320F8E7002554
S3150001995025602A4641F20101024806F0DFF9284650
S31500019960EEE700BFE81500200BE000F0D0B588B0A7
S3150001997020236A464FF48051244806F081F9244B8E
S31500019980984203D0F0B1002008B0D0BD214906208D
S31500019990FFF727FC00260027CDE90067FFF70CFC3F
S315000199A0ADF8100000240594ADF81240CDE9026728
S315000199B0069420236A464FF48051144806F016F99E
S315000199C02046E1E7FFF7F8FB0246BDF810301249E1
S315000199D00620FFF706FCFFF7EFFBBDF810309842B3
S315000199E007D8FFF7E9FBBDF81030984207D30020EE
S315000199F0CAE70A490620FFF7F4FB0120C4E7084934
S31500019A000620FFF7EEFB0120BEE700BFE8150020A8
S31500019A100BE000F0BC9D0300E49D03001C9E0300C7
S31500019A20309E030070B588B005460C4616462023C5
S31500019A306A464FF480510B4806F022F950B9009A54
S31500019A40019BA34208BFAA4207D1059BB34206D098
S31500019A50012000E0012008B070BD0120FBE70020D5
S31500019A60F9E700BFE815002070B584B005460C463D
S31500019A70244BD3F830313BB10360224BD3F8343158
S31500019A800B60002004B070BD01AA02A903A8FFF76C
S31500019A905FFB80B31B4BD3F8182172B3D3F81411B3
S31500019AA069B3039B029800FB03F3019800FB03F3E0
S31500019AB0DB08B3FBF2F0134EC6F8340102FB103398
S31500019AC013B10130C6F834010E4BD3F8340100FB53
S31500019AD002F2C3F83421B1FBF2F1C3F830111029B7
S31500019AE002D91021C3F83011064BD3F830312B605F
S31500019AF022600020C6E70320C4E70320C2E7032053
S31500019B00C0E700BF4024002030B583B005460C46AF
S31500019B10694601A8FFF7A8FF80B90B4BD3F81831A6
S31500019B2073B1094BD3F8143163B1074BD3F8103134
S31500019B30009A02FB0533236003B030BD0320FBE727
S31500019B400320F9E70320F7E7402400202DE9F04739
S31500019B5082B006460F46904699460A9D02460B4636
S31500019B6018490620FFF73DFB694601A8FFF77CFF70
S31500019B70824610BB002406E02A686B68BB4208BF18
S31500019B80B24212D00134019BA34214D913232A46AF
S31500019B9004F500510C4806F073F80028ECD00B4A86
S31500019BA09042E9D04FF0030A07E0AB684345E9D19B
S31500019BB0C9F8004001E04FF0010A504602B0BDE885
S31500019BC0F08700BF449E0300E81500200BE000F07B
S31500019BD02DE9F04389B005460F46904602461F49D6
S31500019BE00620FFF7FEFA06A907A8FFF73DFF06467E
S31500019BF078BB00242646A14604E09DF81530AB4209
S31500019C0012D00134079BA34221D9132301AA04F5DB
S31500019C100051134806F034F802460028EDD0114BE6
S31500019C209842EAD0032614E0002AEAD1049B4B4568
S31500019C3006D33C609946B8F1000F01D0C8F8003050
S31500019C403A6809490620FFF7CCFA0126D9E786F0DA
S31500019C500106304609B0BDE8F08300BF689E0300E7
S31500019C60E81500200BE000F08C9E030070B582B071
S31500019C7004460D4602460E490620FFF7B2FA69462A
S31500019C8001A8FFF7F1FE064650B9019BA3420AD986
S31500019C9013232A4604F50051064805F0F1FF20B9C1
S31500019CA0304602B070BD0426FAE70326F8E700BF86
S31500019CB0A09E0300E8150020F0B58BB004460E46C1
S31500019CC0024625490620FFF78CFA08A909A8FFF7DD
S31500019CD0CBFE0546002839D1099BA34235D904F5A7
S31500019CE0005706AB07AA39461C4806F0E7F81C4B95
S31500019CF0984216D068BB01A92046FFF7B7FFD8B92D
S31500019D00306872680199029B9A4208BF884215D051
S31500019D10132332463946114805F068FFB0B10325D1
S31500019D2014E06A4601A9707CFFF752FF0028EFD1C3
S31500019D30009B0133F360EBE7054607E0B268039B3E
S31500019D409A42E5D1049BF360E2E7042528460BB06D
S31500019D50F0BD0325FAE700BFCC9E0300E8150020FD
S31500019D600BE000F008B50B4B93F81C31043BDBB25A
S31500019D70012B0AD9074BD3F8380140B103F0F8FE9D
S31500019D800020044BC3F8380108BD0120FCE7002080
S31500019D90FAE700BF4024002012F0080F00D17047F7
S31500019DA030B58DB004460DF005FD05460020F4F7EB
S31500019DB07AFA01AA29460DF0F7FC9DF80430072B23
S31500019DC003D1BDF80630042B05D8294620460DF0EF
S31500019DD0F3FC0DB030BD06AA294620460DF0E8FC7D
S31500019DE09DF825301BB9064BD3F83C3123B12946E2
S31500019DF020460DF0E1FCECE7014BC3F83C51E8E7E6
S31500019E0040240020094B93F86D304BB9074B93F86A
S31500019E106E303BB9054BD3F83C312BB1012070476D
S31500019E200120704701207047002070474024002020
S31500019E3010B5FAF7A1F8044608B1204610BDFFF7A0
S31500019E40E1FF10B9F9F773F920B103490120FFF7D2
S31500019E50C8F9F2E70124F0E7F49E030008B5FFF71D
S31500019E60D1FF08B1042008BDF9F761F90028F9D13D
S31500019E70FAF782F80028F5D10220F4E708B5FEF7D3
S31500019E80D1FA08BD8C46104991F84011012918D91B
S31500019E9010B50D4C94F841E10C49714491F820102C
S31500019EA0017004F5A27EBEE80300CCF80000CCF8F0
S31500019EB0041094F84C11117094F84D211A70012078
S31500019EC010BD0020704700BF4024002080AD030074
S31500019ED02DE9F0438BB002AC814D0FCD0FC495E84F
S31500019EE00F0084E80F007F4B9B6F5A68116802913F
S31500019EF012798DF80C205A685279C2F303028DF853
S31500019F0010205A6892798DF80D205A68D279C2F3D9
S31500019F1003028DF811205A68127A8DF80E205A68BC
S31500019F20527AC2F303028DF812206F4A059201227A
S31500019F308DF823205B68187BFF285FD1694EB36FCC
S31500019F405868C17A0123042201F00F01807AF0F7E3
S31500019F50F1FE06F17C0802A94046F1F7E1F9B36F7B
S31500019F605B689A7ADB7A03F00F03012404FA03F3A0
S31500019F705E4D02EB42021101294442F2100941F8F9
S31500019F8009301420F4F71CF8B36F5B689A7ADB7A10
S31500019F9003F00F0304FA03F302EB42021101294411
S31500019FA041F21007CB512320F4F70AF8B36F5B682F
S31500019FB09A7ADB7A03F00F0304FA03F302EB420207
S31500019FC01101294441F80930AB238DF804302246AA
S31500019FD001A94046F2F7DAFEB36F5A68937AD27A4C
S31500019FE002F00F02944003EB43031A011544EC51AE
S31500019FF00320F3F7E5FF9F23009333E0597B0B0919
S3150001A00053401340042201F00F01F0F793FE95E748
S3150001A010344EB36F5B689A7ADB7A03F00F0301253E
S3150001A02005FA03F3314C02EB42021101214442F2DB
S3150001A03010028B5004236A46694606F17C00F2F74A
S3150001A0402DFEB36F5A68937AD27A02F00F029540C9
S3150001A05003EB43031A01144441F21003E5509F2315
S3150001A0608DF800309DF80130002BD1D005238DF8F5
S3150001A0700030FF238DF8013029E01A4EB36F5B687B
S3150001A0809A7ADB7A03F00F03012505FA03F3174CDD
S3150001A09002EB42021101214442F210028B500223CB
S3150001A0A06A46694606F17C00F2F7F8FDB36F5A6815
S3150001A0B0937AD27A02F00F02954003EB43031A0119
S3150001A0C0144441F21003E55005238DF800309DF844
S3150001A0D0013013F0010FD0D10BB0BDE8F08300BF02
S3150001A0E0A8AD0300402400208096980000C00350CC
S3150001A0F0F0B583B02A4CA36F5B689A7ADB7A03F0DA
S3150001A1000F03012505FA03F3264E02EB4202110164
S3150001A110314442F210028B50B9238DF8043004F118
S3150001A1207C072A4601A93846F2F730FEA36F5B6821
S3150001A1309A7ADB7A03F00F0305FA03F302EB420284
S3150001A14011010E4441F21002B3501E20F3F738FFFD
S3150001A150A36F5868C17A2B46022201F00F01807A5B
S3150001A160F0F7E8FD3846F2F755FEA36F5B68187BFA
S3150001A170FF2801D103B0F0BD597BC1F300130222C0
S3150001A18001F00F01F0F7D6FDA36F5868C17A2B468F
S3150001A1902A4601F00F01807AF0F7CCFDEAE700BF0D
S3150001A1A04024002000C0035070B584B0064608461E
S3150001A1B015461C4603A9F3F75DFE034610B1184682
S3150001A1C004B070BDBDF8243001939DF82030009392
S3150001A1D023462A4603993046F3F770FB0346EEE71A
S3150001A1E010B584B00020F4F75EF80DF0D5F910F043
S3150001A1F0010F7ED0FEF73CFD0446806910B1837ADB
S3150001A200002B34D0236973B19879FF284FD1236984
S3150001A2101878FF2853D123691879FF2857D1236964
S3150001A2209878FF285BD100238DF80B308DF8083024
S3150001A2308DF809308DF80A3010238DF80C30E3685B
S3150001A240002B54D0DA6859690A435C6814432246E4
S3150001A2502D490120FEF7C5FF02A8F0F799FC002160
S3150001A2602046F1F761F8F0F7B1FC04B010BD417872
S3150001A2700123002201F00F010078F0F75BFDA369CD
S3150001A2809878FF280BD1A369187AFF28BAD0597A92
S3150001A2900123002201F00F01F0F74CFDB2E7D97856
S3150001A2A00123002201F00F01F0F744FDEBE7D97914
S3150001A2B00123002201F00F01F0F73CFDA7E75978D1
S3150001A2C00123002201F00F01F0F734FDA3E75979CC
S3150001A2D00123002201F00F01F0F72CFD9FE7D97849
S3150001A2E00123002201F00F01F0F724FD9BE7002472
S3150001A2F0ADE70123019300230093044A0521044895
S3150001A300FFF752FFB1E700BFF89E0300E1A101008C
S3150001A3109025002000B583B0094B93F800315BB955
S3150001A3200123019300230093064A05210648FFF7FE
S3150001A3303BFF03B05DF804FBF3F722FFF0E700BF34
S3150001A34040240020E1A10100902500200CB410B5A5
S3150001A35082B00C46082809D8DFE800F0051A1E224B
S3150001A360262A2E323600274804F08CF905A90191D8
S3150001A370049804F099F95CBB234C204604F0ACF92F
S3150001A380224804F0A9F9204604F0A6F900242FE09A
S3150001A3901F4804F077F9E9E71E4804F073F9E5E789
S3150001A3A01D4804F06FF9E1E71C4804F06BF9DDE79D
S3150001A3B01B4804F067F9D9E71A4804F063F9D5E7B1
S3150001A3C0194804F05FF9D1E7184804F05BF9CDE7C5
S3150001A3D00D4C204604F080F9154804F07DF920461D
S3150001A3E004F07AF9FEF7FAFE1248F3F7E9FD0134B3
S3150001A3F0092CF9D9FFF78EFF02B0BDE8104002B073
S3150001A400704700BF189F0300A89F0300E09F030049
S3150001A410289F0300389F0300489F0300589F0300AD
S3150001A420689F0300789F0300889F0300989F03009D
S3150001A430D49F0300A086010070B505460E4614465A
S3150001A440FEF79CFE0A4B9B6F63B15B6853B1FFF746
S3150001A4503FFD224631462846FDF731FFFFF748FE0C
S3150001A460204670BD034A00210720FFF76FFFEEE784
S3150001A47040240020F49F03002DE9F04F87B00446E5
S3150001A4800D4690461E460378052B00F2DF81DFE874
S3150001A49013F0060006000600420175015B00C37950
S3150001A4A0B34240F0AF814646B0F904309845C0F258
S3150001A4B0A981C2899918884580F2A481817A49B116
S3150001A4C0417A01B34069F31AD21AA17C01FB020059
S3150001A4D0FDF7C6F9637A03B36069E389B4F9041039
S3150001A4E0711A5B1AA27C03FB02F2B4F90230002B4B
S3150001A4F011DBC3F3C7030093E37C024429462046DC
S3150001A500FDF7CCF97EE14069F31AA17C01FB03005A
S3150001A510FDF7A6F9DEE70733EBE76169B4F9043025
S3150001A520F61AA37C03FB06F2B4F90230002B09DB11
S3150001A530C3F3C7030093E37C0A4429462046FDF78B
S3150001A540ADF95FE10733F3E7C379012B3CD9022B60
S3150001A5503ED0CDF80880B4F90460B045C0F252810E
S3150001A560E789F319984580F24D8194F810B0D4F833
S3150001A57014A094F81290484603F0F2FA8046637AE2
S3150001A580002B00F0B680029B9E1BB91B4B46024670
S3150001A59009FB01B1DAF80000F8F78AFEA37A002B6D
S3150001A5A040F0B280B4F90230002BC0F2B280C3F39E
S3150001A5B0C7030093E37C424629462046FDF76EF920
S3150001A5C0404603F0D5FA1DE1B34240F01B81BEE7D8
S3150001A5D0CDF80880B4F90470B845C0F21381B4F817
S3150001A5E00E9007EB0903984580F20C8194F810B0A0
S3150001A5F094F812A00AFB09B30493636905935046C4
S3150001A60003F0AEFA8046504603F0AAFA0390637A45
S3150001A610002B35D00299CF1BA9EB070153464246C1
S3150001A62001FB0AB1059F3868F8F742FEE189B4F9E2
S3150001A6300430029AD31AC91AA37C039A049803FB1D
S3150001A64001017868F8F734FE012E3BD0022E43D083
S3150001A6506EB3A37A002B45D1B4F90230002B46DB49
S3150001A660C3F3C7030093E37C424629462046FDF720
S3150001A67015F9404603F07CFA039803F079FAC1E034
S3150001A680029BD91B5346424601FB0AB1059F386816
S3150001A690F8F70EFEB4F90430029AD11AA37C039A94
S3150001A6A0049803FB01017868F8F702FECCE7A17C68
S3150001A6B0039E3046FDF77CF8A27C31464046FDF705
S3150001A6C081F8C6E7A17C4046FDF772F8A27C0399A2
S3150001A6D04046FDF777F8BCE7A27C03994046FDF7B3
S3150001A6E071F8B6E7A17C4046FDF7BAF8B4E707333F
S3150001A6F0B6E7029B991B4B46024609FB01B1DAF804
S3150001A7000000F8F7D5FD49E7A17C4046FDF7A8F81A
S3150001A71048E707334BE7C379B34273D1437A3BB179
S3150001A7204C4B1B68A3EB08039BB2013B1FFA83F852
S3150001A730A37ACBB1A07C03F013FA06466069464BB7
S3150001A7401A68D208314602FB0800FFF775FEA17CA4
S3150001A7503046FDF785F8A27C314628460CF0FDF817
S3150001A760304603F005FA4DE060693B4B1A68D208A2
S3150001A770294602FB0800FFF75FFE43E0437A3BB13F
S3150001A780344B1B68A3EB08039BB2013B1FFA83F80A
S3150001A790A77C384603F0E4F98146384603F0E0F930
S3150001A7A007466069DFF8B0A0DAF80020D20839461A
S3150001A7B002FB0800FFF740FE6069264A12689044D2
S3150001A7C0DAF80020D208494602FB0800FFF734FEFA
S3150001A7D0012E24D0022E2CD0BEB1A37A7BBBB4F9B4
S3150001A7E00230002B30DBC3F3C7030093E37C3A4608
S3150001A7F029462046FDF752F8384603F0B9F948468E
S3150001A80003F0B6F907B0BDE8F08FA17C4846FCF726
S3150001A810CFFFA27C49463846FCF7D4FFDDE7A17C91
S3150001A8203846FCF7C5FFA27C49463846FCF7CAFF05
S3150001A830D3E7A27C49463846FCF7C4FFCDE7A17CA5
S3150001A8403846FDF70DF8CAE70733CCE7034803F0AE
S3150001A85043FFD7E7A4200020A020002014A0030076
S3150001A86010B5047A14B1FDF78DFB10BDFFF704FE98
S3150001A870FBE7F8B507460E461546002401E001340C
S3150001A880E4B2172C0AD8064B53F824000028F6D058
S3150001A8902B4632463946FFF7E3FFF0E7F8BD00BF26
S3150001A8A0402400202DE9F04182B00446884617462F
S3150001A8B01E46694601A8FFF7D7F8054690B9019BE0
S3150001A8C0A3420ED9094BD3F81001009B03FB0400E8
S3150001A8D0324639464044FFF7AFFDB04202D0032568
S3150001A8E000E00425284602B0BDE8F081402400209E
S3150001A8F070B584B00646084615461C4603A9F3F70B
S3150001A900B9FA034610B1184604B070BDBDF824303B
S3150001A91001939DF82030009323462A460399304639
S3150001A920F2F7CCFF0346EEE770B582B0344B93F8ED
S3150001A93080611EB10026304602B070BD0546314920
S3150001A9400420FEF74EFC002405E02A5D2E49042072
S3150001A950FEF747FC01340B2CF7D92C490420FEF7EE
S3150001A96040FC2B7803F00F02254981F88121012A49
S3150001A97004D027490420FEF734FCDCE708461B090E
S3150001A98081F87D316B7881F870312B7981F87431DA
S3150001A990EB7981F87831A9780B0980F871316A79F8
S3150001A9A0130980F875312B7A1C0980F8794101F079
S3150001A9B00F0180F8731102F00F0280F8772103F07E
S3150001A9C00F0380F87B31EB7880F87231AB7980F830
S3150001A9D076316B7A80F87A31AB7A80F87C31002354
S3150001A9E080F87F3180F87E31012680F880610196FA
S3150001A9F00093084A314600F5C270FFF779FF9AE7DE
S3150001AA004024002030A0030048A003007085020006
S3150001AA1050A003002DBD010070B584B0064608465E
S3150001AA2015461C4603A9F3F725FA034610B1184645
S3150001AA3004B070BDBDF8243001939DF82030009319
S3150001AA4023462A4603993046F2F738FF0346EEE7D6
S3150001AA5038B5124B93F8003103B938BD01213A20BC
S3150001AA60EEF7E2FA0123042211460020F0F762F91B
S3150001AA700B4C04F5005310251D611420F3F7A0FAC1
S3150001AA8004F5805425612320F3F79AFA0123002265
S3150001AA9004211046F0F74EF9DFE700BF40240020FD
S3150001AAA000C0035070B59AB004465F4805F086FAB7
S3150001AAB0002844D106465D4B5D4AC3F8042183F85C
S3150001AAC00841FFF7C5FFEFF799FC024600283CD184
S3150001AAD00BA8EFF715FD0E9B012B3CD818A90020FA
S3150001AAE0EDF7D5FC0546002844D1199A51490620AF
S3150001AAF0FEF777FB139B149A4F490620FEF771FB6D
S3150001AB00129B0093119B9DF858204C490620FEF795
S3150001AB1068FB199B4549C1F80C31149AD21A189849
S3150001AB20121AC1F81421139AC1F818210344C1F865
S3150001AB30103143490620FEF754FB35463FE04149B3
S3150001AB400620FEF74EFB032411E03F490620FEF7DF
S3150001AB5048FB032409E03D490620FEF742FB032496
S3150001AB60EFF78EFC0246002858D1FDF73BFC204644
S3150001AB701AB070BD024636490620FEF732FB0324A1
S3150001AB80002DEDD10024EBE701341F2C12D804F17E
S3150001AB9068036B4413F85C2C2E490620FEF721FB53
S3150001ABA0002CF1D014F0070FEED12B490620FEF749
S3150001ABB018FBE9E729490620FEF713FB203514990E
S3150001ABC0B5EB511F06D2202203A92846EFF776FDE1
S3150001ABD03446DAE71898EFF7C1FD054698B9182308
S3150001ABE01F4A0021104805F001F81E490620FEF70C
S3150001ABF0F8FA0020FEF722FE044650B91A4906204B
S3150001AC00FEF7EFFABCE7024618490620FEF7E9FA15
S3150001AC10E5E717490620FEF7E4FAB1E715490620EC
S3150001AC20FEF7DFFA0324A0E7E81500204024002000
S3150001AC30CEFAFECA08A103002CA1030060A10300FD
S3150001AC4094A1030070A0030090A00300ACA0030030
S3150001AC50E4A0030048A0030004AB030070850200D2
S3150001AC6044250020E0A10300F8A10300B8A10300D8
S3150001AC7014A2030038A2030030B595B001230022C7
S3150001AC8005211846F0F756F8012300220621184639
S3150001AC90F0F750F80123002207211846F0F74AF889
S3150001ACA00123002208211846F0F744F8FDF7E0FFDA
S3150001ACB0002800F0C180044683699B7A012B40F08D
S3150001ACC0C280A3699B7A002B40F0C880A069837A71
S3150001ACD0002B00F0C780012B40F0FC80B348F1F750
S3150001ACE0B9FCF1F729F90546F1F720F915F0080F36
S3150001ACF040F0F78001212D20EEF796F90B212D204A
S3150001AD00EEF766FE2278531EDBB2012B01D9072A24
S3150001AD1003D1A74B012283F80021E368002B00F041
S3150001AD203581187AFF2840F0E180A14B002283F893
S3150001AD306420E368187CFF2840F0EC809C4B0022DD
S3150001AD4083F86520E3681878FF2840F0F780984B70
S3150001AD50002283F86620E3689878FF2840F0028194
S3150001AD60934B002283F86720914B002283F86C20D5
S3150001AD7083F8A4212369002B00F084819879FF28A8
S3150001AD8040F030818A4B002283F8632023691878CA
S3150001AD90FF2840F03B81864B002283F8602023691F
S3150001ADA09878FF2840F04681814B002283F8612084
S3150001ADB023691879FF2840F051817D4B002283F8E1
S3150001ADC06220606918B12378032B00F06681794906
S3150001ADD07948F1F7EBFCFEF780FB032800F0DD82F2
S3150001ADE0012276490C20FEF793FC002840F0DE8212
S3150001ADF06F4C012204F201110C20FEF789FC94F834
S3150001AE0001216F490120FEF7ECF912A913A8FEF7FB
S3150001AE102BFE129B139A6B490120FEF7E2F90AA851
S3150001AE20FEF702F8002840F0CA8267490120FEF7C2
S3150001AE30D8F9F2F7D5FEFCE764490120FEF7D1F90E
S3150001AE40F2F7CEFEFCE7624B0122C3F8442400234D
S3150001AE501A4603211846EFF76DFF32E75D48FCF706
S3150001AE60C7FE33E741780123042201F00F01007880
S3150001AE70EFF760FFA2691378527802F00F0243EAF6
S3150001AE800243554AC2F8D030A3699878FF2807D102
S3150001AE90A369187AFF2815D14E48F1F7DBFB20E7A5
S3150001AEA0D9780023012201F00F01EFF743FFA269D0
S3150001AEB09378D27802F00F0243EA0243464AC2F877
S3150001AEC0CC30E5E7597A0123042201F00F01EFF7AF
S3150001AED031FFE1E741490120FEF783F9F2F780FEF0
S3150001AEE0FCE73F490120FEF77CF903E7597A012384
S3150001AEF0032201F00F01EFF71DFFE268137A1B0130
S3150001AF0063F07F03527A02F00F021343284A82F854
S3150001AF1064300EE7597C0123032201F00F01EFF79C
S3150001AF2009FFE268137C1B0163F07F03527C02F088
S3150001AF300F0213431E4A82F8653003E7597801234D
S3150001AF401A4601F00F01EFF7F5FEE26813781B01CF
S3150001AF5063F07F03527802F00F021343144A82F81A
S3150001AF606630F8E6D9780023012201F00F01EFF7E8
S3150001AF70E1FEE26893781B0163F07F03D27802F069
S3150001AF800F0213430A4A82F86730EDE6084B0022A6
S3150001AF9083F8642083F8652083F8662083F86720A8
S3150001AFA083F86C2083F8A421E4E600BF580800204A
S3150001AFB040240020D8AD0300E825002041250020CB
S3150001AFC040A303005CA3030080A3030058A203006F
S3150001AFD000E00350C015002000C403507CA203000A
S3150001AFE098A20300D9790123042201F00F01EFF79A
S3150001AFF0A1FE226993791B0163F07F03D27902F0E6
S3150001B0000F021343B04A82F86330BFE65978012331
S3150001B010042201F00F01EFF78DFE226913781B015F
S3150001B02063F07F03527802F00F021343A64A82F8B7
S3150001B0306030B4E6D9780123042201F00F01EFF75D
S3150001B04079FE226993781B0163F07F03D27802F0BF
S3150001B0500F0213439C4A82F86130A9E6597901230C
S3150001B060042201F00F01EFF765FE226913791B0136
S3150001B07063F07F03527902F00F021343924A82F87A
S3150001B08062309EE6904B002283F8632083F86020AD
S3150001B09083F8612083F8622093E6C17900230922AF
S3150001B0A001F00F018079EFF745FE606941790023D0
S3150001B0B0092201F00F010079EFF73CFE6069417A40
S3150001B0C00123072201F00F01007AEFF733FE49F65B
S3150001B0D04040F2F775FF05AD7C4B0FCB85E80F00BD
S3150001B0E063691B687A4A934252D07A4A934255D190
S3150001B0F001212E20EDF798FF00237749D1F89824F6
S3150001B10022F4702222F00302656928796D7905F02F
S3150001B1100F0540EA0540024301EB0310C0F89824ED
S3150001B120D1F8942422F4702222F003026569A879E9
S3150001B130ED7905F00F0540EA054002434933180150
S3150001B14001EB03135A6003230B50636905A91868C1
S3150001B150F0F714F963691B6810229A6021238DF8B0
S3150001B160003004238DF801306023ADF8143001233B
S3150001B170ADF81630CDF818D00223ADF81C300023F7
S3150001B1800893ADF8243005A95248F0F79EFA0EE06F
S3150001B19001212F20EDF748FF0123AEE74F4A002199
S3150001B1A00120FFF7D3F8FEE74A48F0F709F901282D
S3150001B1B0FAD0D0B925238DF8003000238DF801305F
S3150001B1C06023ADF814300423ADF81630CDF818D04D
S3150001B1D00123ADF81C300DEB03020892ADF82430C3
S3150001B1E005A93C48F0F771FA08E002463C490120FE
S3150001B1F0FDF7F7FFDEE73748F0F7E2F80128FAD066
S3150001B20000B3024636490120FDF7EBFF44F6206004
S3150001B210F2F7D6FE30238DF800308623ADF81430D0
S3150001B2200423ADF81630CDF818D00123ADF81C3043
S3150001B230CDF820D01023ADF8243005A92548F0F724
S3150001B24044FA09E09DF8012026490120FDF7C9FFCE
S3150001B250DCE72048F0F7B4F80128FAD008B3024633
S3150001B2601F490120FDF7BDFF44F62060F2F7A8FE55
S3150001B27021238DF8003001238DF801306022ADF8CD
S3150001B2801420ADF81630CDF818D00223ADF81C30D5
S3150001B29000230893ADF8243005A90E48F0F715FAF6
S3150001B2A029E011490120FDF79CFF002509E0013540
S3150001B2B005F150036B4413F8502C0C490120FDF79E
S3150001B2C090FF0F2DF3D9CFE740240020C8AD03002E
S3150001B2D0008006500000015A00C00350CCA20300B2
S3150001B2E0E4A20300F4A2030008A3030018A30300C9
S3150001B2F03548F0F765F80128FAD0002847D143F21E
S3150001B300B060F2F75DFE6269137A527A02F00F02BB
S3150001B310012505FA02F2302101FB03F303F1A043F3
S3150001B32003F5703342F210015A506069C1792B4618
S3150001B3302A4601F00F018079EFF7FCFC606941793B
S3150001B3402B462A4601F00F010079EFF7F3FC6069FD
S3150001B350417A2B462A4601F00F01007AEFF7EAFC03
S3150001B3606269137A1B0163F07F03517A01F00F01C1
S3150001B3700B43164981F86C3013791B0163F07F0387
S3150001B380527902F00F02134381F8A4311FE50246F8
S3150001B3900F490120FDF725FFB1E70E490120FDF711
S3150001B3A020FFFDF777FCFFF77DFB19E50949012031
S3150001B3B0FDF717FFFDF76EFCFFF774FB18E50AA80A
S3150001B3C0F8F70CF815B030BD0000015A40240020F2
S3150001B3D0E4A2030020A3030010B582B0FFF738FBF7
S3150001B3E0EFF70CF8A0B90020EFF7D4F80246A8B998
S3150001B3F00020009000220023FEF72CFA0446EFF706
S3150001B4003FF8024678B9FCF7EDFF204602B010BDC1
S3150001B410024607490620FDF7E4FEF4E70549062042
S3150001B420FDF7DFFEEBE704490620FDF7DAFEEAE762
S3150001B43090A00300A8A3030038A2030010B588B0AA
S3150001B44020236A464FF48051134804F019FC10B1C9
S3150001B450032008B010BDDDE90223CDE90023FDF785
S3150001B460ABFEADF81000069B05930024ADF8124023
S3150001B47000220023CDE90223069420236A464FF4D5
S3150001B4808051054804F0B2FB04490620FDF7A9FEE8
S3150001B490FFF7A2FF2046DCE7E8150020C8A303005A
S3150001B4A0F0B583B004460E46154601A8FEF73CFAF0
S3150001B4B000284CD10746B5F5805F4AD8019B5A1C36
S3150001B4C0A24200D004BBFFF7C3FAEEF797FF02468C
S3150001B4D008BB2B46324621030020EFF72DF805461F
S3150001B4E0EEF7CEFFFCF77EFF55BBE4B9002241F231
S3150001B4F00101194804F012FC00230193019BA342A8
S3150001B50018D1384603B0F0BD224614490620FDF78E
S3150001B51068FE0327F5E712490620FDF762FEFCF7F0
S3150001B52061FF0327EDE701AA41F201010A4804F090
S3150001B5307FFCE3E70B490620FDF753FE0327E0E70F
S3150001B5402A4609490620FDF74CFE0327D9E70327BA
S3150001B550D7E70327D5E700BFE8150020E4A30300DA
S3150001B56090A003001CA4030044A4030008B5FFF740
S3150001B5706FFAEEF743FF08B9ECF77EFF024608497A
S3150001B5800620FDF72EFEEEF77BFF024618B9FCF703
S3150001B59029FF032008BD03490620FDF722FEF6E731
S3150001B5A090A0030038A2030070B582B0044602469B
S3150001B5B01D490620FDF715FE694601A8FEF754FA56
S3150001B5C00546B8B9019BA3422BD9FFF741FAEEF71D
S3150001B5D015FF064688B9154BD3F81001009904FBEF
S3150001B5E00100EFF7BBF8064668B1EEF749FFFCF735
S3150001B5F0F9FEA6B9284602B070BD02460C490620DE
S3150001B600FDF7EFFDF3E704F500510A4804F09AFC53
S3150001B6100028EAD0084A9042E7D00325E5E703254A
S3150001B620E8E70425E6E700BF64A403004024002000
S3150001B63090A00300E81500200BE000F02DE9F0478B
S3150001B6408AB007460D4608A909A8FEF70DFA8146F4
S3150001B65050B900242646A246A04618E022462449AF
S3150001B6600620FDF7BEFD3C6048460AB0BDE8F087FE
S3150001B670224620490620FDF7B4FD2046FFF794FF38
S3150001B6803C60F1E7DDF818801E46A2460134099BAD
S3150001B690A3421BD9132303AA04F50051164804F04B
S3150001B6A0EFFA164B9842D9D068B99DF81E30002B97
S3150001B6B0DED09DF81D20AA42E8D1002EE2D0069ADE
S3150001B6C04245E3D2DEE74FF00309CDE716B94FF065
S3150001B6D00109C9E7009743462A4609490620FDF7AD
S3150001B6E080FDC7F800A05046FFF75EFF8146BBE725
S3150001B6F080A403009CA40300E81500200BE000F0E1
S3150001B700D0A4030070B58AB0054602461F4906203B
S3150001B710FDF767FD08AA09A92846FEF759FA012887
S3150001B72031D0064610B130460AB070BD06A907A849
S3150001B730FEF79AF906460028F5D1002402E0032611
S3150001B740F1E70134079BA342EDD9132301AA04F5BE
S3150001B75000510F4804F094FA0E4B9842F1D000289C
S3150001B760EDD1099BA342ECD09DF81530AB42E8D14F
S3150001B770049A089B9A42E4D02046FFF715FF002859
S3150001B780DFD00646CFE70026CDE700BF1CA50300A4
S3150001B790E81500200BE000F02DE9F04383B00446E4
S3150001B7A0884617461D46694601A8FEF75DF9064615
S3150001B7B038BB019BA34230D9FFF74AF9EEF71EFECB
S3150001B7C0814610BBDFF86090D9F81031009A02FB70
S3150001B7D0043343442A4612490620FDF702FDD9F8EF
S3150001B7E01001009B03FB04002A4639464044EEF74C
S3150001B7F08DFF8146EEF744FEFCF7F4FDB9F1000F2B
S3150001B80009D1304603B0BDE8F0830246054906205A
S3150001B810FDF7E7FCF0E70326F3E70426F1E700BFAF
S3150001B82040A5030090A003004024002070B5ADF5AB
S3150001B830227D20236A464FF48051384804F020FACD
S3150001B84070B90646BDF812300BB1069B73B934497F
S3150001B8500620FDF7C6FC012420460DF5227D70BDAC
S3150001B86030490620FDF7BDFC0324F5E7FFF7F0F8A4
S3150001B8704FF40073069A2C490620FDF7B2FC08A87E
S3150001B880F2F728FD3546069CAC421BD9641BB4F57C
S3150001B890007F28BF4FF40074224622A92846FEF7EE
S3150001B8A0CBFDA04206D1224622A908A8F2F728FD1F
S3150001B8B02544E8E71D490620FDF793FC0324FCF720
S3150001B8C091FDC9E708A8F2F75CFD9DF878209DF87F
S3150001B8D008309A4201D10024F1E715490620FDF707
S3150001B8E080FC344608E008AB234493F858201149FC
S3150001B8F00620FDF776FC0134072CF4D90E49062003
S3150001B900FDF76FFC06E002AB9A5D0A490620FDF7DA
S3150001B91068FC0136072EF6D90124D0E7E815002088
S3150001B9207CA503005CA503009CA50300C8A5030034
S3150001B930DCA50300548E0200F0A5030038B5FFF71D
S3150001B94075FF044608B1204638BDFFF781F8EEF7CA
S3150001B95055FDD8B9184B0020186758671749EEF7F7
S3150001B96089FE0546A8B90822154916480CF034FA8D
S3150001B970A8B915490620FDF734FCEEF781FDA8B9F3
S3150001B980FCF730FD002DDED00324DCE7FCF72AFDB1
S3150001B990FAE702460D490620FDF723FCEDE70C49BF
S3150001B9A00620FDF71EFC40F20465E6E72A46094932
S3150001B9B00620FDF716FCE3E740240020337F010053
S3150001B9C028A60300B024002078A6030000A60300E1
S3150001B9D034A6030038A203002DE9F0471F460A9E4C
S3150001B9E0544BD3F83C31002B00F09E8005460C46A3
S3150001B9F091460020F2F757FCDFF83881D8F83C1160
S3150001BA0032460BF0D1FEC8F83C01D8F83C3183B37D
S3150001BA107288802A34D83378072B39D046490220D8
S3150001BA20FDF7DFFB4FF000080020F2F73CFCDFF8E2
S3150001BA3004A1DAF83C110BF0BFFE0023CAF83C3131
S3150001BA40B8F1000F72D00AF2B110FCF7D7FCC9F8B1
S3150001BA50000000285ED07388162B5BD90022A24213
S3150001BA604ED2344B93F8C611A85C814230D00132D4
S3150001BA70F5E732490220FDF7B4FB4FF0000855E027
S3150001BA8080232F490220FDF7ACFB4FF00008CBE7DE
S3150001BA90DFF8A080314608F5D870FCF759FA7288AC
S3150001BAA098F8B031013B9A4206D026490220FDF7AB
S3150001BAB098FB4FF00008B7E70020F2F7F4FB1D4BA7
S3150001BAC0D3F83C110B9A0BF073FE4FF00108ABE76C
S3150001BAD039701C4603F2C712089B1A607388173B1C
S3150001BAE0099A1360F0F728FFC4F830020B9BDB7B41
S3150001BAF084F84C310B9B93F90E3084F84D3115E0E7
S3150001BB000C4B93F8C62110490220FDF76AFB4FF052
S3150001BB1000080BE00B9B9B8A72880C490220FDF7FB
S3150001BB2060FB4FF0000801E04FF000084046BDE819
S3150001BB30F08700BF40240020CCA60300A0A6030086
S3150001BB40B0A60300F0A6030000A7030020A7030088
S3150001BB50F0B597B0064681B9F0F7EEFE584BD3F82B
S3150001BB603432C01AF2F7ECF9564B984205D8544BC9
S3150001BB70B3F83832002B40F09680002407940894DD
S3150001BB8009940DF1280C504D0FCDACE80F000FCDE7
S3150001BB90ACE80F0095E803008CE8030005940694D1
S3150001BBA003238DF8163001278DF810708DF811409A
S3150001BBB08DF812408DF8134039462A20EDF734FAF4
S3150001BBC0424D2846EFF707FE02214FF4B060EDF72C
S3150001BBD0FFFE8DF81F4022463D492846EFF764FED9
S3150001BBE08DF821008DF82B4040F2BA430D938DF864
S3150001BBF0294002238DF82A300090234622463549F2
S3150001BC002846EFF76BFE0C9010238DF811308DF856
S3150001BC1010700AAA07A92846F0F7D5F904AA05A9BA
S3150001BC202846EFF799FDEF60284B5B6903F4A07393
S3150001BC30B3F5807FF8D1254C214614A8EFF774FEA1
S3150001BC40149A4FF4965303FB02F2234BA3FB021300
S3150001BC50D21A03EB5203DB0A194DA5F83832022733
S3150001BC60E7602046EFF7B7FD00212A20EDF7DCF962
S3150001BC70F0F762FEC5F83402B5F8382217490120FB
S3150001BC80FDF7AFFA3A460DF10E010920FDF740FD29
S3150001BC9048B9B5F83822BDF80E309A420AD80121C2
S3150001BCA00846F7F753FC064BB3F8383233800120C8
S3150001BCB017B0F0BD00210120F7F748FCF3E700BFFC
S3150001BCC04024002080EE3600E0AD03000040005A1B
S3150001BCD0002D310180969800010110003CA7030058
S3150001BCE00F4B93F8673003F07003202B02D0302BF3
S3150001BCF000D0704700B583B00239012905D909483A
S3150001BD00F0F7E8FD03B05DF804FB01230193FF237F
S3150001BD1000930023044A64210248F2F7C9F8F1E7C7
S3150001BD20402400207C260020ED7D010000B583B073
S3150001BD30AD4B93F88031D3B1AB4B93F88131012BE5
S3150001BD4040F04681A84B93F87F3113F0030238D1B6
S3150001BD509B0810D0012B15D0022B1AD0A349042021
S3150001BD60FDF73FFAA04B002283F8802138E1A04875
S3150001BD70F0F7B0FD34E101219B4B93F87001FBF71D
S3150001BD8041FF0CE00121984B93F87401FBF73AFF50
S3150001BD9005E00121944B93F87801FBF733FF9248B4
S3150001BDA090F87F31013380F87F310123019300231D
S3150001BDB00093904A90F87D1100F5C270FEF798FD48
S3150001BDC00EE1012A29D0022A40F0F9809A0800F0F2
S3150001BDD0B280012A00F0C880022A40F0E780824B37
S3150001BDE093F87C31002B00F0D8807F48013B80F826
S3150001BDF07C31002380F87E3180F87F3190F87A110A
S3150001BE000122019200937B4A4FF0640C0CFB01F175
S3150001BE1000F5C270FEF76CFDE2E00021FF20FBF7A2
S3150001BE20F1FE714B93F87F319A0823D0012A49D04C
S3150001BE30022A77D16C4991F87E2191F87B118A42C9
S3150001BE4068D26949013281F87E2123F0030381F822
S3150001BE507F31654890F879110123019300230093FE
S3150001BE60644A4FF0640C0CFB01F100F5C270FEF759
S3150001BE703FFDB5E05C4991F87E2191F873118A4244
S3150001BE8018D25949013281F87E2123F0030381F842
S3150001BE907F31554890F871110123019300230093D6
S3150001BEA0544A4FF0640C0CFB01F100F5C270FEF729
S3150001BEB01FFD95E04C4A002182F87E11013382F87C
S3150001BEC07F31E6E7484991F87E2191F877118A4258
S3150001BED018D24549013281F87E2123F0030381F806
S3150001BEE07F31414890F87511012301930023009396
S3150001BEF0404A4FF0640C0CFB01F100F5C270FEF7ED
S3150001BF00F7FC6DE0384A002182F87E11013382F890
S3150001BF107F31E6E7344A002182F87E11013382F847
S3150001BF207F3196E731490420FDF75BF92E4B00225C
S3150001BF3083F8802154E00433DBB22B4880F87F314B
S3150001BF4023F0030380F87F3190F8721101230193E6
S3150001BF5000230093274A4FF0640C0CFB01F100F516
S3150001BF60C270FEF7C5FC3BE00433DBB21E4880F825
S3150001BF707F3123F0030380F87F3190F87611012396
S3150001BF800193002300931B4A4FF0640C0CFB01F153
S3150001BF9000F5C270FEF7ACFC22E017490420FDF75C
S3150001BFA020F9114B002283F8802119E00F49042062
S3150001BFB0FDF717F90C4B002283F8802110E00B499D
S3150001BFC00420FDF70EF9084B002283F8802107E0D3
S3150001BFD00A490420FDF705F9034B002283F8802165
S3150001BFE003B05DF804FB00BF4024002054A7030002
S3150001BFF0C42500202DBD01006CA7030080A7030006
S3150001C00038B5084C04F51770F0F764FC002584F880
S3150001C0106E5004F51F70F0F75DFC84F86D50FDF766
S3150001C02099FA38BD4024002010B582B0184C04F5A9
S3150001C0301F70F0F74FFC002384F86D3094F8AA3294
S3150001C0401BB1D4F8D032012B09D0114BD3F8D03221
S3150001C050172B06D90B2B19D84FF4E15403E00A2408
S3150001C06001E04FF4616422460A490220FDF7B9F85E
S3150001C0700123019300230093074A4FF47A7104FBCD
S3150001C08001F10648FEF7C8FC02B010BD044CEAE710
S3150001C0904024002098A70300957E0100BC260020BD
S3150001C0A08051010038B50546EDF7C6FA044601216F
S3150001C0B02846F0F7E5FC2046EDF7CCFA38BD84B00A
S3150001C0C0F0B58DB012AC84E80F00B84B93F81C3173
S3150001C0D0012B04D9052B02D0042B40F06581B34C0A
S3150001C0E004F51770F0F7F6FB002384F86E30159B04
S3150001C0F01C0BC3F30B0202B10134199F013CA74289
S3150001C10002D3A3EB073101E04FF48051081DA84D7E
S3150001C110A5FB0025AD0905EB450202EB4212824261
S3150001C12000D20135019500913A46A2490220FDF758
S3150001C13058F80020F2F7B7F806462822002102A88F
S3150001C1400AF00DFA2A238DF80830A7427AD0E423A3
S3150001C1508DF81E300DF11600FBF70BFF16AB03CB66
S3150001C160CDF80E00CDF812109DF80930012262F3C8
S3150001C17002038DF80930DBB26FF3C3038DF8093082
S3150001C180DBB26FF304138DF80930DBB26FF345139D
S3150001C1908DF80930DBB243F040038DF809309DF884
S3150001C1A00A3043F00C038DF80A30DBB26FF3051346
S3150001C1B08DF80A30DBB243F0C0038DF80A307B4AB2
S3150001C1C092F8D432591C82F8D4128DF80B30BDF88E
S3150001C1D06030ADF80C308DF8287012A911F8013BCA
S3150001C1E08DF8293008ABDDF84900496803C392F898
S3150001C1F01C21131FDBB2012B4FD96C4BD3F83831FD
S3150001C20013B36A4F052387F8403187F81C31E423BD
S3150001C2108DF81E30002487F8C6420A23C7F8BC32BF
S3150001C22007F5277C0DF1480EBEE80F00ACE80F00BC
S3150001C2309EE80F008CE80F00C7F8C042A7F8C44279
S3150001C24023461DE0E72383E741F2040001F088FC61
S3150001C250564BC3F838010028D3D157490220FCF7C1
S3150001C260C0FF012441E0514A02EBD30292F8C01209
S3150001C27003F007040120A040014382F8C0120133F4
S3150001C2809D4211D9EA1A072AEDD9484A02EBD3028F
S3150001C290FF2182F8C0120833F2E7042A2BD0474A5D
S3150001C2A001210220FEF752F8404BD3F8C002CDF827
S3150001C2B02A00B3F8C432ADF82E3011210DF11F005A
S3150001C2C0FBF72AFE9DF8082001231A4402A93046ED
S3150001C2D00BF064FA02469DF80830013398422AD0E1
S3150001C2E037490220FCF77DFF012420460DB0BDE849
S3150001C2F0F04004B070472D4BD3F8BC2231490220DF
S3150001C300FCF76FFF002408E0284B234493F8C02272
S3150001C3102D490220FCF765FF0134052CF4D92B4980
S3150001C3200220FCF75EFF214B052283F81C21E7233F
S3150001C3308DF81E30B8E71D4B93F841312449194455
S3150001C34000231A4691F82010304603F0F3FF044605
S3150001C350B0B9164B93F8D532CBB19DF81E30E72B09
S3150001C3601DD01C490220FCF73CFF01230193002349
S3150001C3700093194A4FF4AF711848FEF74DFBB4E725
S3150001C380024617490220FCF72CFF0124ADE70120E4
S3150001C390FFF788FE054B012283F8D522DDE7114917
S3150001C3A00220FCF71EFFDCE701249EE74024002063
S3150001C3B003B57EA5B4A70300F4A7030028A80300CC
S3150001C3C060A8030018A80300548E020024A80300E5
S3150001C3D080AD030084A80300A57E01009C260020F1
S3150001C3E06CA8030078A803002DE9F04188B0054642
S3150001C3F00F46654B93F81C31012B02D9062B40F0F1
S3150001C400BE80614E06F51770F0F764FA002486F8CF
S3150001C4106E402046F1F747FF804602940394049448
S3150001C42005940694CDF81B4019238DF80830EA23AC
S3150001C4308DF81E300DF11600FBF79BFD9DF80930B6
S3150001C440012262F302038DF80930DBB264F3C30300
S3150001C4508DF80930DBB264F304138DF80930DBB2D1
S3150001C46064F345138DF80930DBB243F040038DF8D0
S3150001C47009309DF80A3043F00C038DF80A30DBB21F
S3150001C48064F305138DF80A30DBB243F0C0038DF86F
S3150001C4900A3096F8D4329A1886F8D4228DF80B30E1
S3150001C4A096F81C31062B2FD0072286F8402106224A
S3150001C4B086F81C211022C6F8A822A6F8A47206F551
S3150001C4C027732868696803C32F4A02F5277303CBCC
S3150001C4D0CDF80E00CDF81210B2F8A432ADF80C303A
S3150001C4E09DF8082001231A4402A940460BF056F98B
S3150001C4F09DF80830013398420ED0024623490220A6
S3150001C500FCF76FFE01243BE01F4BD3F8A82220491C
S3150001C5100220FCF766FED7E71B4B93F841311D4914
S3150001C520194400231A4691F82010404603F002FFF1
S3150001C5300446A8B9144B93F8D532C3B11649022063
S3150001C540FCF74FFE1048002380F86E30012201925D
S3150001C5500093124A0A2100F51770FEF75DFA0FE003
S3150001C56002460F490220FCF73CFE012408E00120A7
S3150001C570FFF798FD044B012283F8D522DEE701245B
S3150001C580204608B0BDE8F0814024002060A80300E1
S3150001C5909CA8030080AD0300A4A80300A57E0100AA
S3150001C5A06CA80300424B93F81C31022B00D970474B
S3150001C5B030B589B005460020F1F775FE0446002323
S3150001C5C0029303930493059306938DF81C30142369
S3150001C5D08DF80830ED238DF81A300DF11200FBF7B6
S3150001C5E0C8FC9DF80920012363F302028DF8092096
S3150001C5F0D2B242F020028DF809209DF80A200221CC
S3150001C60061F383028DF80A20D2B242F0C0028DF89E
S3150001C6100A20274991F8D422D01881F8D4028DF83E
S3150001C6200B2044F24742ADF80C204FF6FF71ADF8EE
S3150001C6300E10ADF81020152202A920460BF0AEF817
S3150001C6400246152805D01B490220FCF7CAFD09B090
S3150001C65030BD002301222946204603F06BFE024627
S3150001C660C0B9134B93F8D532CBB1114C022384F8E0
S3150001C6701C3104F517752846F0F72CF9002384F8C8
S3150001C6806E300122019200930B4A14212846FEF7CF
S3150001C690C3F9DCE709490220FCF7A3FDD7E701202E
S3150001C6A0FFF700FD024B012283F8D522DDE700BF2B
S3150001C6B04024002060A80300A57E01006CA80300A9
S3150001C6C008B51B4B93F81C31012B26D8184B93F850
S3150001C6D04031042B04D009B30221154B83F84011D4
S3150001C6E0042A1DD8124B83F8A922012283F8AA2213
S3150001C6F00F4B002283F89D22FF2283F89E221322EC
S3150001C70083F8A822013883F8A70293F8A922094BD6
S3150001C710134493F82000FFF745FF08BD0121DCE72C
S3150001C720034B002283F8A92283F8AA22E0E700BF7F
S3150001C7304024002080AD0300002800F0CF8070B5B2
S3150001C74088B00E4615460446654B93F81C31002BFE
S3150001C75070D1FCF78DFA0378013BDBB2012B6CD962
S3150001C76004F062FA0020F1F79EFD00210AF003FFB2
S3150001C7700020F1F798FD802300225A490BF010F8AA
S3150001C780802875D1F1F7D6FB024657490220FCF7FE
S3150001C79028FD534BC3F85843052283F84121002451
S3150001C7A0C3F8D042C3F85C43C3F86043C3F83042D0
S3150001C7B083F86463C3F84441C3F848412046F1F75E
S3150001C7C072FD224644F247410BF013F80246002857
S3150001C7D054D10020F1F767FD002244490BF00FF810
S3150001C7E0024600284FD10020F1F75DFD01220DF12F
S3150001C7F01F010AF067FF10B91F238DF81F309DF83E
S3150001C8001F2002EB8202520039490220FCF7E9FCA3
S3150001C8103348002380F86D309DF81F1001EB81012C
S3150001C820012201920093334A490000F51F70FEF779
S3150001C830F3F82FE0FFF7E4FB8BE70020029003906B
S3150001C84004900590069002238DF808302A4A039237
S3150001C8508DF8113004228DF812208DF8173005233A
S3150001C8608DF81830F1F71FFD02A90AF0A8FF77E746
S3150001C870024622490220FCF7B4FC83E72049022044
S3150001C880FCF7AFFCA5E71F490220FCF7AAFCAAE7C3
S3150001C890F1F7A6F9124B93F86D30002BF8D000246E
S3150001C8A00F4B83F86D4000E00134042C0FD8164B72
S3150001C8B0234493F82020AA42F6D114490220FCF71A
S3150001C8C090FC224600210220FFF7FAFE04E0052231
S3150001C8D000210420FFF7F4FE08B070BD704700BFC9
S3150001C8E04024002018270020C4A803004880E00F38
S3150001C8F0F8A80300957E0100006A1800B8A8030095
S3150001C900E0A80300ECA8030080AD030010A9030012
S3150001C91008B50B4B93F84031032B01D0012B0DD1F8
S3150001C920074B93F81C31012B01D0012008BD0522CC
S3150001C93001210220FFF7C4FE0020F7E70120F5E7F9
S3150001C9404024002030B585B00446354D05F51F70ED
S3150001C950EFF7C0FF002385F86D308DF80F30B4B9BD
S3150001C960022203A90A20FCF7D3FE10B12823ADF851
S3150001C9700C30BDF80C30272B02D82823ADF80C302B
S3150001C980274BD3F85C33032B14D8BDF80C40224651
S3150001C99024490220FCF725FC01230193002300937F
S3150001C9A0214A4FF47A7104FB01F12048FEF734F86D
S3150001C9B005B030BD072B03D8BDF80C406400E6E78F
S3150001C9C00B2B04D8BDF80C4004EB4404DFE701222D
S3150001C9D00DF10F010420FCF79BFE10B101238DF828
S3150001C9E00F309DF80F304BB90D4BD3F85C330C2B40
S3150001C9F00ED0BDF80C4004EB4404C8E7084B0422F2
S3150001CA0083F84021052201210220FFF759FECFE7D5
S3150001CA10034BD3F85833002101209847E9E700BFBB
S3150001CA204024002038A90300957E0100BC26002081
S3150001CA30F0B591B006460C46924B93F81C21012A9B
S3150001CA4001D9032A7ED1002C40F081808D4B93F8C9
S3150001CA506C331BB100248B4B83F86C43894D05F570
S3150001CA601770EFF737FF002785F86E703846F1F734
S3150001CA701AFC05462D22394604A809F070FD002C42
S3150001CA8073D014238DF81030002C70D0E3238DF869
S3150001CA9022300DF11A00FBF76CFA9DF811300122D4
S3150001CAA062F302038DF81130DBB243F020038DF8F7
S3150001CAB011309DF81230022262F383038DF8123091
S3150001CAC0DBB243F0C0038DF812306E4B93F8D422DB
S3150001CAD0511C83F8D4128DF8132044F24742ADF865
S3150001CAE014204FF6FF71ADF81610ADF8182093F823
S3150001CAF01C31032B71D064490220FCF772FB614B98
S3150001CB00042283F84021032283F81C210D2283F895
S3150001CB109C2284F0010283F89D2254B39DF81020D3
S3150001CB2001231A4404A928460AF038FE9DF810305C
S3150001CB300133984274D0024654490220FCF751FB56
S3150001CB4011B0F0BD52490220FCF74BFBF8E7EFF7B5
S3150001CB50F3FE4C4BD3F86833C01AF1F7F1F94D4B9C
S3150001CB6098427FF673AF002470E72A238AE7E5230C
S3150001CB708DE7FCF71AFB434F87F8A40297F8643355
S3150001CB8087F8A53297F84D3187F8A03297F84C31DE
S3150001CB9087F89F3207F2A120FCF7FCFA00210DF17C
S3150001CBA00E00FEF7D5FFBDF80E30A7F8A232FCF74E
S3150001CBB037F987F8A60297F84121374B134493F8C2
S3150001CBC0203087F8A932FCF7F7FAA7F8A702152152
S3150001CBD007F29E20FBF7A0F906E02A4B93F89C2268
S3150001CBE02E490220FCF7FDFA002C97D1254BD3F8EC
S3150001CBF09E22D3F8A272D3F8A602D3F8AA12CDF8D0
S3150001CC002320CDF82770CDF82B00CDF82F10D3F8BF
S3150001CC10AE22CDF8332093F8B2328DF837307DE766
S3150001CC2000231A463146284603F084FB0246A0B982
S3150001CC30144B93F8D532ABB1E4B1194A1949022024
S3150001CC40FCF7CFFAC4B10123019300230093164ADE
S3150001CC5014211648FDF7E0FE72E715490220FCF79C
S3150001CC60C0FA6DE70120FFF71DFA064B012283F892
S3150001CC70D522E1E70F4AE1E7EFF75EFE014BC3F884
S3150001CC806803E0E74024002078A9030060A80300B8
S3150001CC905CA90300C027090080AD030080A9030039
S3150001CCA04CA9030088A90300A57E01009C2600204B
S3150001CCB06CA8030054A9030010B51B4B83F8640349
S3150001CCC093F84021032A03D193F81C31012B0DD08F
S3150001CCD0154B93F81C3115490220FCF782FA124BC9
S3150001CCE093F84031012B0CD0002010BD0E4B93F868
S3150001CCF041210F4B1344002193F82000FFF798FEC2
S3150001CD00EDE7094B93F81C31012BEDD1064C04F5E7
S3150001CD101F70EFF7DFFD002184F86D100522042056
S3150001CD20FFF7CEFCE0E700BF402400209CA90300EA
S3150001CD3080AD030038B50546ECF77EFC04460021BC
S3150001CD402846EFF79DFE2046ECF784FC38BD10B56A
S3150001CD501B4C04F51770EFF7BDFD002084F86E003B
S3150001CD60F1F7A1FA0AF018FC10F0010F17D0144BD5
S3150001CD70D3F83C3153B10020F1F795FA104CD4F8B1
S3150001CD803C110AF019FD0023C4F83C310C4B93F811
S3150001CD90D53263B90A4B012283F81C2110BD00204C
S3150001CDA0F1F781FA012211460AF0F8FBDFE70120CB
S3150001CDB0FFF7C0FF024B002283F8D522EAE700BF46
S3150001CDC040240020F0B597B000240A94B74B93F89D
S3150001CDD01C31013B052B00F29682DFE813F00600B9
S3150001CDE0360084017E02F3031C06FFF7B0FFAF4B4A
S3150001CDF093F86D30002B00F08682AC4B002283F84D
S3150001CE006D2093F84031012B06D0032B0ED0A84993
S3150001CE100220FCF7E6F976E2A6490220FCF7E1F9E1
S3150001CE20052200210420FFF74BFC6CE2A2490220F7
S3150001CE30FCF7D7F99D4B93F84121A04B13440121EF
S3150001CE4093F82000FFF7F4FD5DE20BAB039311AB02
S3150001CE50029307AB019309AB00930DF123030AAAD1
S3150001CE6001219748FEF7B8FD0446002830D18F4BC3
S3150001CE7093F86E3013B9002C00F045828B4B93F872
S3150001CE80A8320BB1002C6BD0884B93F8A932032B37
S3150001CE9004D8864A92F8AA22002A6ED0834B93F8C8
S3150001CEA0A732002B78D0814A92F8AA221AB97F4A72
S3150001CEB0002182F8A9127D4A013B82F8A73292F835
S3150001CEC0A9227E4B134493F82000FFF76BFB1AE26D
S3150001CED0BDF8403001939DF83B3000939DF93A30FF
S3150001CEE0BDF8462077490220FCF77BF9079B012B09
S3150001CEF005D0002474490220FCF773F9B7E7099BB2
S3150001CF0018786A4B93F8A9126C4B0B4493F82020BE
S3150001CF10904201D00024EDE7644B93F89D029DF801
S3150001CF203B30984205D3614890F99E02B0F1FF3F2C
S3150001CF30E0D15E4880F89D329DF93A5080F89C52C6
S3150001CF4080F89E120A99D1F80D50D1F81110C0F847
S3150001CF509F52C0F8A3125D490220FCF742F9C9E7C6
S3150001CF60524A013B82F8A83292F8A922534B134444
S3150001CF7093F82000FFF716FBC5E14C4A132182F80E
S3150001CF80A8120133DBB282F8A9324C4A134493F852
S3150001CF902000FFF707FBB6E1FFF7D9FE434B93F9F4
S3150001CFA09E22002A40DB414B0021C3F8D012C3F870
S3150001CFB05C1303F5A274D3F89F02D3F8A31203C43A
S3150001CFC093F8643323B9A4F5A673FD2183F864139A
S3150001CFD0364B93F84031012B50D0344B032183F863
S3150001CFE0401193F841319A4212D0304B83F84121D6
S3150001CFF093F89D1283F84C1193F99C1283F84D1105
S3150001D0002E490A44D3F8583392F82010082098473D
S3150001D010264B93F81C31012B5AD0002B00F073815B
S3150001D0200020FFF78FFC6EE193F84031012B06D00B
S3150001D030022B12D11D4B032283F8402163E11B4CC5
S3150001D040D4F8D0320133C4F8D032FEF7EDFFD4F86C
S3150001D050583300210620984755E1144C012584F8E0
S3150001D0604051C4F8D0520026C4F86063FEF7DCFFD5
S3150001D070D4F8583331462846984744E10B4B0321EF
S3150001D08083F8401183F8412193F89D1283F84C11DE
S3150001D09093F99C1283F84D1108490A44D3F8583381
S3150001D0A092F8201000209847B2E700BF40240020E4
S3150001D0B0DCA90300C0A90300D0A9030080AD0300C9
S3150001D0C008AE030008AA03007085020038AA03000F
S3150001D0D0954B93F84121954B1344002193F8200079
S3150001D0E0FFF7A6FC0FE10BAB039311AB029307AB62
S3150001D0F0019309AB00930DF123030AAA01218C4880
S3150001D100FEF76AFCE0B9884B93F86E30002B00F00D
S3150001D110FA80854B93F89C32002B00F0CA80824A34
S3150001D120013B82F89C3292F84111804B0B4492F8F4
S3150001D1309D1281F0010193F82000FFF779FCE2E0EE
S3150001D140BDF8403001939DF83B3000939DF93A308C
S3150001D150BDF8462077490220FCF743F8079A112AC1
S3150001D16040F0A28011210998FAF7C5FE002800F0C7
S3150001D1709680FFF7ECFD6C4B032283F84021D3F830
S3150001D1805C330B2B0AD9684A92F99E12674B0B4402
S3150001D190D2F8582393F8201000209047624E099F39
S3150001D1A006F52D7538687968BA68FB680FC53B7C4A
S3150001D1B02B700A9BD3F80D10D3F81120C6F8C512AF
S3150001D1C0C6F8C922B3F80330A6F8CE3296F8C132B2
S3150001D1D033B1D6F8583306F52D7102209847044627
S3150001D1E055490220FBF7FDFF002508E04E4B2B4475
S3150001D1F093F8B42251490220FBF7F3FF0135102DB4
S3150001D200F4D94F490220FBF7ECFF474B93F86433FF
S3150001D21033B1454B012283F86C23002283F8642342
S3150001D220414B0022C3F85C23D3F860230132C3F8D3
S3150001D230602393F8C13203BB3B4BB3F8C33298B2B8
S3150001D24013F4004F14D1C0EB00108000FFF77AFBF6
S3150001D250354BD3F8603313F01F0F12D0012C7FF436
S3150001D26052AF0A98B0F803100D30FFF7BDF84AE740
S3150001D270A0F50040FFF766FBEAE70020FFF762FB37
S3150001D280E6E7012204A90320FCF742FA0028E5D1CA
S3150001D2909DF81030002BE1D0FFF73AFBDEE7294974
S3150001D2A00220FBF79EFF2EE727490220FBF799FF95
S3150001D2B029E7FFF74CFD1C4C032384F84031D4F8D1
S3150001D2C05833002107209847D4F85C330133C4F85A
S3150001D2D05C330020FFF736FB15E00BAB039311AB74
S3150001D2E0029307AB019309AB00930DF123030AAA3D
S3150001D2F001211648FEF770FB50BB0B4B93F86E30BD
S3150001D300002B40F03281084B93F86D304BB1064B40
S3150001D31093F81C311A1F022A00F2CD830020FFF771
S3150001D32011FB17B0F0BD00BF4024002080AD030003
S3150001D3300CAE030060AA030090AA030048A00300F4
S3150001D34070850200A0AA0300B0AA030010AE030074
S3150001D350BDF8403001939DF83B3000939DF93A307A
S3150001D360BDF84620A7490220FBF73BFF079B652B2B
S3150001D370C3D9099C66212046FAF7BDFD0028BCD019
S3150001D3806278A14BD3F8B8329A4233D1A2782F2AC8
S3150001D39000F2E6809C4B03EBD20393F8C03202F015
S3150001D3A007010B4113F0010F00F0D58097490220C8
S3150001D3B0FBF717FFA378292B21D06322924DD5F8CD
S3150001D3C0380103EB430303EB431309990331184473
S3150001D3D009F0C3FAA37805EBD30595F8C01203F05B
S3150001D3E0070201239340DB435BB20B4085F8C03251
S3150001D3F0002443E086490220FBF7F3FE7DE729225C
S3150001D400DCE784490220FBF7ECFE002408E07E4BB2
S3150001D410234493F8C02280490220FBF7E2FE01343F
S3150001D420052CF4D97D490220FBF7DBFE65E70021D7
S3150001D4300B468A4206D97018007903449BB2013122
S3150001D44089B2F6E772889A420CBF0125002535D1CB
S3150001D450FFF77DFC6C4B032283F84021002D32D06F
S3150001D4606F490220FBF7BDFE674BD3F8583304A979
S3150001D470032098470546012D66D00134052C3FF659
S3150001D4803CAF614B234493F8C032002BB9D1052C34
S3150001D490F3D15D4BD3F83861D3F8B83204933346F0
S3150001D4A033F8042B059206933288B2F5805FBED914
S3150001D4B05C490220FBF795FE0025C9E75A4902207F
S3150001D4C0FBF78FFEC4E7504BD3F838114B780A7837
S3150001D4D0C87801908978009154490220FBF781FEB2
S3150001D4E053490220FBF77DFE002506E073191A79E0
S3150001D4F050490220FBF775FE01353388B3F5805F8D
S3150001D50028BF4FF480539D4207D215F0070FEDD186
S3150001D51049490220FBF765FEE8E73B4ED6F858334A
S3150001D520002105209847054696F81C31043BDBB2DD
S3150001D530012BA0D9D6F8380100289CD000F018FBA1
S3150001D5400022C6F8382196E70A98B0F803100D3084
S3150001D550FEF74AFF91E739490220FBF742FECCE686
S3150001D56037490220FBF73DFEC7E6FFF7F0FB264BE6
S3150001D570D3F8BC329BB9244B032283F84021D3F85C
S3150001D580380128B100F0F4FA1F4B0022C3F8382104
S3150001D5901D4BD3F85833002104209847B3E61A4CA3
S3150001D5A0042284F81C21013BC4F8BC3204F52B7318
S3150001D5B00FCB8DE80F0004F5277494E80F00FEF7F2
S3150001D5C07EFDA0E60BAB039311AB029307AB019370
S3150001D5D009AB00930DF123030AAA03211948FEF7AB
S3150001D5E0FBF9002876D09DF82320E92A2ED0EC2AD3
S3150001D5F065D0E82A00F09F8013490220FBF7F1FD70
S3150001D600FAF736FCD0AA03004024002034AB03000D
S3150001D61008AB030044AB0300548E020024A80300A8
S3150001D620B4AB03004CAB030074AB0300C0AB030007
S3150001D630ECAB030018A303007085020000AC0300E5
S3150001D64008AC030014AE0300E4AC0300FFF77FFB54
S3150001D650079B022B25D9099FB7F80120B74902205C
S3150001D660FBF7BFFD0020F0F71EFE0022012109F0A5
S3150001D67095FFB34C012684F8C662052384F81C3154
S3150001D68004F517752846EFF725F9002384F86E305F
S3150001D690B7F8011001960093AA4A2846FDF7BCF98E
S3150001D6A018E0A9490220FBF79CFDA54B032283F84C
S3150001D6B04021D3F858330021052098470AE0FFF7A7
S3150001D6C046FB9F4B032283F84021D3F858330021B0
S3150001D6D0052098479A4B93F86E30002B3FF413AE12
S3150001D6E0974B93F81C31052B7FF40DAE944B00221A
S3150001D6F083F86E2093F8C632002B00F05F81104646
S3150001D700F0F7D1FD8E4C94F84121904B1344002241
S3150001D71093F8201002F01CFE042384F81C31012327
S3150001D720019300230093874A4FF4AF7104F51770F4
S3150001D730FDF772F9E7E5079B652B40F22581099C08
S3150001D74066212046FAF7D7FB0546002800F0F0804F
S3150001D75062787B4BD3F8B8329A4231D1A278292A22
S3150001D76000F21681764B03EBD20393F8C03202F036
S3150001D77007010B4113F0010F00F00A8174490220E1
S3150001D780FBF72FFDA378292B1FD063226C4ED6F809
S3150001D790380109990331632707FB030009F0DDF816
S3150001D7A0A37806EBD30696F8C01203F0070201230D
S3150001D7B09340DB435BB20B4086F8C032002444E061
S3150001D7C064490220FBF70DFDE2E02922DEE762490A
S3150001D7D00220FBF706FD002408E0594B234493F889
S3150001D7E0C0225E490220FBF7FCFC0134052CF4D96A
S3150001D7F05B490220FBF7F5FC002D3FF46BAFC7E058
S3150001D8006818007903449BB2013189B28A42F7D87C
S3150001D8106A889A420CBF0126002638D1FFF797FA8B
S3150001D820474B032283F84021002E35D04D49022073
S3150001D830FBF7D7FC424BD3F8583304A9032098478A
S3150001D8400546012D6DD000250134052CD4D83C4B5D
S3150001D850234493F8C032002BB9D1052CF4D1384BAF
S3150001D860D3F83851D3F8B83204932B4633F8042B46
S3150001D870059206932A88B2F5805F05D93A490220B6
S3150001D880FBF7AFFC0026C9E700210B46BEE7374987
S3150001D8900220FBF7A6FCC1E735490220FBF7A1FCF4
S3150001D8A0274BD3F838114B780A78C87801908978D4
S3150001D8B0009130490220FBF794FC2F490220FBF727
S3150001D8C090FC002606E0AB191A792C490220FBF7D9
S3150001D8D088FC01362B88B3F5805F28BF4FF480534F
S3150001D8E09E4207D216F0070FEDD125490220FBF71C
S3150001D8F078FCE8E7124ED6F8583300210520984700
S3150001D900054696F81C31043BDBB2012B99D9D6F8B2
S3150001D9103801002895D000F02BF90022C6F83821ED
S3150001D9208FE70A98B0F803100D30FEF75DFD8AE720
S3150001D93014490220FBF755FC2AE000BF24AC030082
S3150001D94040240020A57E010044AC030080AD030005
S3150001D95034AB030008AB030044AB0300548E020052
S3150001D96024A80300B4AB03004CAB030074AB030063
S3150001D9706CAC0300C0AB0300ECAB030018A30300BF
S3150001D98070850200A4AC030050490220FBF729FC74
S3150001D9904F4C042384F81C3104F517752846EEF71D
S3150001D9A099FF002384F86E30012201920093494ABF
S3150001D9B04FF4AF712846FDF72FF88BE6FFF7C7F94D
S3150001D9C0434BD3F8BC329BB9414B032283F8402128
S3150001D9D0D3F8380128B100F0CBF83D4B0022C3F84B
S3150001D9E038213B4BD3F858330021042098478AE469
S3150001D9F0374C042284F81C21013BC4F8BC3204F5DF
S3150001DA002B730FCB8DE80F0004F5277494E80F00F4
S3150001DA10FEF755FB77E40BAB039311AB029307AB10
S3150001DA20019309AB00930DF123030AAA01212A48A8
S3150001DA30FDF7D2FFA8B9264B93F86E30002B3FF4C1
S3150001DA4062ACFFF784F9224BD3F8A8323BBB204BDB
S3150001DA50032283F84021D3F8583300210A2098473E
S3150001DA6051E4BDF8403001939DF83B3000939DF998
S3150001DA703A30BDF8462019490220FBF7B2FB184996
S3150001DA800220FBF7AEFBFFF762F9114B032283F885
S3150001DA904021D3F85833002109209847CBE70C4A97
S3150001DAA0062182F81C11013BC2F8A8320021084662
S3150001DAB0FEF79AFC27E4064A92F840210092094AA9
S3150001DAC001210220FCF742FC2BE400BFC4AC030099
S3150001DAD040240020A57E010018AE030010AD03000E
S3150001DAE044AD030050AD0300014BD3E8AF0F7047BF
S3150001DAF06428002008B5064B044613B10021AFF394
S3150001DB000080044B1B6803B198472046EEF70EFED2
S3150001DB1000000000A829002070B50D4D00260D4C0F
S3150001DB20641BA410A64209D10B4D00260B4C0AF02A
S3150001DB3067F9641BA410A64205D170BD55F8043BD4
S3150001DB4001369847EEE755F8043B01369847F2E768
S3150001DB50500B0020500B0020500B0020580B0020CA
S3150001DB60024B0146186800F02DB800BFBC08002022
S3150001DB70024B0146186800F031BA00BFBC0800200C
S3150001DB8070B50F4E0C460546316811B900F004FA1E
S3150001DB9030602146284600F0FFF9431C03D14FF0BF
S3150001DBA0FF34204670BDC41C24F00304A042F8D003
S3150001DBB0211A284600F0F0F90130F2D1EFE700BF53
S3150001DBC0682800202DE9F041CD1C064625F0030505
S3150001DBD008350C2D38BF0C25002D01DBA94204D9CF
S3150001DBE00C2333600020BDE8F081314F00F0C8F905
S3150001DBF03B681C4644BB29463046FFF7C1FF431C20
S3150001DC00044650D13C682146002941D1002C44D01C
S3150001DC102368304604EB030800F0BEF980453CD189
S3150001DC20216830466D1A2946FFF7AAFF013034D024
S3150001DC3023682B4423603B68002B36D05A68A242E6
S3150001DC4029D100225A600EE02268521B1DD40B2AEC
S3150001DC5016D96119A342256018BF5960636808BFC8
S3150001DC60396062514B60304600F090F904F10B00C7
S3150001DC70231D20F00700C21AB5D01B1AA350B2E724
S3150001DC80A3426268DED13A60EDE723466468B1E7F4
S3150001DC900C464968B8E71346CEE70C233046336095
S3150001DCA000F074F99EE70560DDE75B60FFDE00BF0B
S3150001DCB06C28002010B504460448134620B10A46D4
S3150001DCC002202146AFF3008010BD00BF0000000016
S3150001DCD0002310B504468360818119464366C281DB
S3150001DCE008228361C0E90033C0E904335C3008F0DF
S3150001DCF036FC0D4B246263620C4BA3620C4BE36250
S3150001DD000C4B23630C4B9C4206D003F168029442F0
S3150001DD1002D0D0339C4205D104F15800BDE8104031
S3150001DD2008F025BC10BD00BF9D640200BF6402005F
S3150001DD30F76402001B65020070280020024A0349AD
S3150001DD40034808F0EEBB00BF0C090020EF68020093
S3150001DD50C008002041680C4B994210B5044601D019
S3150001DD6008F0C5FDA168094B994202D0204608F08A
S3150001DD70BEFDE168064B994204D02046BDE810403D
S3150001DD8008F0B5BD10BD00BF70280020D8280020BE
S3150001DD904029002010B50B4B04210B4C0B4A2046A1
S3150001DDA01A600022FFF794FF04F16800012209219D
S3150001DDB0FFF78EFF04F1D00002221221BDE81040C8
S3150001DDC0FFF786BFA8290020702800203DDD01004D
S3150001DDD0014808F0CDBB00BFC22C0020014808F065
S3150001DDE0C8BB00BFC22C002010B50446FFF7F0FFE8
S3150001DDF0236A1BB1BDE81040FFF7F0BF044B236255
S3150001DE00044B1B68002BF5D1FFF7C4FFF2E700BFF7
S3150001DE1055DD0100A82900202DE9F7431D46574B82
S3150001DE2004460E461F68904627B13B6A13B9384629
S3150001DE30FFF7DAFFB8F1020F06D0B8F1010F00F2D1
S3150001DE409980002DC0F29680636ED90705D4A38907
S3150001DE509A0502D4A06D08F08BFB2146384608F0DE
S3150001DE6046FD616B41B104F14403994202D0384643
S3150001DE7000F0B4F8002363630023A3616360A38900
S3150001DE801B0603D52169384600F0A8F8A389B8F125
S3150001DE90020F23F44A6323F00303A38160D001AB8D
S3150001DEA06A462146384608F065FBA3891843A081D6
S3150001DEB02DBB009D2846FFF753FE0646002851D18B
S3150001DEC0DDF80090A9453FD14FF0FF35B4F90C308C
S3150001DED043F00202A2810022A26004F147022260FD
S3150001DEE0226101226261626ED60704D4980502D4CA
S3150001DEF0A06D08F03EFB284603B0BDE8F083002E76
S3150001DF00D8D03B6A13B93846FFF76EFFB8F1010F57
S3150001DF10266002BFA38943F00103A381B4F90C3043
S3150001DF2013F00802C4E904651ED0D90745BF0022D3
S3150001DF306D42A560A26048BFA561626ED20701D499
S3150001DF409B0513D50025D6E74846FFF709FE064689
S3150001DF500028B9D0A3894D4643F08003A381D0E7B9
S3150001DF600025B3E7A946F5E7A260E6E7A06D08F04C
S3150001DF7000FBE7E74FF0FF35BDE700BFBC08002017
S3150001DF80014808F0F5BA00BFC12C0020014808F08D
S3150001DF90F0BA00BFC12C002038B50023054D044658
S3150001DFA008462B60EAF786FA431C02D12B6803B1B7
S3150001DFB0236038BDAC29002038B50446064D084615
S3150001DFC0114600222A601A46EEF7CEFB431C02D107
S3150001DFD02B6803B1236038BDAC29002038B505464E
S3150001DFE0002941D051F8043C0C1F002BB8BFE4189E
S3150001DFF0FFF7C6FF1D4A136833B9636014602846EC
S3150001E000BDE83840FFF7C2BFA34208D920682118EE
S3150001E0108B4201BF19685B6809182160EDE71A4652
S3150001E0205B680BB1A342FAD911685018A0420BD113
S3150001E03020680144501811608342E0D118685B687A
S3150001E040084453601060DAE702D90C232B60D6E747
S3150001E050206821188B4202BF19685B680918636042
S3150001E06008BF21605460CAE738BD00BF6C28002094
S3150001E0702DE9F04F0D469DB014469846064618B157
S3150001E080036A0BB9FFF7B0FE6B6ED90705D4AB89EE
S3150001E0909A0502D4A86D08F06BFAAB891B0701D566
S3150001E0A02B699BB92946304600F0FAF870B16B6EC0
S3150001E0B0DC0704D54FF0FF301DB0BDE8F08FAB890A
S3150001E0C09805F7D4A86D08F054FAF3E70023CDF8C4
S3150001E0D00C804FF00109DFF8B481099320238DF8F4
S3150001E0E0293030238DF82A3023469A4613F8012B1E
S3150001E0F00AB1252AF9D1BAEB040B0BD05B462246AD
S3150001E1002946304608F0AEFA013000F0A780099A98
S3150001E1105A4409929AF80030002B00F09F800023A0
S3150001E1204FF0FF320AF1010A049307938DF8533039
S3150001E1301A93CDE9052354460522544814F8011BC8
S3150001E14008F0FDFB049AD8B9D10644BF20238DF807
S3150001E1505330130744BF2B238DF853309AF8003000
S3150001E1602A2B15D0079A544600204FF00A0C214657
S3150001E17011F8013B303B092B4BD9B0B1079214E0A2
S3150001E180A0EB0803A24609FA03F313430493D2E76B
S3150001E190039B191D1B68002B0391BBBF5B4242F019
S3150001E1A0020207930793B8BF049223782E2B0AD154
S3150001E1B063782A2B32D1039B02341A1D1B6843EA6A
S3150001E1C0E37303920593DFF8D4A003222178504626
S3150001E1D008F0B5FB38B1A0EB0A004022049B0134DC
S3150001E1E082401343049314F8011B062228488DF834
S3150001E1F0281008F0A4FB00283FD0264B1BBB039B2D
S3150001E200073323F0070308330393099B3B44099320
S3150001E2106AE70CFB02320C460120A8E70023013411
S3150001E2204FF00A0C19460593204610F8012B303A97
S3150001E230092A03D9002BC6D00591C4E70CFB01219D
S3150001E24004460123F0E703AB2A4604A930460093AE
S3150001E250114BAFF300800746781CD6D16B6ED907F8
S3150001E26005D4AB899A0502D4A86D08F082F9AB8969
S3150001E2705B063FF51FAF09981EE703AB2A4604A9C3
S3150001E28030460093044B00F061F8E4E7CCAF03009D
S3150001E290D6AF03000000000065660200D2AF03009E
S3150001E2A038B5294B05460C46186818B1036A0BB9EF
S3150001E2B0FFF79AFDB4F90C30190722D4DA0607D410
S3150001E2C009222A6043F040034FF0FF30A38133E077
S3150001E2D0580712D5616B41B104F14403994202D04A
S3150001E2E02846FFF77BFE00236363A38923F02403FB
S3150001E2F0A3810023636023692360A38943F0080394
S3150001E300A38123694BB9A38903F42073B3F5007F75
S3150001E31003D02146284608F052F9B4F90C3013F01F
S3150001E32001020AD00022A26062695242A2612269F8
S3150001E33042B913F08000C5D138BD990758BF62694B
S3150001E340A260F4E70020F7E7BC0800202DE9FF47AB
S3150001E3500F7E914680460C46782F9A460C9E01F117
S3150001E360430207D8622F0AD8002F00F0DD80582F0C
S3150001E37000F0C38004F1420684F842703AE0A7F146
S3150001E3806303152BF6D801A151F823F0E5E301004B
S3150001E390F9E3010075E3010075E3010075E301008E
S3150001E3A075E30100F9E3010075E3010075E301007E
S3150001E3B075E3010075E301000FE5010087E4010043
S3150001E3C0C7E4010075E3010075E3010031E50100D1
S3150001E3D075E3010087E4010075E3010075E30100BF
S3150001E3E0CFE4010033681A1D1B68326004F142064E
S3150001E3F084F842300123A8E031682368081D3060A3
S3150001E4001E0601D50D6803E05D06FBD5B1F9005086
S3150001E410002D616878DA2D200029A16084F8430077
S3150001E4202DDA6D425D480A231646B5FBF3F103FB6F
S3150001E4301157C75D06F8017D2F460D46BB42F4D93B
S3150001E440082B0BD12368DF0708D523696168994238
S3150001E450DEBF302306F8013C06F1FF36921B22612E
S3150001E4604B4603AA21464046CDF800A008F04AF9DA
S3150001E47001306FD14FF0FF3004B0BDE8F08723F0D3
S3150001E48004032360CDE721683368080653F8045B6B
S3150001E49002D4490648BFADB26F2F33603F4814BF5F
S3150001E4A00A230823002184F843106668002EA6601B
S3150001E4B0BADB216821F004012160002DB4D1002EC0
S3150001E4C0B2D11646BCE7236843F0200323607827C0
S3150001E4D03348236884F845701F06316851F8045B98
S3150001E4E002D45F0648BFADB23160D90744BF43F0DD
S3150001E4F0200323601DB11023D4E72848E9E72368E8
S3150001E50023F020032360F6E724480A23CDE7336886
S3150001E5102568181D616930602E061B6801D51960D2
S3150001E52002E06806FBD5198000231646236197E7AA
S3150001E530336800211A1D32601E686268304608F091
S3150001E540FEF908B1801B606063682361002384F8CB
S3150001E550433085E72369324649464046D047013074
S3150001E56088D023689B0714D4E068039B9842B8BF00
S3150001E570184681E70123324649464046D0470130D5
S3150001E5803FF478AF0135E36803995B1AAB42F1DCDE
S3150001E590EAE7002504F11906F5E700BFDDAF030040
S3150001E5A0EEAF030038B50023054D044608462B603F
S3150001E5B0EEF7BAF8431C02D12B6803B1236038BDCC
S3150001E5C0AC290020024B0146186808F0D3B900BFF8
S3150001E5D0BC08002038B50023064D044608461146FE
S3150001E5E02B60EEF7A4F8431C02D12B6803B123601C
S3150001E5F038BD00BFAC29002038B50023054D0446BF
S3150001E60008462B60EEF79AF8431C02D12B6803B13A
S3150001E610236038BDAC29002038B50446064D0846AE
S3150001E620114600222A601A46EEF78DF8431C02D1E4
S3150001E6302B6803B1236038BDAC29002038B50446E8
S3150001E640064D0846114600222A601A46EEF77DF865
S3150001E650431C02D12B6803B1236038BDAC290020CD
S3150001E66038B50023064D0446084611462B60EEF7E1
S3150001E67067F8431C02D12B6803B1236038BD00BF84
S3150001E680AC2900200FB407B5064904AB086853F856
S3150001E690042B81680193FFF7EBFC03B05DF804EBF3
S3150001E6A004B07047BC0800200B46034902460868BF
S3150001E6B08168FFF7DDBC00BFBC08002007B50093E9
S3150001E6C013460A4601460348006808F0CDF903B02F
S3150001E6D05DF804FBBC080020024B0146186808F0EF
S3150001E6E0EEB900BFBC080020024B0A460146186875
S3150001E6F008F042BABC0800202DE9F04F98468B89F4
S3150001E7009DB007461B060D46144610D50B6973B915
S3150001E7104021FFF757FA2860286130B90C233B6086
S3150001E7204FF0FF301DB0BDE8F08F40236B61002331
S3150001E730CDF80C804FF00109DFF8A0810993202361
S3150001E7408DF8293030238DF82A3023469A4613F85E
S3150001E750012B0AB1252AF9D1BAEB040B0BD05B4682
S3150001E76022462946384608F01BFA013000F0A780F8
S3150001E770099A5A4409929AF80030002B00F09F80BA
S3150001E78000234FF0FF320AF1010A049307938DF833
S3150001E79053301A93CDE90523544605224F4814F800
S3150001E7A0011B08F0CCF8049AD8B9D00644BF20233F
S3150001E7B08DF85330110744BF2B238DF853309AF847
S3150001E7C000302A2B15D0079A544600204FF00A0C28
S3150001E7D0214611F8013B303B092B4BD9B0B10792C9
S3150001E7E014E0A0EB0803A24609FA03F313430493CA
S3150001E7F0D2E7039B191D1B68002B0391BBBF5B422C
S3150001E80042F0020207930793B8BF049223782E2B96
S3150001E8100AD163782A2B32D1039B02341A1D1B6855
S3150001E82043EAE37303920593DFF8C0A0032221783C
S3150001E830504608F084F838B1A0EB0A004022049B48
S3150001E840013482401343049314F8011B0622244821
S3150001E8508DF8281008F073F8002836D0214B1BBB21
S3150001E860039B073323F0070308330393099B3344C0
S3150001E87009936AE70CFB02320C460120A8E7002344
S3150001E88001344FF00A0C19460593204610F8012B66
S3150001E890303A092A03D9002BC6D00591C4E70CFBEF
S3150001E8A0012104460123F0E703AB2A4604A93846B1
S3150001E8B000930D4BAFF30080421C0646D6D1AB89BF
S3150001E8C05B063FF52DAF09982CE703AB2A4604A951
S3150001E8D038460093044BFFF739FDEDE7CCAF030053
S3150001E8E0D6AF030000000000A16B0200D2AF030007
S3150001E8F02DE9F04F144687B09B46C36B06460D467D
S3150001E9005B69012202A960689847F36B012203A99A
S3150001E9105B692846984702A808F027FD074648B1D3
S3150001E9200023A37563754FF0FF33A360002007B082
S3150001E930BDE8F08F03A808F025FD0123A375237E0A
S3150001E94004EBC303DD611F846368AB420ED1206013
S3150001E95003A808F039FD4FF0FF332075A360237D2E
S3150001E960043B022B25D80023A375DFE723681A1A77
S3150001E97003A853425341A37508F026FD237D834224
S3150001E98003A818BFA77508F001FD074602A808F0FD
S3150001E990FDFC874203A81CBF0023A37508F0FEFCFB
S3150001E9A0074602A808F0FAFC87421CBF0023A3759C
S3150001E9B0D5E703A808F0EAFC80B1F36B022204A9AB
S3150001E9C028465B69984704A808F0EFFC0346207DBA
S3150001E9D0032839D8DFE800F03838040903A8F3E73B
S3150001E9E0237ECC2204EBC3031A8401F0D9FB109BCE
S3150001E9F0187003A8277E08F0BDFC04EBC70787F84B
S3150001EA00220003A8237E04EBC303B3F8209093F8F6
S3150001EA10227008F0BBFC804603A808F0BFFC8246C2
S3150001EA20B8F1000F15D0F36B022204A928465B69E1
S3150001EA30984704A808F07EFC6075637D6BB90023D6
S3150001EA40A3754FF0000838E0227E04EBC20213845E
S3150001EA50CBE703A808F059FCEEE794F81680B8F165
S3150001EA60000FEED0B9F1000F09D1DFB10123627EAB
S3150001EA70E375002A44D19F4218D1677614E0736C7E
S3150001EA8005EB0A02594285EA020008421CBF002131
S3150001EA90A175591E0A409B1A9945D0D8A37D002B12
S3150001EAA0E3D1CEE7E37D43B94FF000084B4652462A
S3150001EAB02946304608F002FAA060A27D12B1236908
S3150001EAC04B4423611349237E097899421ED90133A8
S3150001EAD02376BBF1000F1BD0D2B1E37DC3B1B8F1F0
S3150001EAE0000F15D1032F13D0A1684B1C10D0109B1A
S3150001EAF02246304600930123FFF7FAFEA07507E090
S3150001EB00012FDAD0032F08BFA376CDE70023A37523
S3150001EB10A07D0CE719AE03002DE9F04F0E468BB030
S3150001EB209846002304464FF0FF31104617468DF8EC
S3150001EB30133001F01FFBB6F5801F3BD3B21C53D136
S3150001EB40E56A6B1C57D1616A204608F0FDF8054657
S3150001EB50B31CDFF8189118BF01230193636A05A955
S3150001EB60626C4FF0000B0293236802FB053AE36BDC
S3150001EB7005225B695046984705A808F0AFFC08F0E6
S3150001EB80D2FC504608F0DAFC824601464B1C05D001
S3150001EB90636C81EA0A025B42134232D0294620465F
S3150001EBA008F0D2F8029BAB424DD0BBF1000F4DD11C
S3150001EBB00546D3E7314605AA04F1080008F08BFBA8
S3150001EBC00146481C10D0384601F0D4FA0DF1130362
S3150001EBD001223946204608F0EDF928B19DF8133097
S3150001EBE088F80030002003E0237C002BA8D11D48C3
S3150001EBF00BB0BDE8F08F2368ED1A636CB5FBF3F536
S3150001EC00A6E7484601F0B6FA0DF11303019A494603
S3150001EC10204608F0CFF9034690B1B21C03D0D9F8CB
S3150001EC200020B2420CD19DF8132049460393384681
S3150001EC300D4B88F800201A6807F08FFE039B9B4650
S3150001EC40D9F80810A2E7BBF1000FD0D0B6F5801FA6
S3150001EC50C8D298F8003031467A6804F1080001F00C
S3150001EC60CDF9BFE70BE000F01CAE03000828002039
S3150001EC702DE9F3410E46044617469846816A194D19
S3150001EC80E36A8B422AD04B1C18E0284601F072FA3F
S3150001EC900DF1070301222946204608F08BF930B110
S3150001ECA043469DF8072029462046B847B0B1A968D2
S3150001ECB04A1C05D0012E0AD0E36A9942E5D10DE03E
S3150001ECC06968204608F0CDF8012E0146D8D16B6857
S3150001ECD081EA0302636C5B421A42D1D002B0BDE8FD
S3150001ECE0F08100BF342800202DE9F041036B9046E6
S3150001ECF0826B90B007680E469A42426C01A904469F
S3150001ED0088BF8363436A02FB0377C36B05225B6992
S3150001ED103846984701A808F0E1FB01280146307002
S3150001ED2056D0656C06A9E26B2368606AD2F814C0F6
S3150001ED30052205FB00300025E04706A808F0CEFBBA
S3150001ED40012823D001218DF834800E958DF83C10D1
S3150001ED50D4E90A32CDE90B4593422AD11946204618
S3150001ED6008F07FF8236B626C1433E0629B1A23630D
S3150001ED700C9B53B99DF83C303BB1626A616C2368C8
S3150001ED80E06B01FB023108F061FB0C9DE36B052290
S3150001ED9001A938465B69984701A808F09FFB3070C6
S3150001EDA0236B2846A26B9A4288BFA36310B0BDE8C5
S3150001EDB0F081237C33B90BAA1C4904F1080001F048
S3150001EDC06DF9D5E70BAB1A4A2046FFF751FFCFE79E
S3150001EDD0237C23BB2246174904F1080001F05EF9A2
S3150001EDE0616A204607F0D1FF616A421C204607F09E
S3150001EDF09AFF054620B9236B626C1344143B2363C7
S3150001EE00A16A204608F02DF82368A062C01A636C37
S3150001EE10B0FBF3F06062204608F067F8B6E700231E
S3150001EE20054A2046FFF724FFDAE700BF05F7010090
S3150001EE3081F6010007700200D96F02002DE9F04F3B
S3150001EE408BB09A46DFF854B180469DF850300D4696
S3150001EE5016460293DBF810305345C0F09880DBF874
S3150001EE600430D1460193B9F1000F00F08C80D8F837
S3150001EE703C30012207A901985B69984707A808F069
S3150001EE8081FADBF80030984240F0848007A808F048
S3150001EE9085FA0428074614D107A808F086FA019BCB
S3150001EEA0029A04463B44002A3ED1864212D9361ABA
S3150001EEB014460199404607F0D4FFA9EB04090190D5
S3150001EEC0D1E7D8F83C30022208A901985B69984736
S3150001EED008A8E2E7841B9F19544528BF5446032C12
S3150001EEE0AAEB040A4FEA94021CD9D8F83C30294609
S3150001EEF0384604F003065B69984724F003031F4470
S3150001EF001D44002ED5D0D8F83C30012208A9384638
S3150001EF105B6998473246284608A9354407F01DFD26
S3150001EF200026C6E72646ECE700F00302034407463F
S3150001EF3003922A1805930492049BDD1B059BD81B9B
S3150001EF40039B9F420FD1002FB3D0D8F83C3001224A
S3150001EF5008A95B6998473A4608A9284608F03CFF84
S3150001EF6078B93D44A5E7D8F83C30012208A95B6988
S3150001EF709847042208A9284608F02EFF08B9043F3D
S3150001EF80DAE7DFF81C9048460BB0BDE8F08FDFF8F2
S3150001EF901490F8E7DFF81090F5E700BFB0270020DE
S3150001EFA012E000F011E000F022E000F07FB590F8E9
S3150001EFB0426004460DF10B03019230460A4612499E
S3150001EFC008F037F8012E0546E36B19D15B69324625
S3150001EFD003A998479DF80B10039B019A59B19BB25F
S3150001EFE043EA024303930122E36B03A928469B6983
S3150001EFF0984704B070BD1B0C92B21B041343F1E792
S3150001F0009B69012201A9F3E7B02700202DE9F04F02
S3150001F01099B00F46044609920A69416C0E93D31DB5
S3150001F0201439B3FBF1F3013302EBC302036B9342D1
S3150001F030C0F00F820023DFF824940D93E36A48465B
S3150001F0401946079301F096F8D7E9033604930E9B08
S3150001F050022B4ED1CC2E40F08C81099B002B42D045
S3150001F0603946204608F03BF8656C079A6B1E1490EA
S3150001F0701340ED1AE36B012216A978685B6998477C
S3150001F08016A808F083F900280CBF04230823782E5C
S3150001F09006933FD9012300254FF0080A05933B68E3
S3150001F0A005990E98C9F80030C9F8106008F090F972
S3150001F0B04FEA9A03DDF81CB089F814001093002377
S3150001F0C00B930F9308930C93616C4A1E0BEA020291
S3150001F0D08B1A002E3AD05544AB4242D8236B5B1AA9
S3150001F0E013442363ADE0049B1B6814930823069322
S3150001F0F0D0E7656C782E079A05F1FF3303EA020320
S3150001F100A5EB030516D8FB7D7BB9099B002BB1D175
S3150001F11004230693331DAB4210D9A6B1082DB9D8E5
S3150001F12004250023AA460593B9E7099B002BA1D123
S3150001F1300823EEE7099B002B9CD1D7E7002505950F
S3150001F1404FF0040AABE704250596F9E75345C5D305
S3150001F1500BEB0A03B0460393089B002B18BF03234E
S3150001F16013E0A3EB0A03B0460BEB0A029E4203929D
S3150001F17028BF98469E42EFD9D9F81020012396421E
S3150001F18089F8173071D1C9F804B0089399F8173086
S3150001F190002B6CD099F818200899D31C013209EB81
S3150001F1A0C30389F81820C3F804B0A3F8088099723C
S3150001F1B0B8F1000F14D00E9B022B5BD10B9B7BB9D0
S3150001F1C00F9B4344032B0BD9E36B012214A903982C
S3150001F1D09B6998470546002840F03D8101230B9322
S3150001F1E0089B16A80193059B0093434699F81420A2
S3150001F1F0396800F075FFE36B109A16A99B695846AA
S3150001F2009847051E0D9B18BF5B4652460D935946FE
S3150001F2104346204607F052FE236B08F10302C9F864
S3150001F2200800A3EB0A0322F003029B1A2363002DB5
S3150001F23040F011810F9BA6EB0806DDF80CB04344A4
S3150001F2400F935946204607F00CFE00258346002EF3
S3150001F2507FF43AAF814A04F108003968936852682D
S3150001F260E3620E9B00F0CAFEDEE002238DE7C9F8D9
S3150001F27004B09DE7099B002B30D1049BB8F1030F25
S3150001F28043440A9327D9E36B4FEA98029B69DDE968
S3150001F290030198470546002865D118F003025FD09F
S3150001F2A028F00305049B2B440493039B1D444FF054
S3150001F2B0FF33049915A8159307F04FFBE36B284616
S3150001F2C0012215A99B6998470A9B05460493002DBF
S3150001F2D086D0039B99E7039D4246E8E7039B0A9381
S3150001F2E007F120031193FB7D78689BB13D7E0023D6
S3150001F2F00C9AD9B28D4211D9119903F1010C31F849
S3150001F3003310914226D907EBC3030699D8690A44FB
S3150001F310104403E00C9B069A13441844E36B012244
S3150001F32015A95B699847159B012213A913930C9B99
S3150001F3300A9804330C93E36B9B699847039B0A9ADB
S3150001F340054643449B1A042B07D978B9134604335F
S3150001F3500A93C8E7521A6346CBE70A9B0393B6E7BB
S3150001F3600A9B04933CE70A9B0493B2E70A9B039327
S3150001F370AFE73B4E04F1080303932368079A606CD9
S3150001F380A2EB030ABAFBF0FA00FB0A3008F0D6F842
S3150001F390E16A8046204607F064FDA26A82424AD0AD
S3150001F3A0626CD9F80830511E2568E0620B40216B6A
S3150001F3B0891A0B4423630D9B5D1BB5FBF2F5AA4528
S3150001F3C036D1079BB3EB080A12D0E36B4FEA9A02D8
S3150001F3D041469B699847E36A079A834653440398D3
S3150001F3E0DA46E362236B9B1A4344236307F044FF27
S3150001F3F02368616CE06B01FB053108F014F82046C7
S3150001F40007F072FC204607F070FD2063BAF1000F89
S3150001F41011D03A69616CD31D1439B3FBF1F3013391
S3150001F42002EBC3029042A8D2304619B0BDE8F08F74
S3150001F4304FF0000ADCE73A69616CD31D1439B3FB5E
S3150001F440F1F3013302EBC302236B9342BFF4F6AD32
S3150001F450EAE7044EE8E72E468CE700BF08280020BD
S3150001F46023E000F006E000F02DE9F3471E4643696C
S3150001F47004468846B34217469DF828903DD3002599
S3150001F4808DF80750D4F830A0204607F0F9FB8245E5
S3150001F4900AD2236AB5EB430F06D200220DF107010A
S3150001F4A02046FFF721FC30B39DF80730012B05D12B
S3150001F4B000220DF107012046FFF716FCB9F1030FF3
S3150001F4C006D0256B3146204607F0C5FB854218D389
S3150001F4D00D4D4FF0FF31284600F04CFE4B46002201
S3150001F4E029462046C5F80080C5E9037602B0BDE885
S3150001F4F0F047FFF78BBD0135C4E7044802B0BDE80C
S3150001F500F0870348FAE700BFDC2700200FE000F090
S3150001F51006E000F02DE9F04790F8426086B0054616
S3150001F5208F1A012E039115D1B7F5807F4FF064082C
S3150001F53028BF03260024DFF844A14FF6FF7995F88A
S3150001F5404230012B14BF322364239C420AD35FFA53
S3150001F55088F415E0B7F5803F4FF0320834BF012635
S3150001F5600226E7E705AB22465146284607F095FDF8
S3150001F57095F84230012B059B34D14B452DD1E4B290
S3150001F58095F84230012B0CBF64223222121BB24283
S3150001F59017D3012E39D10022012B05978DF813209F
S3150001F5A027D1082205A90DF1130007F01EFF9DF8CA
S3150001F5B01330059A42EA032221462846FFF7F6FC54
S3150001F5C040B102232D4903AA28460093CC2309689A
S3150001F5D0FFF74AFF06B0BDE8F087DBB203B9023494
S3150001F5E00134ACE7591CCAD09BB2002BF8D10134C7
S3150001F5F0F6E7102205A90DF1130007F0F6FE9DF8B6
S3150001F6001330059A42EA0342D6E7039A012B059283
S3150001F61023D10823202205A90DF113008DF81330FB
S3150001F62007F0E3FE9DF81320120221462846FFF754
S3150001F630BDFC95F84230611C012BC9B21AD10028D4
S3150001F640BFD1BDF814202846FFF7B0FC0028B8D179
S3150001F6500234BDF81620E1B2AFE71023202205A936
S3150001F6600DF113008DF8133007F0BFFE9DF813203E
S3150001F6701204DAE70028A4D1059A9EE7B0270020F4
S3150001F680032A2DE9F34106460D4617461C4606D1C7
S3150001F690237A012B23D0012002B0BDE8F081DFF8E7
S3150001F6A060800DF1070309684246FFF735FA60608D
S3150001F6B00028EDD19DF80720237A032AE8D0D8F84F
S3150001F6C004106A689142E3D1012B2969D4F80CC070
S3150001F6D007D10CEB01037269934202D92074207C95
S3150001F6E0DAE708313B46012230466144E1602946AA
S3150001F6F0FFF78CFC60600028CAD00020CCE700BF71
S3150001F700DC2700202DE9F341089C032A17462668C9
S3150001F71006D1237A012B24D0012002B0BDE8F08165
S3150001F720DFF890800DF1070330464246FFF7F4F902
S3150001F73060600028EDD12568D8F80400A96AD5F8DB
S3150001F74044C04840227ACCF100031840E1D1012A95
S3150001F75009D1E268D8F8103013447269934202D98C
S3150001F7602074207CD9E72868EB6A1B1A081AB3FBB8
S3150001F770FCF3B0FBFCF083420BD1706CF36A421EC2
S3150001F7801340326B121A28461344336307F069FBA0
S3150001F790E862D8F81020E368083206492068134465
S3150001F7A00122E3603B46FFF731FC60600028B0D0E0
S3150001F7B00020B2E7DC2700202DE9F04F4FF0FF33A0
S3150001F7C04FF6FF72002500F10806044687B0C362B2
S3150001F7D00F4605620563C0E90923304607F04CFD73
S3150001F7E0204607F081FA28BB2046394607F0FCFA85
S3150001F7F0204607F079FA28BB8A4D204607F0A8FB78
S3150001F800ECE0E26B01A92368606CD2F814C0052212
S3150001F81000FB0530E04701A807F060FE012828D16A
S3150001F8202946204607F0B1FA421C2946204607F030
S3150001F8307AFA0135E3699D42E3D3204607F054FA8B
S3150001F8400028D1D000254FF0FF394FF6FF73CA4685
S3150001F850A846C4E90853E369984514D3A5EB0905FD
S3150001F860012D37D8636A4FF6FF72934247D16E4D29
S3150001F870C3E707F05DFE0028DBD02946204607F0E6
S3150001F88084FA0246D1E7236801A9E26B606C5769E5
S3150001F890052200FB0830B84701A807F01FFE834682
S3150001F8A001A807F0F2FD0746584607F03CFE70B185
S3150001F8B05745236ABA4638BFC4F82480B94503F1CF
S3150001F8C0010328BFB946BD42236238BF3D4608F150
S3150001F8D00108C0E74FF6FF7300256362E3699D42A5
S3150001F8E0C0D2676C0522206801A9E36B07FB0500FE
S3150001F8F001355B69984701A807F0C7FDEEE7E26BA2
S3150001F90001A9676C20685569052207FB0300A84712
S3150001F91001A807F0BAFD626A2368606C434D00FBDB
S3150001F920023007F00BFE4FF0FF33A0622A46E36276
S3150001F9306FF001010DF103032046FFF7EDF80028F2
S3150001F94050D1AD6829462046E56207F0A9F9206342
S3150001F95020B9E16A204607F084FAE062294620468A
S3150001F96007F07FFA0546A36A9D423DD165692046A7
S3150001F970626CE91C143AB1FBF2F105EBC1050335E2
S3150001F980B5FBF2F5023507F0E3FA8046A8423DD20F
S3150001F990616A204607F0D8F90027064604F1400AB5
S3150001F9A0474512D3626C01A9236802FB0639E36B52
S3150001F9B005225B694846984701A807F066FD53464C
S3150001F9C002464946E06B07F0BBFD0137314620464A
S3150001F9D007F0BAF9AF420646E2D3154D284607B0FD
S3150001F9E0BDE8F08FA56AADE72946204607F058F92C
S3150001F9F0236B0746294603442046236307F031FA61
S3150001FA000546002FAFD1C4E90B07ACE73046002508
S3150001FA1007F032FC0023074A20461946FFF728F96A
S3150001FA20EBE600BF03E000F016E000F0DC27002063
S3150001FA3013E000F0A36F0200634A00232DE9F041B1
S3150001FA4017680E460446136018B9604D2846BDE88E
S3150001FA50F08190F834500DB309680268914240F084
S3150001FA60AA8071684268914240F0A580B1688268B7
S3150001FA70914240F0A080F168C268914240F09B80BB
S3150001FA8031694269914240F09680B169C26B9142F7
S3150001FA9040F0918072691D468261D7E7502229465E
S3150001FAA0D0F8388006F05BFD336804F10800C4F82D
S3150001FAB03880236073686360336963617369D6E96B
S3150001FAC00212A36107F0EAFBB36904F14000E363A4
S3150001FAD09B68984794F8432020B1E561002AB4D089
S3150001FAE03B4DB3E7656C002DF7D06668B6FBF5F3C1
S3150001FAF0E361002AA9D0B542F2D82268B2FBF5F13A
S3150001FB0005FB1122002A58D105FB1363002B54D1A2
S3150001FB10204607F0B5F8A369043303449E424ED349
S3150001FB20636940F63472CC3B93424AD8B5F5007FFF
S3150001FB30D6D30321204607F0CCF8E36BD4E90001C4
S3150001FB401B689847E36B05460220DB6898471DB1A1
S3150001FB50002384F834301EE039462046FFF72CFE98
S3150001FB601C4B0546984204D139462046FFF724FE30
S3150001FB700546636C143B002DEAD1226A204602FB3E
S3150001FB8003F607F07DF8A369043303449E4206D2C7
S3150001FB9084F83450104DE06B07F043FA56E70F4AEC
S3150001FBA0012384F8343013680133D4E9000113606A
S3150001FBB0E9F733FAEFE70A4D48E70A4D46E7064DFE
S3150001FBC044E7094D42E700BFB429002009E000F0EF
S3150001FBD004E000F013E000F002E000F0B02900209C
S3150001FBE008E000F001E000F005E000F02DE9FF413A
S3150001FBF00F4690461E46054698B390F8343093B3A7
S3150001FC00B1F5801F31D21A4C022107F062F80DF1CD
S3150001FC100F03224639462846FEF77EFF024678B193
S3150001FC20012342463946284600933346FFF71CFC1A
S3150001FC300446E86B07F0F5F9204604B0BDE8F0810B
S3150001FC409DF80F30012BEBD12169B142E8D1009328
S3150001FC50414633462846FFF7F1F804460028DFD12E
S3150001FC60E7E7044CE8E7044CE6E7044CE4E700BFA9
S3150001FC70B027002009E000F007E000F00AE000F0FC
S3150001FC802DE9FF410C4616461F46054688B390F8F6
S3150001FC90343083B3B1F5801F2FD2DFF87C80012188
S3150001FCA007F017F821460DF10F0342462846FEF7E5
S3150001FCB033FF044670B99DF80F30012B11D1D8F8E6
S3150001FCC01030BB4213D10246009031462846FFF759
S3150001FCD0B5F80446E86B07F0A4F9204604B0BDE880
S3150001FCE0F081074C074A022B08BF1446F2E7064C7F
S3150001FCF0F0E7064CF1E7064CEFE7064CEDE700BFEF
S3150001FD000BE000F00CE000F011E000F009E000F07B
S3150001FD1007E000F00AE000F0B027002070B586B0D9
S3150001FD200E4605460392A0B390F834309BB3B1F565
S3150001FD30801F32D2022106F0CCFF0DF11703184ABB
S3150001FD4031462846FEF7E8FE044618B99DF81730F5
S3150001FD50032B0ED1022303AA314628460093CC2356
S3150001FD60FFF782FB0446E86B07F05BF9204606B015
S3150001FD7070BD022B0BD10A49284607F0B0F9039949
S3150001FD8002468142EFD02846FFF7C4FBEAE7054C5D
S3150001FD90E9E7054CEAE7054CE8E7054CE6E700BF6D
S3150001FDA0B02700200DE000F009E000F007E000F0C8
S3150001FDB00AE000F073B50C461646054630B390F8D6
S3150001FDC034302BB3B1F5801F24D2012106F081FF17
S3150001FDD021460DF10703104A2846FEF79DFE04460B
S3150001FDE080B99DF80730032B0CD0022B0CD10A49A0
S3150001FDF0284607F074F93060E86B07F012F92046DF
S3150001FE0002B070BD054CF7E7054CF5E7054CF6E782
S3150001FE10054CF4E7054CF2E7B02700200BE000F0B3
S3150001FE200DE000F009E000F007E000F00AE000F064
S3150001FE30F7B50C461646054668B390F8343063B3F9
S3150001FE40B1F5801F2BD2022106F043FF0DF1070306
S3150001FE50144A21462846FEF75FFEC0B99DF80730D1
S3150001FE60032B14D0022B14D10E49284607F037F97B
S3150001FE70471C024628463946FFF74CFB044606B1A5
S3150001FE803760E86B07F0CDF8204603B0F0BD064CAD
S3150001FE90F7E7064CF5E7064CF6E7064CF4E7064CA1
S3150001FEA0F2E700BFB02700200BE000F00DE000F004
S3150001FEB009E000F007E000F00AE000F02DE9F34167
S3150001FEC01F4600230C46164605463B6050B390F884
S3150001FED034304BB3B1F5801F28D2DFF8648001219D
S3150001FEE006F0F7FE21460DF1070342462846FEF7C6
S3150001FEF013FE0446A0B99DF80730032B10D0022B40
S3150001FF000AD10123336004233B60E86B07F089F8CB
S3150001FF10204602B0BDE8F081D8F810303060F3E732
S3150001FF20034CF2E7034CF3E7034CF1E7034CEFE72D
S3150001FF300BE000F009E000F007E000F00AE000F055
S3150001FF40B027002030B50C4685B0054628B390F899
S3150001FF50343023B3B1F5801F23D2022106F0B9FE56
S3150001FF600DF10F03104A21462846FEF7D5FD03463B
S3150001FF7088B99DF80F20032A0DD00322214600924D
S3150001FF8002462846FFF770FA0446E86B07F049F87F
S3150001FF90204605B030BD054CF7E7054CF8E7054CA2
S3150001FFA0F6E7054CF4E700BFB02700200BE000F0B0
S3150001FFB009E000F007E000F00AE000F038B5044679
S3150001FFC098B190F8343093B1022106F082FE0021F7
S3150001FFD0204606F009FF00212046FFF7EDFB054606
S3150001FFE0E06B07F01EF8284638BD024DFBE7024DCF
S3150001FFF0F9E700BF09E000F007E000F02DE9F04164
S315000200004668002E46D005684FF0000CA846AE465C
S3150002001055F83C400CF1010CC4F31307013401D02E
S31500020020B94218D0B4450EF1080EF1D12F4600247C
S3150002003003E0B44207F1080713D055F834C001347F
S31500020040BCF1FF3FF5D1C1F313017A6041EA0351D6
S315000200503960BDE8F08141EA0353CEE90032BDE8DA
S31500020060F081032B16D0002403E0B44208F10808FD
S3150002007010D055F834700134C7F30757032FF4D163
S31500020080C1F31301C8F8042041EA0353C8F800304B
S31500020090BDE8F08101230372BDE8F0812DE9F0434A
S315000200A0476883B0C7B1064688469146002433683E
S315000200B0304653F8345003EBC4030134C5F30752F8
S315000200C0C5F31301013505D05B68CDF80090C04732
S315000200D010B17768BC42EAD303B0BDE8F08300BF33
S315000200E073B5012A044622489DF8185000EAC11148
S315000200F023F07C4007D9961E012E28D9073303F038
S315000201007F03194308E09DF81C300A43DB0603F01F
S31500020110C053134343F060410023C4E900108DF835
S315000201200730B5B1202221460DF1070007F05DF92F
S315000201301A220DF10700211D07F057F963689DF891
S315000201400720082043EA8263636002B070BD114350
S31500020150E2E71B220DF10700214607F046F9236864
S315000201609DF80720042043EAC2632360EDE700BF3F
S3150002017080FFFF0738B5094B0D46002104461A6871
S3150002018006F0EDF900234FF0FF322361A260E3820D
S315000201902383A376C4E9002538BD00BF1CAE030045
S315000201A00138C0B205289ABF014B185C012070477E
S315000201B0FFAF03002DE9F0410E46596888B00746A5
S315000201C01546490A0024012922464FEA510104F143
S315000201D00104F8D8DC78520399784FF0000824031A
S315000201E01B88C9020DF1070004F48054C3F30A0305
S315000201F001F4006192B28DF807800C4302A92344F0
S315000202009C18254B1B22039325F07843ED436FEA96
S315000202100444029307F0E9F89DF8072025F0784593
S31500020220029B02A90DF10700029543EAC2631B2253
S315000202308DF807806FEA1444049307F0D6F89DF808
S31500020240072007A9029B06F11000079443EAC2633E
S31500020250012205934FF0FF330693BB699847044684
S31500020260BB6905A9012206F108009847404518BF57
S315000202700446BB6904A90122301D9847404518BFB0
S315000202800446BB69012203A930469847404508BF88
S31500020290204608B0BDE8F08101009AB2F8B50D46D5
S315000202A010B900242046F8BD0E4F3E68002EF8D144
S315000202B000F06AF804460028F3D0386000F0B0F87F
S315000202C0204607F07EF938B130463E6000F0A8F8C5
S315000202D0204607F071F9E4E7002DE3D02046A8474F
S315000202E0E0E700BFB8290020024B1868003818BFA3
S315000202F001207047B829002038B50C4601F0ECFD04
S31500020300A3780B4A13705A1E55425541A8420CD087
S31500020310012B04D02846BDE8384001F0BFBD204677
S3150002032001F08EFD0028F5D038BD0020FCE700BFA5
S31500020330C32C002010B507F067FB044618B9034B1F
S3150002034001215B689847204610BD00BF24090020A2
S3150002035010B507F0A8F9044620B90121024B084658
S315000203605B689847204610BD24090020431E0333CC
S3150002037006D8044B984228BF1846642838BF642022
S31500020380704700BF40420F00F8B50546E9F754F939
S3150002039007460F4B1E6826B93846E9F75BF934461D
S315000203A011E0B4688CB194F810C01CF0010F0CD1A6
S315000203B04CF0010C95E80F0084F810C084E80F0099
S315000203C03846E9F747F92046F8BD3668E3E700BF45
S315000203D01C09002038B505460C4641B10B6833B1FD
S315000203E01B68013303D0CB680BB18B684BB907F09E
S315000203F0EBFBBDE838404FF492724121002000F039
S31500020400E5B9084602F0B4FB0023044A85F8103128
S31500020410C5E93043C2E9003338BD00BF08220020D7
S3150002042010B5044618B9054B054A136010BD00F015
S3150002043079FDD4F8CC30002BF6D1F4E7A57502008D
S3150002044018090020014B1868704700BF08220020D7
S3150002045010B50C4600F0A4FD054B002103205B6895
S3150002046098471CB101F0BCFE0128FBD110BD00BFAC
S315000204702409002008B502460868FFF777FF0860DE
S315000204804868FFF773FF48608868FFF76FFF886068
S31500020490C868FFF76BFF0B69C860581C03D00B488E
S315000204A0834228BF03460B614B69581C03D0074899
S315000204B0834228BF034688694B61FFF757FFBDE8B1
S315000204C008408861104601F03FBC00BF40420F0061
S315000204D02DE9F84FD0F8C43006460F4613B1038B08
S315000204E08B4244D0D6F8C0B0BBF1000F42D0DBF845
S315000204F00830002B3ED0DBF80C1000293AD0D6F893
S31500020500D4A0BAF1000F38D04FF000094D46C846C4
S3150002051001E0DBF8083005EBC50203EB8204E38950
S315000205200135BB4214D8238ABB4211D3B4F9122037
S31500020530B6F92430934250DD304696F80411EBF7B3
S3150002054067FF737D81468342A04606D9DBF80C100D
S315000205508D42DED3B8F1000F39D000234246304631
S315000205601946D0473783C6F8C48086F80D91002015
S31500020570BDE8F88F0320BDE8F88FD14647F6FF7530
S315000205805446524604EBC40803EB8808B8F80E300A
S31500020590BB4216D8B8F81030BB4212D3B8F91220B3
S315000205A0AA4202D14FF0FF09DCE7304696F8041161
S315000205B0EBF72EFF737D81468342D3D94246DBF8A1
S315000205C00C100134A14204D9DBF80830DAE7012025
S315000205D0CEE7002AFBD09046C4E7A046BDE700BF9F
S315000205E02DE9F04782B004468946164601F0AEFD73
S315000205F0002847D13B4D2B68D4F8C0A0D4F8C4706C
S315000206000BB153454FD04FF00008C5F8089001F0E2
S31500020610E7FD01283AD12B68DAF800103A6813B1DF
S31500020620186888424AD0204607F0CAF9C5E900A7E9
S31500020630D4F8D4508DF80760002D46D0002220460B
S3150002064011460DF10703A847204600F0C1FF0546F3
S31500020650B8F1000F00D08EB1B5FA85F040F2DE3265
S315000206603321400900F0B2F83146204601F032FA51
S315000206701D4B0546394620461B689847284602B058
S31500020680BDE8F0870023174D6B60B4E7012000F048
S3150002069087FC164B002103205B68984701F0A0FDFA
S315000206A00128FBD1B7E76B68002BACD0BB42AAD1BD
S315000206B0AB68994514D04FF00108A6E7696811B1F5
S315000206C009689142B2D05968ADE7617D94F80D315F
S315000206D03246994228BF1946204600F0FFFEB3E78C
S315000206E00025CBE708220020180900202409002053
S315000206F0F8B50E460546E8F79FFF314607462846F7
S31500020700FFF7E6FE044620B13846E8F7A3FF204687
S31500020710F8BD01F003FD224631462846FFF760FF89
S3150002072004463846E8F796FF2046F8BD084B10B453
S31500020730002A14BF14461C46064B1C6019B15DF80C
S31500020740044B06F04ABF08465DF8044B704700BFEB
S31500020750A57502001809002013B50446694606F07D
S31500020760D4FF204607F0A2F8FF28024606D020460C
S315000207709DF80010EBF7E6FE02B010BD0048FBE75D
S315000207800080FFFF08B50B460249194006F0E6FF56
S31500020790002008BD070011004FF4007307B50A498F
S315000207A00DF10602ADF8063006F0FCFFBDF8063084
S315000207B0B3F5007F05D1022808BF002003B05DF81B
S315000207C004FB0120FAE700BFBC29002008B550B996
S315000207D00548064B01601A60054B1A68054B1A60FC
S315000207E01868EDF75CFD08BD20090020C02B00202B
S315000207F0B8290020BC2B00202DE9F0418AB001ACBB
S3150002080005460B462746194A02F1200C2646106871
S315000208105168083203C662453446F7D1002B08BF39
S315000208203B46002710681C463060384603F10C062A
S3150002083090B95FFA87F842462846218807F01EF9E2
S3150002084050B942462846E18807F029F920B94246BE
S315000208503146284607F035F90137032F06F1080617
S3150002086004F10204E4D10AB0BDE8F0811CB0030031
S31500020870F0B589B005460E4601F04EFD044600BBB2
S3150002088001AC06F10C070FCF0FC497E8070084E806
S31500020890070001A92846FFF7EDFD2846311D07F09E
S315000208A056FA044648B92846074901F001FA0446B1
S315000208B018B9284601F0FAFC044628463168FFF7C3
S315000208C09BFF204609B0F0BD14B00300014906F0B3
S315000208D082BF00BF8D220200014906F07CBF00BF25
S315000208E09D220200014906F076BF00BF797A020016
S315000208F0014906F070BF00BF757A020070B5164E48
S31500020900032804460D4633781ED023FA04F202F079
S315000209100102AA421DD053B10122A240A54023EAF8
S3150002092002032B43DBB233704BB1012070BD2DB1F4
S315000209300A4B01201B6898473378EDE73570074B61
S3150002094000201B689847F0E79A07DED003F0FC0305
S31500020950E9E7002070BD00BFC52C0020002C002056
S31500020960F8B505460C46E8F767FE104F06463B7893
S3150002097033B1012D04D01CB90D48EBF7ABFF3C7027
S3150002098021462846FFF7BAFF0A4B04461B783BB9B5
S315000209903B782BB907F036F810B1074B1B6898471E
S315000209A03046E8F757FE2046F8BD00BFC62C0020A9
S315000209B0D42B0020C52C002024090020054A0B4612
S315000209C0117831B100211170034A01215268187859
S315000209D010477047C62C00202409002038B5074D61
S315000209E004462B78834207D001F0E4FB20462C70A4
S315000209F0BDE83840EBF7BFBE38BD00BFC42C0020AF
S31500020A0038B5044680B1E8F717FE012104460846C8
S31500020A10ECF736F801210B4A0846EBF753FF20465E
S31500020A20BDE83840E8F716BEE8F706FE0546214659
S31500020A300120ECF725F801202146024AEBF742FF96
S31500020A402846EDE740B003001B4B022910B518708B
S31500020A5002D0032904D010BD184B1B78002BFAD103
S31500020A60FFF742FC0028F6D04FF00052144BC3F8B1
S31500020A708020BFF34F8FBFF36F8F01F073FB002807
S31500020A80E9D001F0EDF90028E5D10E4B1C6834B12E
S31500020A9023689847BDE81040002001F07FBB06F0AE
S31500020AA096FE094B1860EBF747FF084B1860204685
S31500020AB001F060FBEEE700BF66090020C42C0020AF
S31500020AC000E100E01C2C0020FC2B0020F82B00206B
S31500020AD038B504460D46FFF707FC80B14FF00052C9
S31500020AE0124B1A6001F03EFB48B9012D07D80120CE
S31500020AF001F054FB0E4B1B6823B15B6898470D4B04
S31500020B001C7038BDEBF718FF0B4B1A68801A186079
S31500020B10EDF716FA4FF47A72084B1B6802FB0030A7
S31500020B2006F057FE012001F025FBE8E700E100E0B0
S31500020B301C2C002066090020F82B0020FC2B00202C
S31500020B40F0B585B0E8F778FD304D04462B7823B131
S31500020B502F48EBF7BFFE00284BD1EDF717F902AA93
S31500020B6003A906F039FF0346002833D006F048FFF2
S31500020B70029B98421ED10020264B03991B68264EE3
S31500020B809942307022D90027C91A012320482B70B6
S31500020B90224A3346CDE90077ECF790FE002830D1A1
S31500020BA01F4A1378D90718D42046E8F753FD0020C8
S31500020BB005B0F0BD06F022FF029B98421FD000232B
S31500020BC018461449144A0968137003910121FFF764
S31500020BD095FEE9E720462B70E7E731780029E3D155
S31500020BE003F0FE031370002BDED10E4B1B689847F1
S31500020BF0DAE72046E8F72EFD032005B0F0BD022015
S31500020C00BAE7032320462F703370F3E7C62C002081
S31500020C10D42B0020F42B002065090020BD09020018
S31500020C20C52C0020002C002070B5E8F705FD164DF6
S31500020C3004462B780BBB154A15491370154B164AF9
S31500020C4016481A60164A174E5A60EBF7AFFD164958
S31500020C501648EBF7ABFD164B80203360E8F7AAFA8D
S31500020C60052804BF134B3360134B5B6F9B0542BFD2
S31500020C700222124B1A6001232B70EBF724FE204648
S31500020C80E8F7E8FC002070BDC72C0020C62C002027
S31500020C9048B0030024090020410B0200C42B0020A7
S31500020CA061090200002C002050B00300CC2B00206A
S31500020CB0DD090200010A020000400050F42B002068
S31500020CC010B50446D0F8F8200A4B4FF40061C3F879
S31500020CD0C820027C120202F4006205F081F9237C2C
S31500020CE013F0080F4FF4007314BF034A034A136448
S31500020CF010BD00BF003E00B0001002B8002002B8CE
S31500020D0010B5054C237823B103F08CF8002020702F
S31500020D1010BD0320FCE700BFC92C002008B503F074
S31500020D204FF80122014B00201A7008BDC92C002081
S31500020D30431C07D06FF0FF02034B10405A62A3F523
S31500020D4080535862704700BF00E000B810B5042314
S31500020D504FF03A4101240A4AD1F81801C2F8183173
S31500020D60C2F814314C634FF400511163410742BF7C
S31500020D70C2F81431A2F58052C2F8183110BD00BF74
S31500020D80002000BA00F01803182B0AD003070AD471
S31500020D9040F2011310F0100018BF1846034BD86733
S31500020DA070470020FAE70120F8E700BF003F00B0D5
S31500020DB0344B2DE9F7431E6801F4007900F0010374
S31500020DC0174653EA090205460C462ED04FF0000894
S31500020DD003B30023002201200021CDE9008804F09C
S31500020DE043F84146304602F031FD41467083012008
S31500020DF0FFF72EFB716B06F1D80002F099FD22492E
S31500020E000868FFF795FF4FF0FF330B60337C43F022
S31500020E1004033374B9F1000F07D00121304606F0FE
S31500020E20A9FC24F4007405430C43D6E94A232A405C
S31500020E30234052EA030103D0144930460968884721
S31500020E40FB070FD51249134A08680021136811607F
S31500020E500121114A117003B19847104B002102205B
S31500020E605B68984717F00E0F08D040F2F3123B2149
S31500020E70002003B0BDE8F043FFF7A8BC03B0BDE80D
S31500020E80F08300BFB82900202C0900203009002079
S31500020E90102C0020142C0020CB2C0020240900202A
S31500020EA0F7B504461046D4E94AC7DDE908268CEAB6
S31500020EB0020587EA06010540194085EA0C057940D4
S31500020EC0C4E94A51002523F4004106EA010320F051
S31500020ED0010043F40073024043F00203CDE90055DA
S31500020EE003F0C2FF237C9A0717D5D4F82C319B0551
S31500020EF013D54FF48811204606F03CFC237C65F39B
S31500020F0041032374D4E94A2302400B4052EA030107
S31500020F1003D00349204609688847002003B0F0BD84
S31500020F203009002038B10368044A002B08BF134673
S31500020F30034A13607047014BFAE700BF1B780200B1
S31500020F4030090020024B986E00F00F00704700BF78
S31500020F50003F00B00F2938B505460C460ED801F001
S31500020F603FF901280CD1074A2846936E23F00F0356
S31500020F702343936606F0B4FD002038BD0120FCE74A
S31500020F800220FAE7003F00B0014BD86E704700BF5F
S31500020F90003F00B0014B0020D9667047003F00B009
S31500020FA003282DE9F7434CD8274B13F80080274B2B
S31500020FB01E5C274B13F80090E8F73EFB074604F049
S31500020FC021F9054640B100230022CDE90033012074
S31500020FD00023002103F048FF04F01CF948B1002366
S31500020FE00022CDE90033002000234FF4004103F034
S31500020FF03BFF26B3174BDC6C04F00804164B314654
S31500021000DC64404604F012FA4A463146404604F091
S3150002101099FA124BDC6465B1114B1868416BD830F2
S3150002102002F086FC0F490868FFF782FE4FF0FF3395
S315000210300B60384603B0BDE8F043E8F70BBB344615
S31500021040DCE703B0BDE8F08360B003005CB00300E8
S3150002105058B00300004000B8006000B8005000B865
S31500021060B82900202C0900200F4A136C13F0A00F98
S3150002107015D1506C10F0040013D10C4BD3F8EC3E92
S3150002108023F07F4323F0FF035BB1D368C3F303620C
S31500021090092A07D0B2F10C0018BF012070470020C0
S315000210A070470120704700BF000002B8003000B050
S315000210B070B504460D4616462BB1FFF747FE294684
S315000210C0204601F045F94FF03A420124D368D26A2C
S315000210D003F0070306339C40C2F30C03E41AA4B2DE
S315000210E0B44228BF344629462246024801F03AFA5B
S315000210F0204670BD0C0000BA70B50D46064620B9F2
S31500021100194B1B68A3B1032011E001F069F801280D
S3150002111028D1164B93F90040C4F12704641BC4F18D
S315000211201C03002BB8BF5B42232B0CDD012070BDD4
S31500021130A1F10B03002BB8BF5B42232BF6DC0B4B52
S3150002114019700020F3E7B574E8F776FA084AE40264
S31500021150136A04F4FF2423F4FF231C431462E8F702
S3150002116079FAEEE70220E2E7B8290020C82C00202F
S3150002117000C000B808B5FFF7A3FDE8F75DFA084A14
S31500021180D2F8C43E23F02003C2F8C43EE8F762FA5E
S3150002119003F082FB0222034B00209A6008BD00BFC7
S315000211A0003000B0001002B8094B08465A6A910294
S315000211B00BD4D3F80021D20708D4D3F8803013F425
S315000211C0706F14BF0120002070470120704700BFD6
S315000211D0004001B8F8B50D46436B02EA010423EA62
S315000211E00103234343633D4A01F00B0323EA04014F
S315000211F0D1642340A2F580526F070646D36410D508
S315000212000121FFF7D1FF60B104F0B2F84FF4007389
S3150002121014F0040F14BF324A324A53620422324B8C
S315000212201A64E90606D514F0100F14BF00221B2219
S315000212302E4B5A652A061DD5230616D54FF40012E3
S31500021240274B1A62012203F58053C3F80021E8F7FF
S31500021250F3F90E210746032002F0E6FA40F20122D4
S31500021260224B3846DA62E8F7F5F9214606F1D8004C
S3150002127002F05EFBEF0503D5E00529D502F0C2FABE
S31500021280A90503D5A20526D502F0C8FA15F0600F06
S3150002129009D0D6F8C810304606F0C0FA8022144BA0
S315000212A09867144B1A612B0510D504F061F8124A9F
S315000212B014F4006FD2F8EC3E14BF43F0006323F03F
S315000212C00063C2F8EC3E0422074B1A640020F8BD04
S315000212D002F092FAD4E702F09BFAD7E7006000B870
S315000212E0005001B8006001B8002002B8004000B802
S315000212F0003F00B0000002B8003000B0437C5A1F25
S31500021300012A01D9082B05D14B7C2BB1012B05D023
S31500021310022B05D006F0AABA024870470248704767
S315000213200248704720A1070048E8010040420F002A
S3150002133070B50E46E8F780F9054600F075FF0446DB
S3150002134020B12846E8F786F9204670BD04F010F869
S31500021350104B3278D3F8EC3E022A23F0F00315D074
S31500021360101F42424241520043EA02137278022A95
S315000213700ED0111F4A424A41520043EA8213054ADD
S31500021380C2F8EC3E0422044B1A64DAE70122EBE7C8
S315000213900122F2E7003000B0002002B870B50E4616
S315000213A0E8F74AF9054600F055FF044620B12846FB
S315000213B0E8F750F9204670BD03F0DAFF104B327899
S315000213C0D3F8EC3E022A23F00F0314D0101F424238
S315000213D04241520013437278022A0ED0111F4A422A
S315000213E04A41520043EA8203054AC2F8EC3E04220D
S315000213F0044B1A64DBE70122ECE70122F2E700BFA5
S31500021400003000B0002002B82DE9F8430E780446F9
S31500021410042E0D4690F804810BD100275FFA87F956
S31500021420484601F0F3FB08B14E4602E00137042FAD
S31500021430F4D1304601F0EAFB002845D094F8043195
S31500021440B34208D1AA88A36C9A4204D16A88B4F836
S3150002145006319A4235D084F80461AB883046A4F846
S3150002146008316B88A4F80631AB8804F58275A3644B
S31500021470FF23A37506F0AEFB6075284601F086FBD6
S3150002148018BB284601F0B8FBF8B9D4F8C43053B1FA
S3150002149094F80411414506D02046B3F91220EAF722
S315000214A0B7FF84F80D01204601F0F2FB0949A4F8C2
S315000214B008010123084AD1F8FC1004F1D80003F010
S315000214C087FA0020BDE8F88301200E2384F8043150
S315000214D0F8E700BF004F00B0A43F00B070B5054664
S315000214E090F804010C460E281DD0FF291DD01AB112
S315000214F04FF0FF320E4B1A6006F06CFB064695F86B
S31500021500040101F0B7FB844228BF0446E4B2B442A8
S3150002151038BF3446E0B2A87501F0AEFCA0F1FF0375
S315000215205842584170BD0220FCE70120FAE700BF8D
S315000215303409002010B590F8043104460E2B3ED033
S31500021540D0F8C4304175BBB3D0F8D420DAB990F8DC
S315000215500D318B421DD300222046FFF7BFFF88B90B
S31500021560184B1B7813F0FD0F0BD1204601F090FBB0
S3150002157015490123154AD1F8FC1004F1D80003F0ED
S3150002158027FA002010BDB0F92420B3F912309A428E
S31500021590E1DD0022204694F80D11FFF79FFF002897
S315000215A0F0D1C4F8C400204606F04BF801462046A6
S315000215B0BDE81040FFF79CB8FF238375E1E70220E0
S315000215C0E0E700BF5E090020004F00B0A43F00B074
S315000215D0C36B012B01D10020704770B505464D49FA
S315000215E08EB006F034FBD5F8C46001462C8BC5F8E4
S315000215F0C80026B1336813B15B68002B5CD1E8F7EB
S315000216001BF8E8F727F80123D5F8C8108DF80E3035
S31500021610B389D6E90120E31A9BB200FB03223E48B6
S31500021620ADF80C3003680292994207D0284606F0BC
S31500021630F5F8802239493A4B88671A61394C384E97
S3150002164000F0CEFD0128FBD1236CDA07F8D4336C07
S31500021650DB01F5D4D5F8C81028460D919DF80E2069
S31500021660029908AB02F0A8FE18BB08A901A803F06C
S31500021670BBF8F0B92A8B2C4B5A642B7C60F34103DE
S315000216802B7406F062FAD5F8C43002465B69196813
S31500021690431EDBB2FD2B049114D9CC1C12D9234B69
S315000216A001311B6815D0D81C10D8284604A904930A
S315000216B00AE002200EB070BD1A68032A9FD99B6AFF
S315000216C05B0EA3E7284604A906F029FA00200EB00D
S315000216D070BDD91C04D8284604A9049306F01FFA43
S315000216E0D5F82C319B0504D42B7C43F002032B74D2
S315000216F0ECE74FF48031284606F03CF8D5E94A2358
S3150002170002400B4052EA0301E0D009492846096823
S315000217108847DBE7FC4F00B0042C0020003F00B0F6
S31500021720000002B800C002B8008001B840090020DB
S315000217303009002010B50C4619B106F098F900B12F
S315000217400434204601F036FE024B4042C3F8DC0E5A
S31500021750002010BD003000B070B58030814214BF49
S315000217600C4600241646E7F767FF4FF49C530C49D4
S315000217700546CA68C2F30362D340DA0702D50B6C88
S315000217809B030AD420460122314600F0ABFF0446F1
S315000217902846E7F75FFF204670BD0324F8E700BF3F
S315000217A0000002B810B58B780246012B0C4600F2F7
S315000217B08280C87801287ED80B78012B7BD849789D
S315000217C0052978D819B1012875D105293CD0012BF4
S315000217D073D02068C2F81C016378002B35D13849D2
S315000217E0C1F88C304FF06051364B1962364B1B787C
S315000217F013B10621354B99674FF08051344B02F1F4
S31500021800D800D964516B02F093F84FF48072314BD1
S31500021810C3F81821C3F81421A378002B42D14FF044
S315000218203A4340F6FF721A63E378002B3DD14FF03C
S315000218303A4340F6FF721A676022274BDA6403F5D1
S31500021840E833402200201A6410BD013BDBB2032BB1
S31500021850E2D84FF06051214A52F82330194A43F434
S3150002186000131162A2F5805213620423A2F5883294
S31500021870C2F88C30936F23F0060343F00403936798
S315000218804FF08052164BDA6403F0CCFC0028C3D02A
S315000218904FF480730F4AC2F81431A2F58052C2F88F
S315000218A01831B9E7FFF752FABEE76022074BDA644E
S315000218B003F5D833C5E70120C6E71846C4E700BFDB
S315000218C0004000B8006001B8CA2C0020006000B8D1
S315000218D0002002B8002000BA005000B864B003002D
S315000218E0001002B82DE9F74F06461546084619B903
S315000218F0012003B0BDE8F08F002AF9D0032904D8ED
S31500021900002101F07DF80028F2D0B0F900108378AA
S3150002191000290488077990F805B0B0F806C003F0EC
S315000219200702C0F2CE80A2F10708D8F1000141EB0E
S315000219300801052A297394BF0021C3F30011C3F3DA
S31500021940801069739909287401F00201C3F3C0007B
S315000219500143C3F340136974AB74EF74736BA5F858
S3150002196014C0D80600F19980063A012A00F2958041
S31500021970554B4FF001095B6D4FF03A431A6DDB6C24
S31500021980083C03F00703063309FA03F9002309F1B9
S31500021990FF3942F0005804EA090418F804A0013499
S315000219A004EA0904AB60631D03EA09035A1C02EA4E
S315000219B0090218F8037018F80220BAF1800F737C36
S315000219C018BFAAF1320A47EA02270CBF6FF07F0A54
S315000219D04FFA8AFA3FB2A3B30020D6F8D0300BB141
S315000219E0514698470134E87385F80EA004EA0904C3
S315000219F018F80410013404EA090418F80430013412
S31500021A0004EA090441EA032118F80430013404EA1D
S31500021A10090441EA034118F8043041EA036117F464
S31500021A20804305D0294BDB6EB3FA83F35B095B0077
S31500021A3030466A7C03F0C8F806232860AB710020A2
S31500021A4057E7F90425D5D6F8C830ABB11A68022A89
S31500021A5012D993F82400C7F30B03DB0008B1B3FBDA
S31500021A60F0F39B45B8D8002BB6D0CBEB0B20B0FBDE
S31500021A70F3F0C043C0B2B0E729463046FFF73EFC5A
S31500021A800190304605F0E2FE019BB3FBF0F0C0B2D6
S31500021A90E1E718F804004000ECE700230020EB73AE
S31500021AA00B4BDA69C2F30723120448BF63F0FF0344
S31500021AB05AB212F1800F1CBF323B5AB2AA730346C6
S31500021AC0BBE7022015E700BF004000B8003F00B0A8
S31500021AD000C000B8F8B504460E4611B9037C5A0692
S31500021AE047D44FF6FF73A18BD4F8C870994204D03D
S31500021AF0344B1B680BB120469847334D2B68BB42CB
S31500021B0054D0324B1B683BB11FB13A68002A4FD002
S31500021B10BF683946204698470727204601F0B8F89D
S31500021B20002E39D004F0B6FA0620294B94F9122079
S31500021B3093F900302749C3F127039B1A0A6ADB028D
S31500021B4022F4FF2203F4FF2313430B62D4F8C820C6
S31500021B50214B2A60986701F007FA002501211F4AE6
S31500021B601F4B1170204683F8845005F0B9FF2846B2
S31500021B70F8BD4FF6FF71144DD0F8C8702A6866F3A7
S31500021B80861397428183037417D0104B1B68002B70
S31500021B90BAD101F07DF8072712493B46124AD1F81D
S31500021BA0FC1004F1D80002F013FFBBE70127B4E7EB
S31500021BB01746204639469847AEE701F069F80127ED
S31500021BC0EAE700BF0C2C0020042C0020082C002081
S31500021BD0C82C002000C000B8006000B8CA2C002043
S31500021BE0003F00B0004F00B0A43F00B008B5582235
S31500021BF00021064804F0B3FC1022FF21044804F039
S31500021C00AEFCBDE8084004F045BA00BFF03E00B0A5
S31500021C10343F00B0002373B583746923C0F8E03003
S31500021C2074234FF0FF350E26A0F8F43064230446E1
S31500021C30C0E93933C0E93B33C0E9075580F804618E
S31500021C4085644575C58203F0F7FA2046FFF7CEFF95
S31500021C5094F912102046FFF74FFA6023114A40F614
S31500021C60FF71D3644FF03A42116311670E4A294657
S31500021C70D36440220D4B20461A64626BFFF7AAFA20
S31500021C80002240F2022310461946CDE9006603F00F
S31500021C90EBF800F0CFFF204602B0BDE87040FEF739
S31500021CA07BBD00BF004000B8005000B8002002B85B
S31500021CB010B50C46FFF79AFFCCB1A378082B18D8BB
S31500021CC0E278082A15D843EA021313F0FF030CBF81
S31500021CD019466168084AC2F8F010217882F8441160
S31500021CE0617882F8473182F8451104F0D3F9002071
S31500021CF010BD0120FCE700BF003E00B0012A10B56E
S31500021D0012D8032B10D803EB82020123074C93400F
S31500021D1094F84601DBB221B10343002084F8463130
S31500021D2010BD20EA0303F8E70120F9E7003E00B000
S31500021D30044BD3F8EC3E13F0806F14BF232000202F
S31500021D40704700BF003000B00246F8B5B0F808414F
S31500021D5000F1D805FFF7ECFF0B688E68013304BF6C
S31500021D60D2F8E0300B604B68013304BFD2F8EC3096
S31500021D704B60771C37D1D2F8E830CF688B607E1C77
S31500021D8038D1D2F8E4600F69CE60013704BFD2F8C9
S31500021D90D8700F614F69013704BFD2F8DC704F610A
S31500021DA08F69013704BFD2F8F0708F618F6947BB24
S31500021DB0C0F1640408688C61C2F8E8304B68C2E975
S31500021DC03806C2E93B340B692846C2F8D8304B695B
S31500021DD00F49C2F8DC30D1F8FC1007230D4A02F095
S31500021DE0F7FD0020F8BD04F169031B1AB34238BFA0
S31500021DF03346C2E704F17406361ABE4238BF3E467F
S31500021E00C1E76934241ABC4238BF3C46D2E700BF58
S31500021E10004F00B0A43F00B038B50446074D214636
S31500021E202868621C003818BF012001F0B9FF2B6830
S31500021E300020003B18BF0123A37038BD182C0020D8
S31500021E4038B5054C054B417800782568236001F0CA
S31500021E50F9FE00B1256038BD182C00207CB00300C5
S31500021E6070B5E7F7E9FB05460B4E00F0B9F9012814
S31500021E7004D02846E7F7EEFB022070BDF36813F0A4
S31500021E80706FF2D1F46814F08054EED12846E7F769
S31500021E90E1FB2046F1E700BF000002B80A4B10B58D
S31500021EA01B68044673B1094B48B10121084A1A60FE
S31500021EB0022002F005FD0020064B1C7010BD0146F3
S31500021EC01860F5E70220F9E7182C00201C2C0020E8
S31500021ED074B00300CC2C0020014B1878704700BF69
S31500021EE0CC2C002038B5E7F7A7FB4FF6FF710A4A5C
S31500021EF013888B4203D1E7F7ADFB032038BD074CAD
S31500021F00074D1B046566A4F5805463661180E7F7E6
S31500021F10A1FB0020F2E700BF5C090020006001B8C7
S31500021F200000FFFF2DE9F34105460F461446FFF771
S31500021F309BF890B1DFF8E08102F0AEFCD8F81430DD
S31500021F40DE0740F1CE80E7F777FB0646032001F075
S31500021F50CBF938B13046E7F77DFB0226304602B0B0
S31500021F60BDE8F081D8F8143013F0060FF2D13046EE
S31500021F70E7F770FB5C4B4FF400612846D3F8EC8E12
S31500021F80D3F8CC6E04F040F838B14FF40072012158
S31500021F90564B08461A64FEF75BFA39462846FEF7A0
S31500021FA0A7FB514BC3F8CC6EC3F8EC8E064600284D
S31500021FB0D4D12B7CD80601D4002C55D0C4F34000D2
S31500021FC003F09CF9022314F4807F1FBF484A0021C4
S31500021FD013644FF03A420BBF444A91611364536350
S31500021FE003F0C6F94FF4806314F0040F14BF414A9C
S31500021FF0414A14F0400F53624FF004023B4B204615
S315000220001A644FF0400314BF3C4A3D4AC2F8883076
S31500022010FEF7B8FE284605F06DFC38B14FF4807322
S3150002202014F0010F14BF324A304A1364A10642D596
S315000220304FF6FF726B8C93420FD0324A3249526E80
S31500022040100CC2F301120132B3FBF2F30880294AE3
S3150002205029492E481B0448665366003C18BF0124D2
S315000220602B7C64F304132B74284605F000FDF0B1B3
S31500022070284605F03FFCD0B14FF40031284603F064
S31500022080C3FF431C03229BB2214801A905F093FD1D
S315000220909DF8042002F00703052B9DF8053013D1A5
S315000220A012070BD443F480731A4AC2F8D4300020C4
S315000220B005F08CFD52E7FFF715FFCEE713F0040F8C
S315000220C009D19DF80630EDE703F03002202A05D14A
S315000220D013F0010FF4E74FF48073E5E79DF806303D
S315000220E0E2E703263AE700BF003000B0002002B85C
S315000220F0001002B8005001B8006001B800D000B864
S3150002210000E000B8004001B85C0900200000FFFFB3
S315000221100C0000BA003E00B000C001B808B5094B79
S31500022120D3F84C315A1C0CD05B000AD40320FEF7BC
S3150002213037FF4FF08062044BDA6401225A610222B1
S315000221409A6208BD0080E00F001002B84FF4002228
S31500022150034B186C03F500531A64C0F3C040704772
S31500022160000002B8024B586900F00100704700BF38
S3150002217000C001B8084B5A69D10707D508B901F062
S3150002218069B85B69DA0706D401F056B85B69DB0702
S3150002219001D40028F8D1704700C001B84FF080631F
S315000221A010B1024A53617047014AFBE7001002B8B8
S315000221B0002002B8202350B1064AC2F8F433064B77
S315000221C0196C11F0020104D1032002F079BB034A13
S315000221D0F3E77047001002B800C002B8002002B848
S315000221E00F4BDB68C3F30363013B0B2B0FD8DFE80E
S315000221F003F006060C06060606080A080808022068
S315000222007047042070470520704703207047054B2E
S315000222105B6913F0060F0CBF01200420704700BF54
S31500022220000002B800C001B8094AD368C3F30363C9
S315000222300B2B08D06FF49050184100F0010080F08B
S31500022240010040007047106C10F48030EDD17047E9
S31500022250000002B80C4AD368C3F30363062B07D8FF
S31500022260042BD8B20BD8C31E5842584140007047BF
S31500022270072B06D1D2F844010028ECD17047022080
S3150002228070470020704700BF000002B8024B0022D0
S31500022290196805F0C2BB00BFBCB00300024B0122A5
S315000222A0196805F0BABB00BFB8B0030010B5FF222B
S315000222B04FF6FF71044605F0E1FB68B9FF224FF6BF
S315000222C0FF71204605F0EBFB30B92046BDE8104011
S315000222D0FF22024905F0F5BB10BD00BF88B003001E
S315000222E010B55B0743EA02439DF8082043EAC1633F
S315000222F0520502F0BC621A43064942F4C872044609
S3150002230003F06EFE002220461146FFF725FA002052
S3150002231010BD00BF9007E12D37B50C460546094AA8
S3150002232009490A4801F024F994F82830284600930E
S3150002233094F82B3094F8292094F82A10FFF7D0FF4E
S3150002234003B030BD04B103000CB10300D4B00300E6
S3150002235010B5407CA0B1304BD3F8B82012F0060F6E
S3150002236001D004280DD94FF470622C4BDA604FF479
S315000223708072A3F58053DA600022274BC3F8B4209B
S3150002238010BD02F0020412F0040202D00B789B0682
S3150002239037D4002C39D00B7803F00F03072B34D136
S315000223A04B78022B31D98B7813F03E0F2DD0CC7897
S315000223B014F0040F29D014F0010F0CBF04230A23D2
S315000223C0A40748BF0633CB5CFBB1002A14BF022226
S315000223D00122042840F6FF7003F01F0108BF4900DE
S315000223E0013940EA01310E4801654FF470600B492C
S315000223F01202C860A1F58051CA60074AC2F8B43019
S31500022400BEE7002CC7D18B7823B90023044A136593
S315000224100122EAE70222DCE7003E00B0006000B8D3
S31500022420004000B80A68064B12F0802F1CBF42F229
S315000224300101C3F82812C3F88822C3F88C22704718
S31500022440004001B8F0B585B06C460E460B4B074608
S3150002245015460FCB84E80F00094BD3F848220092A9
S3150002246026B16B1EDBB2FD2B88BF32602A4621469F
S31500022470384605F054FB05B0F0BD00BF90B003002E
S315000224800080E00F30B50823054685B080B9094AB9
S31500022490C2F8FC3351B96C46074B0FCB84E80F00E8
S315000224A0064B2A4621461868FFF7CCFF05B030BD19
S315000224B0034AEDE7001002B8A0B00300B8290020D5
S315000224C0002002B84FF03A43D3F81421D2031ED5A6
S315000224D04FF480320E49C1F81421A1F58051C1F89A
S315000224E018215A6DD1B2C2F30722C3F8A410C3F859
S315000224F0A4200422C3F8A4200022C3F8A420C3F80F
S31500022500A420C3F8A420C3F8A420C3F8A4207047CB
S31500022510002000BA38B54FF03A44E26020610D4619
S31500022520E7F78AF801230421064A63636561C2F864
S315000225301411054AC2F88431E7F78CF80DB102236B
S31500022540636338BD002000BA00E100E0044B40F6A8
S31500022550FF7218604FF03A43D96418651A677047DC
S31500022560242C00202DE9F0410125046804F007041B
S31500022570063405FA04F38468C5685E1EAC425DD073
S31500022580456804EA060E0EEB050CA3EB0E05144491
S315000225901E43AA4206EA0406644618D9D31A0EEB6B
S315000225A003029DB16B1E052B04D94B1CACEB030336
S315000225B0022B53D80B460D44ACEB010E03EB0E0176
S315000225C013F8014BAB420C70F8D1294644688AB124
S315000225D0531E052B01F1010302D9E51A022D0CD86F
S315000225E00A44611E00E0013313F8014C934201F8DC
S315000225F0014FF8D18660BDE8F0810B46254622F0F0
S31500022600030E8E4453F804CB734545F804CBF9D137
S3150002261022F00303D51A920701EB030C04EB03071E
S31500022620E8D0CA5C012DE254E4D09CF80130022DB8
S315000226307B70DFD09CF80230BB70DBE7042A35D909
S315000226400C78043A84614C780431846111F8024CA6
S31500022650846111F8014C8461846891E70B4625F088
S3150002266003070F44ACEB010E1C684EF8034004331B
S31500022670BB42F9D125F0030315F0030F01EB030E5C
S31500022680A5EB03040CEB030727D011F80380012CFA
S315000226900CF8038021D09EF80130022C7B7018BF03
S315000226A09EF802300D4418BFBB708EE7013A032A2A
S315000226B0A1D8DFE802F00F1407020B4613F8012B2C
S315000226C0194682610A4612F8013B8361114611F8E6
S315000226D0013B83610B7883618DE70D4475E70A46FA
S315000226E0F4E700BF38B50B46154601464FF03A44AB
S315000226F070B101221048C4F8F4201A46FFF732FFDF
S3150002270025B14FF03A430422C3F8F420002038BD25
S3150002271073B1D4F8D8209A4284BF0122C4F8F420B7
S315000227204FF03A42C2F8D4300223C2F8F430E7E757
S315000227300123C4F8F430E3E7CC0000BA10B5E6F79B
S315000227407BFF4FF03A4301225A67C3F8B420C3F81D
S315000227508C20154A1549C3F890200722C3F8B020E9
S31500022760134B04461A800023124A13804FF4A02208
S31500022770C1F81421A1F58051C1F818210E4A13603F
S315000227800E4B1B6C5B020AD54FF480020C4B186889
S315000227900C4BD8301A6450F8A41C01F0C9F8204634
S315000227A0BDE81040E6F756BFA0230020002000BA7D
S315000227B0A62C0020A42C0020202C0020000002B809
S315000227C0B8290020002002B807220D4BF0211A80FA
S315000227D000220C4B1A804FF03A43C3F8CC204FF438
S315000227E00052C3F8D000C3F8F020074A9164A02132
S315000227F0A2F5805291640122C3F8F420FFF79EBF2E
S31500022800A62C0020A42C0020006000B8044B1868F7
S3150002281020B140F001021A6020F00100704700BFAB
S31500022820202C00202DE9F041044688B1E6F704FF8A
S315000228303D4E3E4A3388032C03F0780105463C4F51
S3150002284003F07F0C11445DD13C6824B9E6F702FF20
S315000228500320BDE8F08124F00104386820F001006D
S31500022860A04254D100223A6022888C426FEA424248
S315000228706FEA5242228040D12E4CDFF8D0C0278820
S31500022880ACF180083A46083A92B201F10800604576
S3150002289028BF4046082A04D9B0F900E0BEF1000F6D
S315000228A040DB228088780C884FF03A413B449B1AE1
S315000228B0DBB2C4F30C048C653380C1F89830C1F8DE
S315000228C0B0204FF480221C4B00F00700C3F81421FD
S315000228D001221A4BC3F88421FFF7F4FD04280CD118
S315000228E04FF48002164B1B6C164B1868164BD830E9
S315000228F01A6450F8A41C01F01BF82846E6F7AAFE53
S315000229000020A6E7601E012898BF0C46A5E70948E5
S3150002291062440088A21A48BF803208389042A3DC7B
S31500022920284693E70146AEE7A42C0020A023002008
S31500022930202C0020A62C0020002000BA00E100E096
S31500022940000002B8B8290020002002B82024002086
S315000229501249134B0A881B8812481344083292B252
S315000229600A804FF03A41C1F8B0204FF480210E4A56
S31500022970073BC2F81411012103F078030344987847
S315000229800A4A00F007000428C2F8841103D1084954
S31500022990CA681203FCD4074A13607047A62C0020AB
S315000229A0A42C0020A0230020002000BA00E100E0B1
S315000229B0000002B8202C002010B5054C206828B172
S315000229C0C30701D4FFF72EFF0023236010BD00BF0B
S315000229D0202C00204FF48033084AC2F81831A2F5A1
S315000229E08052C2F814314FF03A43D3F8AC30C3F3F5
S315000229F00C03782B01D8FFF765BD7047002000BA9B
S31500022A002DE9F84304460E46E6F716FE514B81467B
S31500022A101A885148514D02F07801032C2D8802F094
S31500022A207F03014417D14E4C24688CB92A44073AD5
S31500022A3002F0780284180344E31A48BF8033AB429B
S31500022A4010DB4846E6F706FE00242046BDE8F8837A
S31500022A5024F00104EFE7012C02D0022CEBD1083D51
S31500022A600C46E8E7002E44D08C4246D14FF03A425B
S31500022A70D2F858804FF03A410127CA6C02F0070299
S31500022A8006329740D1F8AC20C2F30C029A4247DDD7
S31500022A90B4F900302588002BD3DBA378C5F30C05E7
S31500022AA003F007037A1EA5EB08053A43052B33709C
S31500022AB005EA02052CD82DB2E84340F22A42042147
S31500022AC0C00FFDF783FE7580E378264A33741268D9
S31500022AD07B1E03EA0803D118B160A9B213FA85F581
S31500022AE0BD4291BF0023FF1AB780F2609CBFB1803E
S31500022AF0F3604846E6F7AEFDA7E7A4F10802824274
S31500022B0038BF04F17802B2F80080C8F30C08B1E7C6
S31500022B10154B5B6D003B18BF0123A5EBC305CAE746
S31500022B204B6D7A1EA3EB08033A431A400F4B15B2BC
S31500022B30DB6862B9C3F30363D91E4B424B41DB0028
S31500022B4033700A4B72809B6CC3F30723BDE70823DD
S31500022B50F6E700BFA42C0020A0230020A62C00200C
S31500022B60202C0020242C0020004000B8000002B8CF
S31500022B70054BA122D3F84C013121431C0CBF012085
S31500022B80C0F38070FDF722BE0080E00F38B5134D0A
S31500022B900446297819B92022114803F0E0FC61881D
S31500022BA0104A23785180002113700F4A022BC2F873
S31500022BB0CC104FF0FF010D4A0D4B11704FF007017B
S31500022BC00C4A4FF00000C2F8FC130CBF042201228B
S31500022BD0C3F8FC2301232B7038BD00BFCD2C002087
S31500022BE0E03F00B05E090020004001B869090020FC
S31500022BF0001002B8002002B8034B1A6802609B88D4
S31500022C0083800020704700BF5E09002010B504468D
S31500022C1000F006FD064BD3F8F83724B983F40033E7
S31500022C20C3F3404010BDA31E58425841FAE700BF05
S31500022C30000002B84FF63F7208B50A4BD3F8FC37CC
S31500022C40934206D0084AC3F301131370E022074BDE
S31500022C501A7000F03FFD41F66A03B0FBF3F0044B35
S31500022C60186008BD000002B86A0900206B0900203E
S31500022C70282C002020B1022804D1034B1878704773
S31500022C80024BFBE7002070476A0900206B0900200F
S31500022C902DE9F74F846C4C22022C38BF02246A4974
S31500022CA0013C0B6AD1F8CC506849C3F38213DA406F
S31500022CB00B680646A34290F804B1654BDFF8ACA157
S31500022CC0DFF8AC91DFF8AC8102F0010214D118787A
S31500022CD0904211D19AF8000058450DD1F06C58B1C6
S31500022CE0A84209D1B57D99F80000854204D1B8F809
S31500022CF0040003B0BDE8F08F0C6098F800101A705B
S31500022D000846FFF7B7FF002A00F0868004234FF03B
S31500022D107F4100254F4AC2F8B8304F4BC3F8B8106E
S31500022D20B37D1B06C2F8B8304FF08052494BC3F848
S31500022D30B42000F0CFFC40F27123B0FBF3F019216E
S31500022D4060431828B0FBF1F14FEA054470D8002C15
S31500022D5078D0B4FA84F2C2F12002C2F10F03012B39
S31500022D6038BF0123D440A14201D2013B64086A1C48
S31500022D7003F01F0152008A40384F121B9208C7F80F
S31500022D80B0201A0242EA03121343019305EB05230C
S31500022D9005EB0325324B40F6C70218682B21003893
S31500022DA018BF0120FDF712FDFA222D4B02FB04F09B
S31500022DB01B6840F6FF72B0FBF3F00A235843294B17
S31500022DC000F57A74C3F8C420019AA3F58053C3F8B8
S31500022DD0C420A3F58053C3F8CC50D3F8CC3000F509
S31500022DE08C50C7F8FC30F5641F4D14302C6001F08E
S31500022DF099FD4FF47A72C7F8A400C7F8F8002B6859
S31500022E00B4FBF2F0B3FBF2F3A8F80430B37D8AF810
S31500022E1000B089F800306CE7002914BF1025202580
S31500022E20B37D834294BFED182D1805F0FF057BE7AD
S31500022E30B1FA81F234B1B4FA84F3D21A002A8CDCE4
S31500022E400F2390E70F2392E7004001B834090020D0
S31500022E50CE2C0020001002B8002002B8003F00B0BD
S31500022E60282C0020006001B82C2C002068090020C4
S31500022E70670900205E09002010B5114B01461B7838
S31500022E80104C0E2B02D1FF20207010BD184604F004
S31500022E90A1FE02461846FFF7EDFE884228BF084605
S31500022EA0C0B2904238BF10462378C0B28342ECD0FB
S31500022EB0054B20701868FFF7EBFE2078E5E700BFA8
S31500022EC05E09002069090020B829002010B50446D1
S31500022ED0FDF70AFA78B1154B1B786BB964B1144B3E
S31500022EE01B784BB1134B1B78013B012B04D84FF4D3
S31500022EF00042114BDA6410BD104BDB6C1B04FAD492
S31500022F00E6F79AFB044602F033FA4FF400420C4B02
S31500022F102046BDE81040DA6402220A4BC3F87C243C
S31500022F200422054B1A64E6F795BB00BFCF2C00209E
S31500022F30D02C0020302C0020002002B8000002B85D
S31500022F40001002B800D003500122024B00201A7072
S31500022F50FFF7BCBFCF2C00200022024B01201A70C3
S31500022F60FFF7B4BFCF2C00204FF48022014B9A64A6
S31500022F70704700BF005000B870B5054600F050FB20
S31500022F8001213A20E6F750F8424C434B00201D70CF
S31500022F90FFF79CFF2378013B012B0CD80122217CF1
S31500022FA0E37B8A4030214B4342F2100103F1A043F6
S31500022FB003F570335A500022384BC3F87C24ADB95E
S31500022FC04FF6FF71364AC2F88410F821A2F58052F4
S31500022FD0C2F88410C3F87C54324B4FF08042DA6454
S31500022FE04FF48022304B00209A6470BD636883B32D
S31500022FF000F070FB626800EB5203B3FBF2F3013B95
S315000230001B0243F0F80326782549022E264A22D0CF
S31500023010032E4FF6FF7521482AD0012E33D143F0F5
S315000230200203C1F88450C2F884300723C0F87C3406
S315000230303021E37B01204B4341F21001227C03F154
S31500023040A04300FA02F203F570335A50FFF73EFF2F
S3150002305017E0F823D7E74FF6FF7043F00103C1F8F4
S315000230608400C2F8843006220C4BC3F87C24DFE7C6
S3150002307043F00503C1F88450C2F884300423C0F833
S315000230807C340A4BA9E7C1F88450C2F88430002385
S31500023090F5E700BF302C0020D02C002000C00350E2
S315000230A0006000B8002002B8005000B8001002B854
S315000230B0F8B5214F06463D4604460FCE0FC5336886
S315000230C02B6000F0ADFA01213A20E5F7ADFF0022B0
S315000230D01A4BC3F87C24A17A627A42EA0142C3F807
S315000230E08824217CE27B42EA0142C3F88424207BC5
S315000230F0617B40EA0142C3F880243B78032B19D84E
S31500023100DFE803F01202060C00230422E7F712FEA0
S3150002311000230422217CE07BE7F70CFE0123042234
S31500023120A17A607AE7F706FE054B1878BDE8F84003
S31500023130FFF722BF0120F8BD302C002000C003504B
S31500023140D02C0020034BDB6C002BBCBF024BC3F818
S3150002315088007047000002B8004000B82DE9F04729
S315000231602D4B2E4C4FF47A76A36000F0B3FA4FF44F
S31500023170FA73B0FBF6F6734307462948190E1B028B
S315000231801818284A4FF0000341F1000102F0CAFF65
S31500023190A0F580730546236320B966222B21FDF72D
S315000231A015FB01254FF47A724FF0000A6A43534623
S315000231B05008310202F0B6FF1B4BB7F57A7F196051
S315000231C01A4B4FEA05688946044618604FEA1525E8
S315000231D005D276222B215046FDF7F8FA01264FF446
S315000231E07A73A8FB030103FB05117308C01841F1AA
S315000231F000010023324602F095FF0D4B023419609E
S315000232000C4B49F10009A408186044EA8974034B7F
S31500023210013C9C63BDE8F0870211010000C001B8C1
S3150002322020A1070040420F00502C00204C2C002009
S31500023230482C0020442C00201022044BC3F8842181
S315000232405A600122024BDA60704700BF00E100E0DB
S3150002325000C001B81022064BC3F88421C3F88420AB
S31500023260BFF34F8FBFF36F8F0422024BDA607047B2
S3150002327000E100E000C001B810B50446A242A2EB8C
S315000232800000A3EB010104D2034B01399B6B01330E
S31500023290184401F0030110BD00C001B838B501257C
S315000232A00A4B02019D504FF480730446084A83403C
S315000232B05366E6F7C1F9074AA540137823EA0503E0
S315000232C01370BDE83840E6F7C5B900BF00E101B8A2
S315000232D000E001B8D12C0020024B1878003818BF44
S315000232E001207047D12C0020034B103000011858E2
S315000232F000F00100704700BF00C001B8044B01F0A6
S31500023300F071103041F0030100011950704700BFFF
S3150002331000C001B838B5E6F73FFF084B084A1D6AF8
S3150002332092F88D405A6EE4B2520744BF1D6A0134C8
S31500023330E7F704F8284604F0030138BD00C001B8D7
S31500023340003E00B038B50B4B03EB00121030000103
S31500023350D2F80C411D58FFF7DDFFAB0706D58442B4
S3150002336000D90139204601F0030138BD844238BF35
S315000233700131F7E700C001B808B52220FFF7E2FEE7
S315000233804FF48022014BDA6008BD00BF00C001B8CD
S31500023390064B1B68434303EB8171054B1B68A3FB7A
S315000233A0003013F1004341EB00007047482C002027
S315000233B0442C00200C4A20F04043014610B5002060
S315000233C014684FF00042E4FB0320084A890F126892
S315000233D002FB0300064B9B6B984204D90133013171
S315000233E0C01A01F0030110BD4C2C0020502C002005
S315000233F000C001B8F8B50646FEF7B4FE044608B1A9
S31500023400FFF728FF00230B4D0B4FAB613046EB61F4
S315000234102B6287F88D30FFF7CDFFC9B287F88D1082
S3150002342028622CB1FFF708FF4FF08062034B1A6443
S315000234300020F8BD00C001B8003E00B0002002B86E
S3150002344070B50C68651C15D0C4F302669E42C4F3BF
S31500023450074530D1A4B294422DD804EB8506B24278
S3150002346029D2141BA50824F003040E59340F04D0E4
S31500023470012C09D00022012303E06B1C51F8232002
S3150002348000230260037170BD0D4C34F8133042EA1A
S3150002349003431A686B1C51F8234001EB83014B6806
S315000234A022405E4036F07044EAD11B0F032B04BF64
S315000234B08B681A43E4E7013501EB8501C1E700BFDA
S315000234C0B0B0030070B51646054610B90124204671
S315000234D070BD0029FAD04268104B006803321B689F
S315000234E0920800F13040984704460028EFD1002E9A
S315000234F0ECD0EA68A86803323146920800F13040FF
S3150002350004F09CFB04460028E1D1D5E904022146D9
S3150002351000F1304003F023F8D9E700BF3C09002050
S3150002352007B501A8E8F70EFD9DF80530022B02BF8C
S3150002353040220B4BC3F8FC23C8220A4B5A650A4B9E
S315000235400A4AD3F86032DBB2FF2B08BF03239B0083
S3150002355043F47F53C2F8F83303B05DF804FB00BFAF
S31500023560001002B8008001B80080E00F000002B827
S31500023570836810B4074C03F1304324681B689C42ED
S3150002358003D15DF8044BFFF79DBF00205DF8044BA5
S31500023590704700BF50090020002310B5194C0121C5
S315000235A023643A206364A364E5F73EFD0122164BC9
S315000235B05A6102229A62E368C3F303630D2B01D0B8
S315000235C0002BF8D11123114AA36311491148FFF7C1
S315000235D079FF01F017FB104A936843B94FF08062F6
S315000235E0094B5A61012203F580535A6110BD0B49FA
S315000235F0D268096803F13043032AEFD943F8041B62
S31500023600043AF9E7000002B8001002B808B1030054
S3150002361004B60300ECB00300D4B003005009002046
S31500023620012341F6FF710D4AC2F8803291660C4AB7
S3150002363053600C4A53600C4A5360A2F580425360B1
S31500023640A2F54042536002F5C032536002F5804251
S315000236505360A2F500425360704700BF00900050CD
S3150002366000D000B8001000BA005001B838B50324E3
S31500023670FFF7D6FF114A124B124DDA64FFF750FFDD
S31500023680114BC3F8E0400123EB6401F005F94FF456
S3150002369060736B614FF40073EB6404F056FA002119
S315000236A0FEF7F0FE8022094B1C64A3F580535C648E
S315000236B0074BC3F884215A6038BD00BF0048F000AA
S315000236C0000002B8001002B8005001B800A002B80B
S315000236D000E100E008B5E4F703FF044B1B6FC3F3F8
S315000236E000430133B0FBF3F008BD00BF0080005079
S315000236F070B5044690B1A9B13A4A52F8043B8342E6
S3150002370012D10023384A116CC907FCD49B0003F579
S31500023710804340331360354B01221A6470BD013376
S315000237200C2B02D1324D2CE0012352F8041BA1428C
S31500023730F5D1304A32F81330E4E7C2F3016335F8C3
S315000237401300110C93B211F0FE0F43EA00436068B6
S3150002375020D00434CAB2022A216808D9D4E9016009
S31500023760033AC3E9001698600C340C33F3E704D12C
S315000237706268C3E90012083403E0012A01D1043465
S3150002378019602268531CD8D10022174B1A6003F520
S315000237908053C1E7120F072AEDD8DFE802F00704CB
S315000237A0090D1013181DC04303F500531860E2E714
S315000237B01A6842401A60DEE703F58053F6E704F022
S315000237C032FAD8E7012203F580538240F2E701225A
S315000237D003F500538240EDE71A6830EA0202FBD194
S315000237E0C9E700BF542C002000C002B800D002B8BE
S315000237F0B0B00300A62C00200122014BDA64704708
S31500023800001002B80122014BDA647047002002B8A8
S315000238104022014BDA647047002002B84022014B75
S31500023820DA647047001002B8064BDB68C3F3036321
S31500023830984206D1044A936E23F0F00343EA01113B
S3150002384091667047000002B8003F00B02DE9F047CC
S315000238500E4604F0CBF900248046DFF8B4A0DFF868
S31500023860B490E5F7E9FEDAF80C300746C3F30363D2
S31500023870012B0BD1711C35D004F0B8F9A0EB08046A
S315000238803846E5F7E7FEA642EBD80DE0052BF1D068
S315000238900B2BEFD0023B012B09D9013602D004F0E3
S315000238A0A5F93846E5F7D6FE1848BDE8F087D9F8F7
S315000238B00C3013F4603FDDD0D9F818301A04C3F384
S315000238C0891512D4013602D004F090F93846E5F78C
S315000238D0C1FE2DB26FF4FF73A5F1C8009842B8BFBE
S315000238E01846E2E7E5F7B6FEBBE7731C03D004F021
S315000238F07DF9A0EB08046FEA85556FEA95553846BF
S31500023900E5F7A8FE15F5007FBDD0E3E700FEFFFF51
S31500023910000002B800C000B8044BD3F8AC3010B1B6
S31500023920C3F30332027003F00F007047000002B8BF
S31500023930094B01F080011B6C03F480030B4309D190
S315000239404FF40012054B1A62837F1BB10122044B0E
S31500023950C3F80021704700BF000002B8006001B83A
S31500023960005001B810B5E5F767FE084B04461B6820
S315000239703BB1984728B1002200204FF4806101F044
S315000239805BFA2046BDE81040E5F764BE842C0020B1
S315000239902DE9F04F0A460C4685B00021814602F019
S315000239A0DEFD304B5D6915F0010504D0002420468A
S315000239B005B0BDE8F08FFCF745FD0028F6D04FF0C4
S315000239C06051294E294B2A4AD3F82080D6F88C30EA
S315000239D011624FF00061A2F5805211622422042185
S315000239E0C6F88C20234A4FF4804B91604FF48052E4
S315000239F02F46DFF88CA0CAF868B0F262A74213D34A
S31500023A0004211D4A9160A2F5F032C2F88C304FF0C3
S31500023A106052174B1A6208EA0203184A13624FF4FD
S31500023A208042174B9A66C2E7B26E5104FCD5B26861
S31500023A30D205F9D5CAF868B0D6F890200135012D1D
S31500023A400392DBD9E21B042AA8BF042209EB070072
S31500023A5003A90193009202F080FF009A019B3A4467
S31500023A6097B2CBE7000002B8004000B8004001B8A8
S31500023A70006001B8001002B8002002B8005001B878
S31500023A80006000B84FF604014FF60502044B012010
S31500023A901B6C9BB28B4208BF1346024A13667047E1
S31500023AA00080E00F00C001B8074BD3F8483203F09C
S31500023AB00303012B03D0022B03D000207047E4F747
S31500023AC007BEE4F70BBE00BF008000502DE9F74F9A
S31500023AD0DFF8ECB081460F46DBF808A0FFF71AFCC8
S31500023AE04FF0FF35CDE9000100202C46064606F1CF
S31500023AF010031B015BF8033003F00308B8F1010F52
S31500023B0015D13046FFF71EFC02460B46DDE90001E1
S31500023B10FFF7B2FBDBF8643006F10802D340DB079D
S31500023B2037D5002F3ED000252C463E604046013652
S31500023B30082EDCD150B3224F0AF44033B96B00226F
S31500023B400131A4FB0141641941F10001B3F5003FC3
S31500023B5030D17B6B0AF4405A013342F10006BAF5C2
S31500023B60805F22D13D6B15F5807505FB06F642F1A5
S31500023B70000203FB0266A5FB03323244594304FBEF
S31500023B800212A3FB04341444C9E9003403B0BDE8AD
S31500023B90F08FA84271EB0403C8D207B13E60054616
S31500023BA00C46C3E73D463C46C0E7320242EA136290
S31500023BB01B02E3E73B6B13F5807342F10002DDE77C
S31500023BC000C001B8F8B5062004F017F8044604F060
S31500023BD00DF842F21073041B9C42054618D94FF0A9
S31500023BE080624F240B4B1A6441F26F770A4E0BE048
S31500023BF003F0FCFF401BB8424FF0F70221468CBF90
S31500023C0000200120FCF7E2FD336C5B01F0D5F8BD24
S31500023C101A24E9E7002002B8000002B808B504F049
S31500023C2055F80122054B93F8853002335B00DBB26F
S31500023C3002FA03F3024A536108BD00BF003E00B018
S31500023C40002000B80B2870B500F29580012900F219
S31500023C5092804A4B83F8840083F88510484B5B6850
S31500023C609D05C3F3402227D44FF038435A60454A94
S31500023C70506E44026BD5444B5B6803F00303022B80
S31500023C8065D00223C2F848320122404B9A604FF0B7
S31500023C9038435A60DA60996A0807FCD11969C9077C
S31500023CA0F8D540F2FF323A4B9A615A614FF40072EC
S31500023CB0334BC3F884215A60304C01213B20E5F78F
S31500023CC0B3F994F8853094F88420324943F44023BA
S31500023CD043F41063063241F82230FFF7FBFC460834
S31500023CE0C507FFF7E1FE002302463146284602F0E9
S31500023CF019FA090241EA1061C0F3C05040EA4100D4
S31500023D00254BA067186B10F5807005D14FF4E17250
S31500023D102B21FCF75BFD0220024600230020012135
S31500023D2002F000FAE067FFF7BFFE40F64943584348
S31500023D30000DFF2828BFFF20022838BF02200021DD
S31500023D4084F88C00012000F0BBFD002070BD10F449
S31500023D50001006D0114B586800F00300023818BF55
S31500023D6001204FF4A9721B21FCF730FD0122054BFD
S31500023D70C3F8482288E70120E8E700BF003E00B00A
S31500023D8000E100E00080005000000250001000B880
S31500023D90002000B80080035000C001B80040025065
S31500023DA038B1064B93F88400087093F88530137087
S31500023DB0704707230B700123F9E700BF003E00B0EE
S31500023DC070B5FFF7FFFE0021022000F079FD03F037
S31500023DD00DFF04460F4D104ED5F8F4331B070BD5D5
S31500023DE0E5F72AFCBDE8704002220C4BDA6001229C
S31500023DF00B4B1A70E5F72EBC03F0F8FE001BB0421F
S31500023E0040F22A224FF045018CBF00200120FCF728
S31500023E10DDFCE1E7000002B83F420F0000C001B836
S31500023E20DA2C0020224910B50B78002B3FD0012254
S31500023E30204C94F8853002335B0002FA03F31E4AE3
S31500023E4093614FF400721D4BC3F8842100230B705B
S31500023E501B4B4FF43072186C3921C0F38060FCF7AB
S31500023E60B5FC4FF48041174B174AC3F894100C2146
S31500023E7094F885304B4303F138435B6BD4F88010DA
S31500023E80994202BFD2F86C31C4F88830D2F8643154
S31500023E90D4F8880008BFA4F88630B4F8861000F07B
S31500023EA0A7F8BDE810400121022000F009BD10BDAF
S31500023EB0DA2C0020003E00B0002000B800E100E04D
S31500023EC0000002B800E001B800C001B810B504460F
S31500023ED0FFF7EAFD6043044B00F5F42000F590700D
S31500023EE0B0FBF3F010BD00BF40420F002DE9F74FC3
S31500023EF0FFF7ECFF0546FFF765FEE5F79DFB0021A0
S31500023F004FF0384ADFF8E4900646684689F8001012
S31500023F10FFF7DCFD304BDAF82070DB6813F0706FC8
S31500023F201DD12E4B5B6913F0060818D100284CD020
S31500023F30FFF7D0FB691DA1FB00B4FFF7B5FD2146D3
S31500023F4002464346584602F0EDF8DDE9004B090207
S31500023F5041EA10610002A04271EB0B0105D3304623
S31500023F6003B0BDE8F04FE5F775BBFFF79DFD220AEA
S31500023F7042EA0B624FEA1B23A0FB02B200FB0324B8
S31500023F80FFF7A8FB434602462146584602F0CAF806
S31500023F900C220121124B013593F885307F1B5A43BF
S31500023FA002335B00074402F13842DCB2576301FA7E
S31500023FB004F40C4F99400C4B7C619961DAF820307D
S31500023FC0526B2D1A9B1AAB42C9D30222034BDA60FB
S31500023FD0012389F80030C2E7000002B800C001B828
S31500023FE0003E00B0002000B8001000B8DA2C002015
S31500023FF02DE9F04F4FF00C0A0027B54A054692F814
S31500024000854088460AFB04F303F138431F6392F89E
S315000240108420B04B87B0C3F8B4204FF40032AE4BC5
S3150002402046461A610222A3F58053DA604FF03843FE
S31500024030AA4A1B6A92F82413AB46C9B2059192F8B2
S3150002404029130134C9B20491012104F0010482F852
S31500024050247382F82973A21C0AFB04F4500001FAA5
S3150002406000F003F1FF390290019004F13844A3EB0A
S315000240700903002B40F3FF800137022F65D9DB22AB
S315000240800D210020FCF7A2FB4FF080539449934A7E
S315000240904B66059B934C03F0F00382F82433049B92
S315000240A003F0F00382F82933894A4FF40033C4F847
S315000240B06CB1C4F86461A2F886600026C2F88090EA
S315000240C0C2F888B00B61834BC3F8B4600C2392F834
S315000240D085205A4302F138421663E5F7ADFA3346B4
S315000240E032464FF4807E276AD4F864C003F1100189
S315000240F00901615801F00301012910D10EFA03F1F9
S3150002410011EA0C0F0BD104EB0316AF42D6F80C6181
S31500024110C0F0D880B54202D2B74280F0D6800133D1
S31500024120082BE3D1704D2C68012C40F2E3803AB1A2
S315000241306749B1F88E301343A1F88E30664B5A6642
S3150002414007B0BDE8F04FE5F785BA4FF0000B604EB9
S3150002415096F885300AFB03F303F13843C3F830B00F
S31500024160E5F76AFA4FF080515D4B039059664FF0BE
S31500024170384396F885201B6A00920AFB02F203F185
S31500024180010902F13842C2F83490534A02331167E8
S31500024190C4F830B0029A6363544B52485A61019A8A
S315000241A0A3F580539A618368DB0340F18880D6F8D1
S315000241B08030B26FA9EB0303A3FB0221036B03F565
S315000241C0807CF36FA1FB0360A2FB03E39B19ACFBAC
S315000241D003E640F100000CFB0066B2EB0E0261EB57
S315000241E00606120A42EA06624244B2EB1C2F4FEA64
S315000241F01C2603D3013340F10000921B043E964273
S3150002420028BF16463749324A8E6192F88D20D1F878
S3150002421020C0EB18D2B2896B40F10000654584BF1D
S3150002422002F1FF32D2B2B1F1FF3F0ED04FF0000ED3
S3150002423001F1010C99427EEB000B08D20132B3EB7D
S315000242400C03D2B260F10000F4E70244D2B29B46FC
S315000242501F49244B02F0030281F88D20C3F820B0D7
S315000242600222009B03980AFB03F303F138431A6305
S315000242702263E5F7EFF94FF038431B6A0093E5F73F
S31500024280DBF91B490A6922F004020A6130BF4FF0CA
S315000242908051019B154A936102F5E03211670022B3
S315000242A0102122630D4AC2F88411E5F7D3F90D4AAB
S315000242B0009B526E12F0805F3FF4D9AEE4E64646AA
S315000242C0AB46CDE7B542BFF427AF11438AB226E724
S315000242D0003E00B00080035000D001B800E100E0CB
S315000242E000E001B800C001B8F42B0020002000B89D
S315000242F000ED00E011490B78142B01BF0023104E8C
S315000243000B7033700B7801330B70002A3FF418AF31
S315000243100C4EB6F88E301343A6F88E300A4B5A6608
S31500024320074A13780133DBB2022B13707FF408AF0E
S31500024330002301342C600B70137001E7DC2C002083
S31500024340DB2C0020003E00B000D001B8F8B50B46C9
S31500024350002213F8044B944225D91D68854224D1C4
S3150002436006245A791D79124B88181E6804FB050328
S31500024370104F33F8063C7B43B3420ED900238A5AC8
S315000243807A43964202D804FB0300F8BD9D42FAD94D
S31500024390013304FB03F2825AF2E740F25F423D2107
S315000243A00020FCF713FA0020EFE708330132D2E7C8
S315000243B0882C002040420F0000202DE9F84FA2FB76
S315000243C0018BBD4EBD4F18EB060699466BF10003F5
S315000243D0B74270EB030307D240F259220E21FCF7D3
S315000243E0F5F90220BDE8F88FD9F814A00C46154657
S315000243F0BAF1000F04D0DAF80030032B00F21D8167
S31500024400AF4BB04A9F6BA3F58043D3F8EC30C7F3AA
S3150002441014075900AC4B48BF47F400171B6ED2F87D
S31500024420FCA05A074EBF4FF440039B0503F0E0730E
S315000244301F43A64BD3F8E4309E0748BF47F0807768
S3150002444047EA4567E4F7C1F8012D0646C9D10028B7
S31500024450C7D09F4B984200F0FF8003F5122303F565
S31500024460F863984200F0FE809A4B984200F07581FC
S31500024470002502462B4600204FF0007101F052FE45
S315000244802B46013008FB03F3C7F3130100FB0B3382
S31500024490A1FB0662A8FB008001FB05220344203330
S315000244A09B09C9F80030F60C8B4B46EA4236F802F5
S315000244B01C6058BF7642894B894D34441E602C607D
S315000244C0BAF1000F00F0B7800023F9018549C7F35E
S315000244D081528A5C194648BF6408002EB8BF7642EC
S315000244E092066008C2FB0601224601F01BFEDAF8BC
S315000244F000600E2E08D9744B714A916BDA69D3F8B3
S315000245000C31D20600F1CF8017F4001714BFC42273
S3150002451040F207127449C0F31300A1FB04C14FEA2B
S31500024520511102FB01F1C9F80400DAF818004FF440
S31500024530FA73B1FBF0F118BF002701FB03F3A4FBEA
S3150002454002C2FA33A3FB003004FB07226345904103
S3150002455038BF0131C9B241F4006CC9F808C000295C
S315000245607ED0DAF81C00A1FB00371CB1B4FA84F243
S315000245700E2A7EDDE203002F78D1B2FBF3F253005E
S3150002458003FB0113A3FB00874FEA044EC6454FEA1D
S31500024590144474EB070709D34F003B44A0FB038185
S315000245A0C64574EB010102F10102F6D2C2F30E0214
S315000245B04CEA023C4CF00063062EC9F8083040F281
S315000245C09980DAF83030002B00F094800023C9F885
S315000245D00C30C9F81030E3F7F8FFDAF83010FFF7BD
S315000245E0B5FE044618B18378002B40F0D580E3F778
S315000245F073FFDAF83010FFF7A9FE0446D8B18378C4
S31500024600CBB1407940F28B52003818BF01203D21D0
S31500024610FCF7DCF8207940F28C5200384FF03D016D
S3150002462018BF0120FCF7D2F8237962791B0243EA0C
S315000246300213C9F810300020D4E6042BDAF82870E9
S315000246407FF400AFF8014CBF4FF4400307F0E0736C
S3150002465027F0E0771F43F5E6002324481D4611E7BD
S315000246600120BFE6002322481D460BE70B46002227
S3150002467088E7C2F10F0E02F1110807FA08F823FAC9
S315000246800EF343EA0803AEF1200827FA08F843EAD4
S31500024690080327FA0EFE01334EF1000704FA02F26E
S315000246A0002FE3D169E701F4801103F400131943E3
S315000246B008BFC0F5801027E7006CCA88807C814A53
S315000246C0008001B8004F00B0004001B8000002B8F7
S315000246D000F04902005A6202902C00208C2C002025
S315000246E0882C0020C0B00300D34D62100A3BB2DF13
S315000246F0313641DCE3F769FF2C6894B3B4FA84F3EC
S31500024700D3F1020358BFDC40354B9C4288BF640894
S31500024710C8B3B4FBF0F3642100FB134201FB02F2BF
S31500024720904203F1FF3253D85D085308013D1B0244
S3150002473043EA0515C9F80C50E3F7D2FEE0B1B4FB23
S31500024740F0F2642100FB124401FB04F4A0423DD8BE
S31500024750531E52085B08013A68E7002321481D46AA
S3150002476090E66FF01F050028E4D140F2DD422B21CE
S315000247700020FCF72BF8DDE74FF4A0622B21FCF7B3
S3150002478025F8621EE4E7631EA51E5B086D08013B61
S315000247902D0245EA0315E8E740794FF4AE62003888
S315000247A018BF01203D21FCF711F8207940F2715221
S315000247B0003818BF01203D21FCF708F823796279F9
S315000247C01B0243EA0213C9F80C3010E71446D8E775
S315000247D09D1E6D085308013B2D0245EA0315A9E704
S315000247E03FBE4025D694BFD610B5044686B059B909
S315000247F0214B4168D3F8FC30827A20480593006841
S315000248006B46FFF7D9FD69461D4B0A685A631A4B78
S31500024810D3F8FC3033B34B6843B11A4B1A4AC3F888
S315000248200C214A68A3F58053C3F80C218B6843B167
S31500024830144B164AC3F8EC208A68A3F58053C3F8D2
S31500024840EC20134AC868D2F8743123F4EE630343AA
S31500024850C2F87431D2F86C31096923F4EE630B4362
S31500024860C2F86C31002022890A4B9A6203F5A03302
S31500024870186406B010BD00BF004F00B0B829002072
S31500024880008001B8006001B8FFFF0F00FFF8FF0FBC
S31500024890000002B8004000B8064B9A6E920607D591
S315000248A05B6E002B4FF48043B4BF034A034AD364C2
S315000248B00020704700800050002002B8001002B8A5
S315000248C0064B1A6C9207FCD4022240EA0120586079
S315000248D0034B1A640122034B1A70704700C002B8D8
S315000248E000D002B8DD2C002040B10368012B05D9A7
S315000248F00069034B002808BF1846704700487047F6
S31500024900C8B00300064B586E5B6AC0F30112000C76
S3150002491002FB000003F01F0301331844704700BF77
S31500024920004001B8084BC1171A68A2FB000302FB3C
S31500024930013310F1807043F10003400E40EAC310C8
S31500024940803820EAE0707047982C00200722194B25
S3150002495070B5DA63FEF7BEFE174BC408010B0546B7
S31500024960E005C018154A41F10001002301F0DAFB07
S31500024970134B144E18601448FFF7D4FF4042C6F892
S31500024980DC0049F65800FFF7CDFFC6F8A8000F482D
S31500024990FEF710FD024660B1E301500818184FEA0F
S315000249A015714FF0000341F1000101F0BBFBC6F89F
S315000249B0B40070BD000002B8B2E60E0065CD1D005F
S315000249C0982C0020003F00B07011010040420F00F9
S315000249D02DE9F047064608469846FFF785FF154635
S315000249E0074616B308F0020918F004081FD1B9F1F8
S315000249F0000F1AD04FF47A7073685843002B40F0B8
S31500024A008680FFF78FFF28637369002B00F085808D
S31500024A104FF47A72B86802FB0300A0F5FA50FFF76A
S31500024A2081FFE862B8F1000F53D1BDE8F087306923
S31500024A30002863D04FF47A735843BB68A0F57A60B6
S31500024A40C01AFFF76FFFA862B08B002859D04FF447
S31500024A507A735843BB68A0F57A60C01AFFF762FF03
S31500024A60E861324BF468D3F800A0002C4CD04FF426
S31500024A707A735C43BB68A4F57A64E41A7B68E41A29
S31500024A802B4BE1171A68A2FB044302FB013314F114
S31500024A90807443F10003640E44EAC314803C254B40
S31500024AA02C62D3F8C430244C6B6223684BB1504657
S31500024AB002F0DDFF28B12A4639462368DAF87C007F
S31500024AC09847B069002103F02DF96863B9F1000F28
S31500024AD090D1B06820BB47F23050FFF723FF6861E0
S31500024AE04FF47A703368584323B13B6803F51C537D
S31500024AF010331844FFF716FFA86196E749F64040BF
S31500024B009FE749F64040A9E749F64044B8E73B68C3
S31500024B1003F51C531033184473E747F230507EE70F
S31500024B204FF47A735843A0F5FA50D6E7B829002015
S31500024B30982C0020003F00B0942C002010B50446AB
S31500024B4031B38B7923B3013B062B07D8DFE803F099
S31500024B50120406100606120003238B718B79013BA1
S31500024B60062B0DD8DFE803F00E080824240E0E00EB
S31500024B700523F2E70623F0E7FFF7C4FE8B8844B964
S31500024B8000238B7100208B7913B10B6803440B60F1
S31500024B9010BD00EBC303B3F5803FF1D84FF22442B8
S31500024BA0600902FB03002409B0FBF4F04042EAE785
S31500024BB08B88002CE4D0B3F5005FE1D8014A600986
S31500024BC0EFE700BF20A1070010B508461C4603F018
S31500024BD01BF8094B0246D3F8FC00FFF785FE436833
S31500024BE0A018002B054AA8BF4FF4FA721A44044BC8
S31500024BF092FBF3F2104410BD004F00B00CFEFFFF13
S31500024C0018FCFFFF70B588B06D46124C0FCC0FC56D
S31500024C1094E80F0085E80F00B02200210E4801F04B
S31500024C209EFC202200210D4801F099FCD822002189
S31500024C300B4801F094FC03F074F80A4B1B783BB165
S31500024C406D46044E0FCD0FC695E80F0084E80F009F
S31500024C5008B070BDE03F00B0503F00B0E04F00B07A
S31500024C60783E00B0CD2C00200A4B197801F0FF02E5
S31500024C7029B10021197008499202C1F80421597814
S31500024C8001F0FF0229B1002159709302024AC2F8CB
S31500024C9008317047DE2C0020005000B8064BD3F8CE
S31500024CA0EC0E064B5B6C1A0103D4054B9B6E1B0480
S31500024CB001D500F580707047003000B0000002B8E0
S31500024CC0004000B808B5E4F7B7FC0E4B1A78A2B953
S31500024CD00D4A126812F4843F0FD10C4A1021D16496
S31500024CE01B7863B9084B1B68DB0508D4074B2022E7
S31500024CF0DA64BDE80840E4F7ADBC054AEEE7044BCA
S31500024D00F5E700BFE22C002020240020002002B894
S31500024D10001002B810B5E4F78FFC0E2104460320FA
S31500024D20FEF782FD40F20122034B2046BDE8104009
S31500024D30DA62E4F78FBC00BF004000B80022044BE1
S31500024D401A70044B197811B11A70FFF7BBBF70477E
S31500024D50E12C0020E22C002008B5E4F76DFC4FF0B0
S31500024D600042264BC3F88020BFF34F8FBFF36F8FED
S31500024D700122C3F88420BFF34F8FBFF36F8F022245
S31500024D80C3F88420BFF34F8FBFF36F8F0422C3F89B
S31500024D908420BFF34F8FBFF36F8F0822C3F884209E
S31500024DA0BFF34F8FBFF36F8F4FF00052C3F88020CF
S31500024DB0BFF34F8FBFF36F8F1022C3F88420BFF368
S31500024DC04F8FBFF36F8F2022C3F88420BFF34F8F1C
S31500024DD0BFF36F8F4022C3F88420BFF34F8FBFF318
S31500024DE06F8F4FF48062C3F88420BFF34F8FBFF3F7
S31500024DF06F8FBDE80840E4F72DBC00BF00E100E07C
S31500024E0008B5E4F719FC4FF000420A4B1A6001227A
S31500024E105A6004225A6008225A604FF000521A6001
S31500024E2010225A6020225A6040225A60BDE8084089
S31500024E30E4F710BC00E100E0012370B5074C2370D3
S31500024E40074B1E68074B3240D3E9005319402840EE
S31500024E50FBF7AEFF0023237070BD00BFE02C0020DD
S31500024E60A02C0020202400202DE9F047DDF820A008
S31500024E7003EA0108099B06460D4602EA000703EA11
S31500024E800A09BAF1000F40F05C81031F0B4300F0E0
S31500024E901C81052871F1000380F0F28050EA0103BB
S31500024EA000F07281431E0B4300F03281FFF754FF7C
S31500024EB0B64AD2E9004323EA050324EA06043C4340
S31500024EC043EA0807B24BC2E900471E6826EA0A0609
S31500024ED046EA09061E60FFF7F5FE14F02A4F14BFD4
S31500024EE048F202034FF40043AA4AB007D26EAA4818
S31500024EF048BF43F4005383EA020122EA0302C26670
S31500024F00A64A0B408166D366C4F38042120321038C
S31500024F1048BF42F48072E30648BF42F40052A04BF7
S31500024F20A50648BF42F400726006D3F80C3248BFA9
S31500024F3042F48062210648BF42F40062994882EA3E
S31500024F40030123EA0203C0F80C32974B0A40C0F869
S31500024F500812C3F80C22BA0507F4007300F1108197
S31500024F60924A1D46D2F8A41002F50052C2F8A410C5
S31500024F70C2F8A0104FF05022C2F8A4308C4ADFF8D3
S31500024F806C8282F88830E30448BF45F48035A0037A
S31500024F9048BF45F48015A10748BF45F4001514F42F
S31500024FA0001F06D0D8F8000002F014FF08B945F435
S31500024FB00025E20248BF45F40035FB067D4B48BF9B
S31500024FC045F480051A6A7C4985EA020323F0010347
S31500024FD01A400A621D40CB61784B16F0010F1D6222
S31500024FE0774B784A18BF1A46774B7D071B6F48BF27
S31500024FF042F00062754882EA030123EA020303676C
S31500025000734B0A4041661A67724A04F00103916CB7
S31500025010A0F5803081EA030221EA03018164426439
S315000250201A406D4B20029A64D8F8002048BF6B4B99
S3150002503092F81D2158BF6A4B610748BF43F480634B
S3150002504022B114F4C06F18BF43F4807332074FF0D5
S315000250503A42BDE8F047D2F8181148BF43F0004380
S3150002506083EA010222F4A0225E481140C0F8181118
S315000250701340C0F814215C4AC2F81831FFF7C0BECB
S31500025080A0F580630B4306D020F48063A3F500737A
S315000250900B437FF40BAFE4F7CFFA3C49D1E9003278
S315000250A023EA060322EA050242EA08023B43C1E971
S315000250B000324E4A126892F81D114A4A09B313F495
S315000250C0C06F1ED04FF4807311E0E4F7B5FA2F4A91
S315000250D0D2E9003123F004033B4341EA080157EACF
S315000250E00807C2E900314FF480633E4A0BD0C2F88A
S315000250F01431A2F58052C2F81831BDE8F047E4F740
S31500025100A9BA4FF48073C2F81831C2F81431F4E721
S31500025110E4F792FA1D4AD2E9003123F001033B4338
S3150002512041EA0801C2E900310123314A57EA080778
S315000251301BBF5364A2F580529364936408BF536401
S31500025140DBE750EA01037FF4B1AEBAF1010F7FF457
S31500025150ADAEE4F771FA0E4A136823F0010343EA8F
S31500025160090313604FF48063184AB9F1000F04D0A3
S315000251705366A2F580521367BFE713675366BCE70F
S3150002518001234FF48025F9E6BDE8F08720240020AC
S31500025190A02C0020004000B8006000B8005000B803
S315000251A0004001B8006001B8005001B8004000504C
S315000251B0003F00B0000002B8002002B8001002B89A
S315000251C0041C00030418000300C001B800E001B883
S315000251D000D001B800C000B800D000B80D0A0A0914
S315000251E0090A0A09002000BA001000BAB8290020EC
S315000251F000E000B8024B5868C0F3C000704700BF19
S3150002520020240020024B186800F00100704700BFFE
S3150002521020240020024B5868C0F3C030704700BFFC
S3150002522020240020034B1B6813F4C06F14BF012017
S31500025230002070472024002010B50446FEF716FA17
S31500025240FFF78AFD04F18000FDF7BEFAFEF7A4F926
S31500025250FDF784FFFDF7F0FFFFF778FB13490723FD
S31500025260134AD1F8FC1004F1D800FFF7B1FB4FF056
S3150002527080710020FEF742F84FF000720D4B4FF49A
S3150002528000110120C3F80021FEF738F8FEF7FAFBF9
S3150002529020B940F2E7221421FBF798FA02F03FFD0B
S315000252A0BDE810400120FDF767BE00BF004F00B009
S315000252B0A43F00B000D001B88022074B1A6408222E
S315000252C003F580531A64054AD2F8C43E23F020033C
S315000252D0C2F8C43E704700BF001002B8003000B0EA
S315000252E008B5E4F7A9F9FFF7E7FF0122024B1A61B5
S315000252F0BDE80840E4F7AEB9000002B8F8B5194CAB
S315000253000546207840F20642B0FA80F03E21400976
S31500025310FBF75CFA55B9607840F20642BDE8F84000
S31500025320B0FA80F03E214009FBF750BA4FF44066CE
S315000253300D4F0E4DD7F8043140F20642C3F38123D6
S315000253402370C5F8046160783E21B0FA80F0400906
S31500025350FBF73CFAD7F80831C3F381236370C5F82B
S315000253600861F8BDDE2C0020004000B8006000B8DD
S31500025370F8B5084C084D236C0423084F2B64236CA4
S315000253805B0300D4F8BD042602203E6402F04BFC07
S315000253902E64F4E7000002B8001002B8002002B83A
S315000253A0A82238B51A4B1D6C03F500531A64102255
S315000253B09A60A3F5804302F100521A675A66FFF714
S315000253C053FC144B1B7813B90320FDF767FF002427
S315000253D0114B9C67FFF7CCFF104A114BD2F8EC1E1B
S315000253E00B40C2F8EC3E04220E4B1A640E4BAA0680
S315000253F0C3F8CC4008D503F580739B6FB3F5817F64
S3150002540022BF8022024B1A61BDE83840FCF76ABD12
S31500025410000002B8E52C002000C001B8003000B040
S31500025420DF0000FF002002B8003E00B010B528B928
S3150002543079B94FF4C062154BDA6210BD49B9144B03
S31500025440DB681B0E13F00E0FF3D1124B1B6CD90740
S31500025450EFD4FFF75FFC0E4C0020FEF75DFA03283F
S3150002546001D0092805D1A36ADA07F5D4636CDB03F8
S31500025470F2D4FFF77DFF0122074B5A6102229A629C
S31500025480042203F580531A64D3E700BF006001B813
S31500025490000002B800C002B8001002B808B5032125
S315000254A00920FEF7C1F92022014B1A6108BD00BF8F
S315000254B0000002B80D4A10B5D2F8A030D2F8A410F6
S315000254C00B40B3F1804F0CD34FF040400849094CD2
S315000254D0C1F8A400D467C1F8A0004FF48021064A9F
S315000254E0D161034AC2F8A03010BD00BF004000508F
S315000254F0006000500000FF01001002B838B50546F2
S31500025500E4F79AF80446FDF719F935B1FFF716FCE8
S315000255102046BDE83840E4F79DB8084B1B78002BBF
S31500025520F6D0074B1D78002DF2D1FFF707FC2A466D
S315000255304FF480400021FFF77FFCE9E7E12C0020D1
S31500025540E02C00202DE9F84F584B06460D4614462E
S315000255501B6C002A40F0A78013F0A00F14BF4FF077
S3150002556001094FF00009FCF7BDFCA0234FF0000A29
S31500025570DFF850810320C8F84030FDF78FFE042083
S31500025580FDF78CFE4A4FFFF7D9FB4A4B4FF0040B4F
S315000255907B67C7F878A0FFF7EBFE474B4FF48071A5
S315000255A0D3F8C42E42F02002C3F8C42EFF22C8F854
S315000255B008203E4A1161D3F8EC2E40491140C3F847
S315000255C0EC1EC8F840B0C3F8CCAE7B6913F0060FE8
S315000255D004D0FDF7D1FE5846FDF760FEB9F1000F83
S315000255E008D04FF40062364B1A644FF40042A3F51A
S315000255F0E0339A6646B1FFF78DFBFFF74FFF0420B3
S31500025600FDF74CFEFFF730FB284B5A69D10748D508
S31500025610DA6812F0706FFBD12A4B2B4A1A642B4AB6
S31500025620936E23F0F003936615B12046FFF766FFEB
S31500025630274BD3F84C315A1C01D05B0002D501220C
S31500025640204B5A616CB3234BDA6E03F500539A660C
S3150002565003F5D0331B6A1B4A23F00103D3611E4BA9
S31500025660D3F80C1203F50053C3F8081203F50053DE
S31500025670D3F8841003F5005399674FF03A43D3F8F1
S31500025680181103F50053C3F81411144B996C03F562
S3150002569000535964124903F5803359664FF608439D
S315000256A01364BDE8F88F4FF000095CE7000002B80A
S315000256B000C001B800000101003000B0DF0000FFA9
S315000256C0001002B8002002B810003000003F00B0FF
S315000256D00080E00F004000B8004001B800C000B8EA
S315000256E05000002F9D4B2DE9F04F9F6EDB6E85B06B
S315000256F01F409B4B9F664FF03A43D3F81451D3F8A1
S3150002570018311D40974BC3F81451974BD3F8082212
S31500025710D3F80C3202EA0309944BC3F8089203F554
S315000257202043DA691B6A02EA0308914B914A08EAA6
S315000257300303D361904BD3F80422D20605D4D3F8DF
S315000257400431C3F30016DB0652D5E3F775FF8B4B24
S315000257505A695E6E1B6F12F0060F06EA0306884A46
S3150002576026F0007314BF4FF0010A4FF0000A23F42B
S3150002577000637407536606D5824A92F88D30013368
S31500025780DBB282F88D30E3F765FF002F00F0E3808D
S3150002579017F4004300F0D480E3F74EFF0146FFF70B
S315000257A07DFA0446DFF8D4B1DBF82020DBF820309E
S315000257B09A42FBD0DBF820209342FBD0FFF76EFA29
S315000257C0A04217D10846E3F745FF6F4B1C606F4BAB
S315000257D0D3F840B01BF4E0520ED124F07F4424F0FB
S315000257E0DF040CB9FFF7DCFD4FF0807B002414E0E8
S315000257F0B246CAE70446D7E70192FFF7D1FD5D4BF1
S31500025800019A1BF480541A6440F09C801BF4806F4A
S315000258100CBF4FF0805B4FF0806BB80715D55B4A23
S315000258205448126C02F460410164002900F08D8034
S31500025830110400F18D8012F4005F0CBF4FF000528C
S315000258404FF0006200244BEA020BC7F340377F0099
S315000258504F4A2A40002A4BD015F4206F0AD040F254
S31500025860FF7206210020FAF7B1FF0020FFF746FE7D
S3150002587025F48025EB0506D5FF213E4A4BF4C06B85
S315000258809160FFF747FA15F0090F0BD040F61402A4
S3150002589008210020FAF79AFFFFF700FE4FF03A427E
S315000258A00121516315F0106F0CD040F61D0209213B
S315000258B00020FAF78BFFFFF7F1FD00221146104692
S315000258C0FCF710FF15F4202F0AD040F62502072117
S315000258D00020FAF77BFF0020FFF710FE25F4802553
S315000258E0E80301D5FDF776F8002DB8BF47F00807A3
S315000258F069070ED54FF03A42126B12F4005F4FF46D
S31500025900005217BF174923490A634BF4000B08BF1D
S315000259100A636A0548BF4BF0040B15F48023019312
S3150002592000F0A180FDF714F80138062834D8DFE824
S3150002593010F017011A0117011D012001230123018D
S315000259409B4653E74FF0804B50E74FF0007279E7E2
S315000259504FF0004276E7BB463C4679E7004000B886
S31500025960006000B8002000BA004001B8006001B82B
S315000259700000F7FF002002B800E100E000C001B815
S3150002598000E001B8003E00B09C2C0020000002B8E6
S31500025990090B0B89001000BA40F6560203210020BB
S315000259A0FAF714FF4FF03A400121D0F88C20D0F8D4
S315000259B0AC3002F00702063201FA02F2C3F30C0C13
S315000259C0A2EB0C0292B2072A12D9754A126C530242
S315000259D00ED4744BC26CC06E5B6D5BB102F00702F3
S315000259E006329140C0F30C00091A89B2072901D880
S315000259F04BF4007B6C4A1278002A34D04FF03A42BC
S31500025A00D2F8142112F4A02F2DD1684A68491278CF
S31500025A109AB9F20411D40A787AB14FEADB026548E0
S31500025A2042EA447282F00102D0F8EC0E02F0010260
S31500025A30520020FA02F2930715D10420FDF72EFC3C
S31500025A405D4A5E485067FFF779F959490A7832B9D3
S31500025A505B4A5C4912680BEA02020A4201D14BF424
S31500025A60804B26F48056B9F1000F1DD019F4805FE1
S31500025A7018BF4BF4802B19F4807F18BF4BF4002B10
S31500025A8019F4005F18BF4BF0100B19F4007F18BF12
S31500025A904BF0200B19F4806F18BF4BF0400B19F432
S31500025AA0006F18BF4BF0800BB8F1000F3AD018F414
S31500025AB0802F18BF44F4007418F4803F18BF4BF4CB
S31500025AC0805B18F4801F18BF4BF4003B18F4001FCC
S31500025AD018BF4BF0020B18F4003F18BF4BF4801BA3
S31500025AE018F4800F18BF44F0100418F4002F19D0D0
S31500025AF0304AD2F8C42E12F0C00F13D02849CA6811
S31500025B00C2F30362032A01D0072A05D14A6CD006E2
S31500025B1002D48A6C110732D54FF400212A4A28F49E
S31500025B200028D161002E00F01581320540F18780F0
S31500025B302648DFF88490C2782549002A4ED04FF4D1
S31500025B400063013AD2B24B66C27032B9214A127868
S31500025B50C2B140F60141204A5167002200216BE0A2
S31500025B604BF4803B1EE74BF4006B1BE74BF4806B58
S31500025B7018E74BF4807B15E74BF0080B12E74BF462
S31500025B80001BCFE7D9F8782012F4A05F15BF4FF4B7
S31500025B90807240F60142C9F85820C9F87820DCE73D
S31500025BA0000002B8004000B8E22C0020E12C0020E0
S31500025BB0E32C0020003000B000C001B80000010153
S31500025BC020240020088D0100002002B8D22C0020DB
S31500025BD000E001B8E52C002000D001B80320FDF753
S31500025BE05DFBD9F81420A34B12F0060F04BF41F651
S31500025BF01F72A149A14808BF4A674FF400619E4A35
S31500025C005166D9F8142012F0060208BFC9F87820A6
S31500025C10B3F88E2012F400615DD022F40062A3F87C
S31500025C208E20027802F0FF09002A58D1FDF7A4FB64
S31500025C30FFF7B6FB4A4620214BEA020B0C43B300A0
S31500025C4009D52E20FDF77EFA4FF000518A4A44F01C
S31500025C50080411675166F00606D52B20FDF772FA85
S31500025C601021854A1167516616F0306F05D1F1048D
S31500025C705DD5BAF1000F00F0A780320111D52920B7
S31500025C80FDF760FAFFF7B6FA48B17D4A7D487A49D0
S31500025C904A66026700F54050C068430422D444F0C5
S31500025CA0040416F0007A28D00420FDF7F7FA27201C
S31500025CB0FDF748FAFFF774FB4FF000716E4A516622
S31500025CC0714AD2F8EC1E490678D4704A02219160D4
S31500025CD044F0020428E002784FF40052ACE74FF495
S31500025CE000423BE70A6720204A66FDF72BFA2D2081
S31500025CF044F00C04FDF726FAD3E716F0807FDFF8AE
S31500025D00909146D00420FDF7C9FA2820FDF71AFA29
S31500025D10D9F87820002A39D1FFF742FB564A58496A
S31500025D2044F00104116751660021594A9165320413
S31500025D3005D5584A126890474BEA000B0C43730587
S31500025D4008D555498A78002A00F08E80013A8A7071
S31500025D50002217433A4658462146FFF76DF8019B43
S31500025D600BB1FCF729FE01224C4B05F00435C3F8B2
S31500025D7014514B4B18F4002FC3F884211EBF4FF465
S31500025D800022424BDA6105B0BDE8F08FC9F878A06F
S31500025D90C4E7F004C8D50420FDF780FA414AC9F8E1
S31500025DA07420FDF7E9FAD9F8642012F0407FBBD1DE
S31500025DB02A20FDF7C7F9FFF7F3FA81E7D2F8C42ED6
S31500025DC0930685D4384A81E733490A7952B1013AB2
S31500025DD0D2B20A7112B92B4A3449516700224BEAF0
S31500025DE0020BA4E70420FDF759FA0320FDF756FA41
S31500025DF0274A2C495167E3F71FFC81460DF10F0034
S31500025E00FDF78AFD2A4A824612780AB1FEF782FF18
S31500025E10BAF1030F0ED1DFF8A0A00020FDF77CFD3A
S31500025E20032807D1DAF82820D007F6D4DAF8442076
S31500025E30D103F2D49DF80F20032A06D101211D4A6F
S31500025E4048461170E3F706FCC8E74FF03A42D2F82B
S31500025E50142112F4A02FF1D1FEF770FF4846E3F7A2
S31500025E60F9FB4FF48042BAE70220FDF717FA012246
S31500025E706FE700BF003E00B000E001B8E52C00204D
S31500025E801000002000D001B8003000B0002002B897
S31500025E9000C001B838090020D22C0020002000BA28
S31500025EA000E100E000000101001002B80000010D4F
S31500025EB0E42C0020E12C0020000002B80122024B53
S31500025EC01A62DA61704700BF002002B8074A08B5B5
S31500025ED0D369116A0B40064998B2DB07C86104D53B
S31500025EE0D068C0F30360FFF7E9FF08BD000002B8FF
S31500025EF0002002B80C4A08B5536C926C13400B4A48
S31500025F005364DB070FD50A4B40F69A221878122102
S31500025F1000F00100FAF75AFCBDE808400022012011
S31500025F200021FEF789BF08BD00C000B800E000B836
S31500025F3020240020184B70B51C6C5A6C1440174A6A
S31500025F4024F002011164E10705D540F6E1220020A2
S31500025F501968FAF73BFCA2071CD502220F4B1A64FA
S31500025F60A3F500535B68DBB2A3B9FDF7D3F9044688
S31500025F700D460B4ED6F8F433DB060BD5FDF7CAF900
S31500025F8002460B4620462946FDF776F9652871F149
S31500025F900001EFD370BD00BF008002B800A002B8B6
S31500025FA0000002B870B580260A4C0B4DD4F8843036
S31500025FB0DB070AD4A36FD4F884201340074A9367F9
S31500025FC070BDFFF7B7FFC5F88461D5F804311A062C
S31500025FD0F7D4EBE7008001B800E100E000A001B8C9
S31500025FE070B514460D46E3F727FB064BD3F8C46E8D
S31500025FF074402C407440C3F8C44EE3F72BFB06EA08
S31500026000050070BD003000B0034BD3F8C43E99437F
S315000260100CBF012000207047003000B02DE9F0418E
S3150002602017460A43012A1D469DF818409DF81C6032
S31500026030DDF8208029D8B44227D2082E25D8032B92
S3150002604023D8B8F1000F20D00A460021FBF756FEEE
S31500026050FF21EB009940C943DFF834C008F1FF384D
S31500026060FF00E2B2964202D80020BDE8F0813D1957
S315000260700CEB8505D5F8F42018F8010F0A40984074
S315000260801043C5F8F4000134EBE70120EDE700BF49
S31500026090003E00B01E4BD3F8C43E13F001001ED0E2
S315000260A01C4B93F848001C4A40F08073C2F8CC306F
S315000260B04FF480131949C1F8B430A1F58051C1F8E3
S315000260C0B830D2F80C31DBB2FF2B1FD0984294BF06
S315000260D00020012040F6CD323C21FAF777BB1A06A2
S315000260E0E1D40F4A92F8471121B1DB0602D592F8A4
S315000260F04401D8E74FF480120020084B0649C3F842
S31500026100B820C1F8CC00C3F8B42070470120E1E7FB
S31500026110003000B0003F00B0004000B8006000B898
S31500026120003E00B053B94AB9002908BF00281CBF77
S315000261304FF0FF314FF0FF3000F082B9ADF1080C9D
S315000261406DE904CE00F006F8DDF804E0DDE902238D
S3150002615004B070472DE9F04F099D0C46002B4DD136
S315000261608A420F4684469646B2FA82F360D94BB10A
S3150002617002FA03FEC3F120029F4000FA03FC20FA52
S3150002618002F217434FEA1E461FFA8EF44FEA1C42EA
S31500026190B7FBF6F106FB117701FB04F042EA074270
S315000261A0904208D91EEB020201F1FF3702D2904259
S315000261B000F231813946121A1FFA8CFCB2FBF6F054
S315000261C006FB102200FB04F44CEA024C644508D993
S315000261D01EEB0C0C00F1FF3202D2644500F21E8166
S315000261E0104640EA0140ACEB040C002125B12CFA22
S315000261F003F30022C5E90032BDE8F08F8B4205D9D0
S315000262000DB1C5E9000100210846F5E7B3FA83F1AD
S3150002621000294DD1A342C0F0F380904280F0F08075
S31500026220064623460846002DE6D0C5E90063E3E7A5
S31500026230002B40F0A3808A1A4FEA1E471FFA8EF6F9
S315000262400121B2FBF7F407FB14204FEA1C4242EA93
S31500026250004206FB04F090420FD91EEB020204F143
S31500026260FF382CBF4FF001094FF00009904203D9C5
S31500026270B9F1000F00F0CC804446121A1FFA8CFCCA
S31500026280B2FBF7F007FB102200FB06F64CEA024CC3
S31500026290664508D91EEB0C0C00F1FF3202D26645A8
S315000262A000F2B3801046ACEB060C40EA04409DE7D0
S315000262B0C1F120068B4004FA01FE22FA06F720FA03
S315000262C006FCF4408A401F434EEA0C0300FA01FE24
S315000262D04FEA17484FEA13491FFA87FCB4FBF8F056
S315000262E008FB104449EA044400FB0CF9A1450ED907
S315000262F03C1900F1FF3A2CBF4FF0010B4FF0000B97
S31500026300A14503D9BBF1000F00F08B805046A4EBE8
S3150002631009041FFA83F9B4FBF8F308FB134403FBE1
S315000263200CFC49EA0444A44506D93C1903F1FF389A
S3150002633001D2A4457BD8434643EA0040A4EB0C04B1
S31500026340A0FB02984445CC46434602D306D1CE452D
S3150002635004D20138B9EB020C68EB0703002D6CD0AE
S31500026360BEEB0C0264EB030422FA01F304FA06F60E
S31500026370CC4000211E43C5E900643DE702FA03FE54
S31500026380C3F1200104FA03F200FA03FCCC404FEAFF
S315000263901E4720FA01F11FFA8EF6B4FBF7F00A4304
S315000263A007FB1044110C41EA044100FB06F48C423F
S315000263B00ED91EEB010100F1FF382CBF4FF0010987
S315000263C04FF000098C4202D9B9F1000F2CD0404699
S315000263D0091B92B2B1FBF7F407FB141142EA014220
S315000263E004FB06F1914207D91EEB020204F1FF38C3
S315000263F001D291421ED84446521A44EA004120E78D
S31500026400861A64EB030301200DE7F44402384AE7D7
S31500026410023C724431E702397244CCE6F444023853
S31500026420DFE602383C4472E702387144D0E7023BA9
S315000264303C4481E7023C7244DEE72946DCE600BFC3
S31500026440704700BF0B4601461846F7F733BCF7F70D
S315000264508FBB012838BF012010B504462046F7F746
S315000264607FFB00B110BDF7F73FFB08B900F00FF84C
S315000264708047F3E708B500F00AF808B500F007F818
S3150002648008B500F004F80FB408B500F000F80620CD
S3150002649008B5F8F797F80120E6F748F910B50C4663
S315000264A0B1F90E10F8F7CAF80028ABBF636DA389DD
S315000264B01B1823F48053ACBF6365A38110BD2DE97D
S315000264C0F0411F468B8905460C46DB05164605D567
S315000264D002230022B1F90E10F8F79EF8A38932467C
S315000264E0B4F90E10284623F48053A3813B46BDE837
S315000264F0F041F7F761BD10B50C46B1F90E10F8F789
S315000265008BF8431CA38915BF606523F4805343F4BB
S315000265108053A38118BFA38110BDB1F90E10F8F7FD
S3150002652041B82DE9F8430746884614460026D4E9C1
S315000265300195B9F1010905D52468002CF7D1304639
S31500026540BDE8F883AB89012B07D9B5F90E300133C3
S3150002655003D029463846C04706436835E9E7024470
S315000265600346934200D1704703F8011BF9E77047CF
S315000265707047704770B50C46B1F90E1096B01546C5
S3150002658000291E460CDAA389002113F0800F14BFDE
S3150002659040234FF48063002031602B6016B070BD3B
S315000265A06A46F8F717F80028EDDB019901F4704105
S315000265B0A1F50053594259414FF48063EBE78B89A9
S315000265C0F7B59D0706460C4607D504F14703236037
S315000265D023610123636103B0F0BD01AB6A46FFF795
S315000265E0C9FF009F054630463946F7F7EBFA48B928
S315000265F0B4F90C309A05EED423F0030343F00203F8
S31500026600A381E2E7A389206043F08003A381019B73
S31500026610C4E904075BB1B4F90E103046F7F7ECFF94
S3150002662028B1A38923F0030343F00103A381A389BD
S315000266301D43A581CFE79368013B002B936010B4FD
S3150002664008DA9469A34201DB0A2903D15DF8044BF7
S3150002665000F01AB81368581C1060084619705DF8E5
S31500026660044B7047F8B506460F461446D518AC4299
S3150002667001D1002007E03A4614F8011B3046FFF725
S31500026680DAFF431CF3D1F8BDF8B50E4614460546AB
S3150002669018B1036A0BB9F7F7A7FBA369A360A3892D
S315000266A01A0701D5236943B921462846F7F7F8FDAB
S315000266B018B14FF0FF373846F8BD2368F6B22269A3
S315000266C03746981A6369834205DC2146284600F05C
S315000266D00EF90028EDD1A368013BA36023685A1C7A
S315000266E022601E70431C62699A4204D0A389DB07AA
S315000266F0E1D50A2EDFD12146284600F0F8F8002817
S31500026700D9D0D6E72DE9F047164698468A68074655
S315000267100B690C46DDF820909342B8BF13463360EE
S3150002672091F843200AB1013333602368990642BFC8
S31500026730336802333360256815F0060506D104F185
S31500026740190AE36832689B1AAB422BDC94F8433091
S315000267502268003B18BF0123920630D404F143029B
S3150002676041463846C847013023D023681A3454F8C4
S315000267700A2C03F00603042B0ABF54F80E5C00250C
S3150002678033684FF0000608BFED1A54F8123C08BFF2
S3150002679025EAE5759342C4BF9B1AED18B5421AD194
S315000267A0002008E00123524641463846C8470130D8
S315000267B003D14FF0FF30BDE8F0870135C1E7E1189C
S315000267C05A1C30200233224481F8430094F84510C3
S315000267D082F84310C2E70123224641463846C8479B
S315000267E00130E6D00136D9E7B1F90C202DE9F041A6
S315000267F0170705460C4656D44B68002B02DC0B6C79
S31500026800002B3DDDE66A002E3AD0002312F48052B8
S315000268102F68216A2B6025D0626DA389580705D59A
S315000268206368D21A636B0BB1236CD21A216A0023F6
S31500026830E66A2846B047411C24D0002363602369D8
S315000268402360A389DA0400D56065616B2F60B9B154
S3150002685004F14403994202D02846F7F7BFFB00230E
S3150002686063630DE001232846B047461C0246D4D195
S315000268702B68002BD1D01D2B01D0162B2AD12F60CD
S3150002688000202EE02A68B4F90C3042B11D2A01D04C
S31500026890162A21D10023636023692360D5E762604B
S315000268A022692260CEE70F69002FE9D093070E68AE
S315000268B00F600CBF4B690023A6EB07088B60B8F18B
S315000268C0000FDDDD43463A46216A2846A66AB047EE
S315000268D0002808DCB4F90C3043F040034FF0FF30D7
S315000268E0A381BDE8F0810744A8EB0008E7E738B5C5
S315000268F00B6905460C4613B90025284638BD18B162
S31500026900036A0BB9F7F770FAB4F90C30002BF3D01F
S31500026910626ED00704D4990502D4A06DFFF728FE53
S3150002692028462146FFF760FF636E0546DA07E4D480
S31500026930A3899B05E1D4A06DFFF71BFEDDE7C9B273
S315000269400346024410B59342184601D1002003E0E3
S31500026950047801338C42F6D110BD0A44431E91429B
S3150002696000D1704710B511F8014B914203F8014F5F
S31500026970F9D110BD1F2938B505460C4604D9162390
S3150002698003604FF0FF3038BDC26B12B152F82130AE
S315000269904BB9284600F016F8224601462846BDE8BD
S315000269A03840F7F75DBE012B0AD0591C03D11623D6
S315000269B003600120E7E70021204642F824109847A9
S315000269C00020E0E7E5F7B8BE884210B501EB020405
S315000269D002D98442234607D8431EA14208D011F8A1
S315000269E0012B03F8012FF8E7024401468A4200D13F
S315000269F010BD13F8014D02F8014DF7E72DE9F041FC
S31500026A00804615460C4621B91146BDE8F041F7F716
S31500026A10D9B82AB9F7F7E2FA00242046BDE8F08190
S31500026A2000F01AF88542064602D8B5EB500FF4D8A4
S31500026A3029464046F7F7C6F807460028ECD0B54285
S31500026A402A46214628BF3246FFF787FF214640469F
S31500026A503C46F7F7C3FAE0E751F8043C181F002B4F
S31500026A60BCBF0B58C018704730B514469BB00546DC
S31500026A701A46002C05DA8B2303604FF0FF301BB059
S31500026A8030BD4FF40273009104916946ADF80C30A3
S31500026A9014BF04F1FF332346029305934FF6FF73A7
S31500026AA0ADF80E301E9BF7F727FE431CBCBF8B23A7
S31500026AB02B60002CE3D0009B00221A70DFE7036AEA
S31500026AC070B505460E4684680BB9F7F78DF9636E05
S31500026AD0DB0705D4A389980502D4A06DFFF748FD0C
S31500026AE0A389190702D52369002B35D121462846E9
S31500026AF0F7F7D6FB80B34FF0FF35636EDA0705D49E
S31500026B00A3899B0502D4A06DFFF733FD284670BD0D
S31500026B10002B15DB23685A1C22601970A36816F82D
S31500026B20011F013BA3600029F2D1002B16DA22468F
S31500026B300A212846FFF7A8FD0130DCD00A25DCE74A
S31500026B40A2699A4201DC0A29E4D122462846FFF7C5
S31500026B509BFD0130E2D1CEE7013EDFE723685A1CF6
S31500026B6022600A221A70E9E7034613F8012B002A6B
S31500026B70FBD1181A0138704770B5A1FB02543CB913
S31500026B802946F7F71FF8064628B90026304670BD93
S31500026B900C220260F9E72A462146FFF7E0FCF5E7F8
S31500026BA02DE9F0471F468E6882460C46BE42904645
S31500026BB00B682DD8B1F90C2012F4906F26D06569B6
S31500026BC0096905EB4505A3EB01097B1C05EBD575A8
S31500026BD04B446D109D4238BF1D46530527D52946A5
S31500026BE0F6F7F0FF064660B34A462169FFF7B5FE9F
S31500026BF0A38923F4906343F08003A38126614E4464
S31500026C006561A5EB090526603E46A560BE4200D930
S31500026C103E46324641462068FFF7D6FEA36800206C
S31500026C209B1BA360236833442360BDE8F0872A4692
S31500026C30FFF7E4FE06460028E0D121695046F7F741
S31500026C40CDF90C234FF0FF30CAF80030A38943F088
S31500026C504003A381E9E74369406CDA1C1438B2FBAE
S31500026C60F0F203EBC203CA1D0333B2FBF0F2B3FB2D
S31500026C70F0F30132023301EBC20100FB031070474D
S31500026C8038B5446905462146FFF7E5FF6A6CE31D00
S31500026C90143AB3FBF2F3013304EBC304204438BDC8
S31500026CA073B506460D460024F36B012201A9281985
S31500026CB05B699847019B013309D10434736C6219ED
S31500026CC05B426A401A42EFD0204602B070BD0024F1
S31500026CD0FAE770B505460C46E2F7B2FCEB6B2046C6
S31500026CE0DB68BDE87040184770B5002586B00446DB
S31500026CF00562E369AB4202D8206A06B070BD666CD3
S31500026D000522206801A9E36B06FB05005B6998472B
S31500026D1001A800F0E3FB00F006FC10B1236A013380
S31500026D2023620135E5E738B50446456C006804F18F
S31500026D30400305FB0101E06B00F002FC054620461C
S31500026D40FFF7D2FF284638BDF0B5054687B00026C4
S31500026D50EC69013CB44203D80C46204607B0F0BDAC
S31500026D6001B14C1E6F6C0522286801A9EB6B07FB6B
S31500026D7004005B69984701A800F0B0FB00F0D3FB62
S31500026D800028EAD101362146E2E7F0B5044687B08B
S31500026D90466C0D4600680522E36B01A906FB050059
S31500026DA05B69984701A800F099FB00F0BCFB20B193
S31500026DB001A800F06AFB07B0F0BD29462046FFF79E
S31500026DC0C3FF676C0646E36B206805225B6901A96F
S31500026DD007FB0600984701A800F057FB431CEAD0C0
S31500026DE0B54238BF0130E6E72DE9F043D0F82480FA
S31500026DF04FF6FF7987B004460E46C84514BF45468E
S31500026E0000250027E369BB4202D807B0BDE8F0833C
S31500026E10E26B01A92368606CD2F814C0052200FB5C
S31500026E200530E04701A800F059FB022806D0C84504
S31500026E300CD1721C29462046FFF775FF0135E3691E
S31500026E400137B5FBF3F203FB1255DBE72946204671
S31500026E50FFF79BFFB0F1FF3F14BF024632460132F5
S31500026E60E8E70368F0B5CC1A436C87B006460025FE
S31500026E70B4FBF3F4F36937685A1E706C954208D373
S31500026E80706C336800FB043007B0BDE8F04000F0D8
S31500026E9055BB013401A9B4FBF3F203FB1244F36BB5
S31500026EA005225B6900FB0470984701A800F016FBF7
S31500026EB000F039FB0028E3D10135DBE710B423F0FB
S31500026EC003049B07436C2244C3F100030A4418BF20
S31500026ED0043282EA0104234203D05DF8044BFFF731
S31500026EE0C0BF10465DF8044B70472DE9F041D0E96A
S31500026EF00A3686B004469E4228D1C36914224568E2
S31500026F0002FB1355284606B0BDE8F081206801A9A8
S31500026F10676C331AE26BB3FBF7F3D2F8148007FB04
S31500026F2003000522C04701A800F0D8FA012804D0C0
S31500026F30636C1D44013B3340ED1A31462046FFF790
S31500026F4090FF0646A36AB342E0D1DBE70025F9E7E4
S31500026F50F0B5002587B004462E46E369B34202D84F
S31500026F60284607B0F0BD636C0522276801A903FB1A
S31500026F700677E36B38465B69984701A800F0AEFADC
S31500026F8000F0D1FA58B1384600F0D8FA0146204648
S31500026F90FFF786FE636C143B834208BF0135013658
S31500026FA0DBE708B508301346D1E90012F9F726F8EF
S31500026FB0012008BD13B50C46002121760093134625
S31500026FC061682246F7F794FC18B1E37D03B1A07E0F
S31500026FD0A075A07D02B010BD73B500F10805164676
S31500026FE00C460DF107020968284600F074F9032ED3
S31500026FF006D16368834203D12168284600F052F91C
S31500027000012002B070BD032A10B5029C07D1A26A04
S315000270105340626C5242134201D100F043F90120FF
S3150002702010BD08B5C36800209847BDE80840E2F7DE
S3150002703014BB012870B514BF042002200024424369
S315000270401C70CC7D101D02F002024CB91AB101224D
S3150002705020F003001A7000F108034868184470BD56
S315000270601AB1012220F003001A700C7E002301F1EE
S315000270702005DAB2944201D80020F0E735F8332031
S315000270805E1C824206D901EBC30300F10802D869ED
S315000270901044E4E7801A3346EBE773B590F8426092
S315000270A005461C460DF103033046FFF7C2FFEB6BA4
S315000270B0012E5B690DD1324601A998479DF803302E
S315000270C013B1BDF806300193BDF80430236002B057
S315000270D070BD0122214602B0BDE870401847F0B5E6
S315000270E00546002487B04868EB6B27460E46012208
S315000270F05B6902A908300294984795F84230012B41
S3150002710040F08480632C02D9029807B0F0BD612C4E
S3150002711008D805AB224631462846FFF7BEFF9DF842
S3150002712014301BB305AB2246314628468DF8107043
S31500027130FFF7B3FF95F84230012B059B55D14FF669
S31500027140FF72934200F09680082205A904A800F077
S315000271504CF9059B9DF81010C3F30722914240F0AB
S315000271608980DBB2029A1A44029283E095F8423091
S31500027170012B30D103AB224631462846FFF78DFF5D
S3150002718004AB621C31462846FFF787FF05ABA21CFB
S3150002719031462846FFF781FF102208230DF107002A
S315000271A00DEB02018DF8073000F01FF9102205A938
S315000271B00DF1070000F019F9039BDAB2002A52D149
S315000271C09DF80720B2EB132F4DD1DDE9043203EB14
S315000271D00243029347E0302C2BD944E09DF8072066
S315000271E0B2EB134F3FD1049BF3E7013342D0102297
S315000271F005A90DEB020000F0F8F8059B9DF81010AA
S31500027200C3F30742914235D19BB2ABE7312C3FF62D
S315000272107BAF87D005AB224631462846FFF73DFFB6
S31500027220BDF81430002B7FF47DAF95F84230012B68
S31500027230A0D003AB224631462846FFF72EFF04AB09
S31500027240621C31462846FFF728FF102320220DF143
S3150002725007000DEB03018DF8073000F0C6F8039B1B
S315000272609AB2002ABAD095F84230012B14BF0123F4
S3150002727002231C44013440E730B5002344684FF032
S31500027280FF329C4202D10023037230BD016801EB3A
S31500027290C30541F8332001336A60F2E7C0E9001200
S315000272A0FFF7EABFF0B5002345689D4210D0046897
S315000272B0DF0054F8332004EBC306B2F1FF3F08D0D7
S315000272C0C2F31302914204D14FF0FF33E3517360CC
S315000272D0F0BD0133E9E7F0B5002345689D4202D1CE
S315000272E04FF0FF300EE00468DE0054F83340671CAE
S315000272F009D0C4F31307B94205D1240D14700368EB
S3150002730033445868F0BD0133E8E713B50023044659
S3150002731001461B220DF107008DF8073000F065F8D3
S3150002732022689DF80730B3EBD26F0CBF0120002014
S3150002733002B010BD13B500230446014620220DF10A
S3150002734007008DF8073000F050F80DF107001A22F9
S31500027350211D00F04AF862689DF80730B3EB926F80
S315000273600CBF0120002002B010BD0068431C584229
S3150002737058417047006810F07E0F0CBFC0F3C16021
S31500027380002070470068C0F3D3107047006800F011
S315000273907F0001288CBF002001207047036813F08C
S315000273A07E0F14BF042008207047036813F07E0F77
S315000273B003D1406820F07C40704713F078001CBF70
S315000273C003F07F03D81F7047006800F07F00704704
S315000273D0032809D0022803D1C1F10201C8B27047BD
S315000273E000290CBF0720002070471F2A0B689EBF8A
S315000273F04FF0FF3191408B43590801F055315B1A2A
S3150002740003F033319B0803F033330B44017803EB6B
S3150002741013130A444FF0013103F00F334B43A2EB2F
S3150002742013620270704737B501F10C0405464369D1
S315000274306946012220469847BDF80030012201A97B
S3150002744001932046AB69984703B030BD37B501F1C9
S315000274500C04436901226946054620469847009B6B
S315000274604FF6FF7299B291420DD11B0C012201A96E
S3150002747020461B0443F4254343F0A5030193AB695D
S31500027480984703B030BD0020FBE737B50446002518
S315000274901B22011D0DF107008DF80750FFF7A5FF0E
S315000274A060689DF80720B2EBD06F03D120F07840D8
S315000274B003B030BD0DF107001B2204F108018DF85F
S315000274C00750FFF792FFA0689DF80730B3EBD06F25
S315000274D001D1C043EAE74FF0FF30E9E703684BF218
S315000274E09A22B2EB134F10B5044613D19BB2012B6D
S315000274F013D1FFF7CAFF01300CD0E0684FF6FF72D6
S31500027500B2EB104F4FEA104309D180B2C01A18BF2E
S31500027510012010BD2368013303D00420F9E70220BD
S31500027520F7E70320F5E701288CBF0020012070470A
S31500027530033801288CBF00200120704714307047A1
S315000275402DE9F04105469846036908460E46174658
S315000275509847044638B943463A4631462846F8F72C
S3150002756029FE044618B131462846FFF75CFF20463D
S31500027570BDE8F081704737B504460D4601A8FAF713
S315000275804BFC01A8FFF7F6FF204601A98DF806502D
S31500027590F8F7B2FE03B030BDFAF722BE084611462E
S315000275A0F8F756BF7047431E012B03D9031F5842F3
S315000275B058417047012070474FF4C4720021FEF70C
S315000275C0CEBF10B504460021E6F768FE2046BDE8A8
S315000275D01040FAF71FBBF9F7BDBCF8B505460E46D3
S315000275E0F8F7F8FED5F8C03073B15B6963B1FCF702
S315000275F071F8D5F8C03040F26B125B6942211B1A52
S3150002760058425841F9F7E2F800224FF6FF734FF05D
S31500027610240CF768D0B2B84208D31C462146284645
S31500027620F9F766F800F0D4FA2046F8BDB1680CFB0B
S315000276300011CC899C4202D2002CEFD023460132A3
S31500027640E8E7008B70470A7838B505461046FFF71B
S31500027650AAFF60B14C782046FFF7A5FF38B1224356
S31500027660530704D42846BDE83840F9F761BE012025
S3150002767038BDFFF7E8BF10B504460878FFF793FF59
S3150002768058B14A781046FFF78EFF30B1042A04D06B
S315000276902046BDE81040F9F781BE012010BDFFF774
S315000276A0EABFF9F7FDBB38B504460D46F9F720F8EF
S315000276B028B929462046BDE83840F9F75BBD38BDF2
S315000276C0FDF7EAB870B516460C46E1F7B5FF314646
S315000276D005462046FCF75CF904462846E1F7BAFF60
S315000276E0204670BD38B5044648880D4600F06EFA4D
S315000276F0D4F8D4302BB929462046BDE83840F9F7EC
S3150002770083BE022038BD00F062BA00F0C6B873B577
S31500027710044600200D4600F059FAD4F8D4606946B2
S315000277202046FFF7F2FF5EB99DF800102A46204672
S31500027730E4F76EFE01462046F9F7FCFE02B070BD84
S31500027740002329461A462046B047F7E700F04ABA10
S31500027750D0F8D400003818BF0120704738B5044667
S315000277600D46E1F769FF00232563E362BDE8384071
S31500027770E1F770BF38B505460C46E1F75DFF2B6BA6
S315000277801C40EB6A2343EB62E1F764FF211E18BF3C
S3150002779001210020490238BDFAF704B8F9F788BC7E
S315000277A000F0CAB800F0ECB808461146FBF728B953
S315000277B000F0AEB8FBF72AB80846FBF733B808461E
S315000277C0FBF776BC431C08BF0020F9F795BC00F016
S315000277D00DBAFBF70FBE084710B50446FAF700FDCF
S315000277E0012804D1204600F035F9002010BD022000
S315000277F0FCE7022A01D800F041B901207047022AAB
S3150002780001D800F05EB901207047002070470020C1
S31500027810704702210120F9F717B97047436B03F04D
S315000278206003402B0DD0602B03D0203B58425841B9
S31500027830704749B10B68012B06D9486940F001002F
S31500027840704740F20110704700207047D0F8C830E8
S315000278504BB11A68022A06D993F8250028B11B6A89
S31500027860B3FBF0F07047E6F715BD7047D0F8C820B5
S315000278707AB11368022B0CD9536A13F47F4FC3F300
S31500027880072106D0126ADBB253438B42B3FBF1F2F5
S3150002789001D2E6F701BD104670470346D0F804014F
S315000278A00860B3F8083100208B80704790F80431E5
S315000278B00E2B14BF807DFF20704738B50C464FF45F
S315000278C000610546FEF7A0FB70B17CB195F8FE306B
S315000278D073B94FF480724FF480712846FEF780FB2D
S315000278E0003818BF012038BD2202F4E72246F2E72B
S315000278F00020F8E74FF48071FEF786BB4A024FF488
S315000279000071FEF76DBB8A024FF48061FEF768BB19
S31500027910F8B5064614469779F9F7E4FF054648B9DD
S31500027920A3793BB121463046A771F9F7E7FC214618
S31500027930FDF704F92846F8BD084610B510F0030411
S3150002794011461BD13F2B15D9B3FA83F3C3F11902A2
S31500027950D2B2062A01D8192B0ED0062A28BF062231
S315000279600124931DDBB29C40A4B2A14228BF21464A
S31500027970FAF7D0FD204610BD2246F1E70024F9E7CA
S31500027980084611F0030110B518D113883F2B15D9FB
S31500027990B3FA83F3C3F11904E4B2062C01D8192B06
S315000279A003D0062C214628BF062101238C1DE4B2F2
S315000279B0A3401380FAF7CAFD002010BD0120FCE7A0
S315000279C010B5144608460121FBF792FE2046BDE893
S315000279D010400121FBF78CBEF8B504460E46174649
S315000279E0E1F72AFE3A4605463146204600F077F987
S315000279F004462846E1F72EFE2046F8BD02207047CF
S31500027A0003207047FBF768BC10B5FAF78BFA0446F9
S31500027A1008B9FDF765FC204610BD70B505460E4651
S31500027A20144600F0D6F831462846FFF7D6FD00F098
S31500027A30D0F8230744BF24F00804A4B221462846FE
S31500027A40F9F7A8FA00224FF400312846FEF7C8FAE1
S31500027A50002070BD10B500224FF4F261FEF7C0FAA5
S31500027A600446FEF717FB201E18BF012010BD802119
S31500027A70FEF7CABAFAF70ABCFAF710BC7FB5531C6E
S31500027A8005AAADF81410029202210022DBB2CDE95A
S31500027A9000211146FEF7C2FA07B05DF804FB7FB576
S31500027AA0531C05AAADF81410029204210222DBB27D
S31500027AB0CDE9002100220121FEF7B0FA07B05DF8F8
S31500027AC004FB1FB5531C029100220821CDE90021B7
S31500027AD00122DBB21146FEF7A1FA05B05DF804FBFE
S31500027AE038B50546F9F750FA04462846F9F72AFA50
S31500027AF0072811D1D5F8C43024F47F41DB6921F07F
S31500027B00080103B15B7841EA032141F020012846CE
S31500027B10BDE83840F9F73EBA24F02001F7E738B558
S31500027B20054610460C46FAF77DFC65B1D5F8C43019
S31500027B304BB15B693BB12268013204BF6FF00102AF
S31500027B40226022681A60002038BD002070472DE9A5
S31500027B50F74F01251C469DF830300646019303680F
S31500027B60174603F0070306339D4005F1FF380B461F
S31500027B70A1B1416804EA080BA5EB0B0A41F00059D2
S31500027B80524509EB0B0114D952461846FEF7E5FE9B
S31500027B9049467A1B5A445044FEF7DFFE019B2BB13D
S31500027BA03C4448EA050804EA0804F46003B0BDE868
S31500027BB0F08F1846F0E737B5002514460095FFF713
S31500027BC0C6FF204603B030BDFAF7A8BA7047704721
S31500027BD07047704710F0FD0F14BF4FF0FF300020C2
S31500027BE0C0B27047704700200021704708B5FBF706
S31500027BF091FBBDE80840FBF7CBBB08B5FBF7A2FB40
S31500027C00BDE80840FBF7C4BB10B50446FBF782FB90
S31500027C10844288BF01F1FF312046BDE8104001F0E1
S31500027C200301FBF7B5BB38B50446FFF7DFFF054690
S31500027C30FFF7DCFF431BA342FAD338BD08B521B1D7
S31500027C409200FEF78AFE002008BD0120FCE70B0C1D
S31500027C50B3F5384FF7B506460D468FB216D04BF63A
S31500027C600102934214D04BF60202934212D0B3F5AC
S31500027C70304F14BF04240324D6F8C4300BB119685C
S31500027C8051B9D6F8C0309BB928680FE00024F3E753
S31500027C900124F1E70224EFE7234668463A46FBF75A
S31500027CA0CFFB9DF804300098002BEAD103B0F0BD5B
S31500027CB019680029E8D0234668463A46FBF7C0FB16
S31500027CC09DF804300098002BDED1EFE74FF03843E1
S31500027CD059699A6903F500530A405A617047F7B524
S31500027CE005460F4668461146FBF7F0FE064698B172
S31500027CF097B1DDE900311B0A43EA0163A5FB0343A1
S31500027D00090A05FB0135FBF7E5FC00230246294675
S31500027D102046FEF707FA3860304603B0F0BD03206E
S31500027D207047704730B14FF47A735843A0F57A60C2
S31500027D30FCF7F8BD49F64040FAE7FDF7D3BCFDF77C
S31500027D40D1BCFDF7CFBCFDF7CDBCFDF7CBBC73B5FF
S31500027D500D7806460C4635B304238DF80430237994
S31500027D60304601A98DF80530FFF785FC0546B8B9FE
S31500027D702278A37952BB8DF80430E379304601A903
S31500027D808DF80530FFF75FFC054648B923783BB10D
S31500027D9061883046F9F7CEFC01213046FFF78DFDAA
S31500027DA0284602B070BD2946FFF787FD29463046B0
S31500027DB0FFF7A4FD29463046FFF7A5FD2378002BE1
S31500027DC0CAD123798DF804306379C9E702228DF886
S31500027DD00420D3E7002070470139024410B59042CF
S31500027DE001D1002005E0037811F8014FA34201D02A
S31500027DF0181B10BD0130F2E7000000000000000071
S31500027E00F8B500BFF8BC08BC9E467047F8B500BF7F
S31500027E10F8BC08BC9E4670475FF800F0D50A002001
S31500027E205FF800F00D0A00205FF800F06D090020EF
S31500027E30000000000000000000000000000000003A
S31500027E40000000000000000000000000000000002A
S31500027E50000000000000000000000000000000001A
S31500027E605465726D696E616C0000000078A46AD771
S31500027E7056B7C7E8DB702024EECEBDC1AF0F7CF546
S31500027E802AC68747134630A8019546FDD8988069C9
S31500027E90AFF7448BB15BFFFFBED75C892211906BB3
S31500027EA0937198FD8E4379A62108B44962251EF680
S31500027EB040B340C0515A5E26AAC7B6E95D102FD616
S31500027EC05314440281E6A1D8C8FBD3E7E6CDE121EB
S31500027ED0D60737C3870DD5F4ED145A4505E9E3A94C
S31500027EE0F8A3EFFCD9026F678A4C2A8D4239FAFF52
S31500027EF081F6718722619D6D0C38E5FD44EABEA4C8
S31500027F00A9CFDE4B604BBBF670BCBFBEC67E9B28BC
S31500027F10FA27A1EA8530EFD4051D880439D0D4D9D1
S31500027F20E599DBE6F87CA21F6556ACC4442229F427
S31500027F3097FF2A43A72394AB39A093FCC3595B65E9
S31500027F4092CC0C8F7DF4EFFFD15D84854F7EA86FB6
S31500027F50E0E62CFE144301A3A111084E827E53F7DC
S31500027F6035F23ABDBBD2D72A91D386EB0700000081
S31500027F700C000000110000001600000007000000BF
S31500027F800C000000110000001600000007000000AF
S31500027F900C0000001100000016000000070000009F
S31500027FA00C00000011000000160000000500000091
S31500027FB0090000000E000000140000000500000089
S31500027FC0090000000E000000140000000500000079
S31500027FD0090000000E000000140000000500000069
S31500027FE0090000000E00000014000000040000005A
S31500027FF00B00000010000000170000000400000043
S315000280000B00000010000000170000000400000032
S315000280100B00000010000000170000000400000022
S315000280200B00000010000000170000000600000010
S315000280300A0000000F000000150000000600000004
S315000280400A0000000F0000001500000006000000F4
S315000280500A0000000F0000001500000006000000E4
S315000280600A0000000F0000001500000000000000DA
S315000280700000545452205245474745530000000021
S3150002808001030401010109030009007F7C83020048
S315000280900100000F5C8302000000000000000000E7
S315000280A002020000010000000500000002000003B9
S315000280B0000000000B0000000B00000002000000A0
S315000280C00000202000000000030000008C8C3C0011
S315000280D0000000000000000000000000080911086E
S315000280E01E000003050000000000000040420F00D1
S315000280F00501000000000000000000000000000072
S3150002810000020100050000000000000000C201009C
S315000281100002000000100000000000000000000045
S3150002812000000000000010003400035A01010102A1
S31500028130020404040505050809090A0A0B0D0E10B6
S31500028140111112141517191A1C1D1F212325262871
S315000281502B2D2F3101010101010202020204040446
S3150002816004040606060607080809090A0C0C0C0D83
S315000281700E0F101112131314151618190101020409
S315000281800404050608080B0B101012101315191912
S3150002819019221E202325282A2D303336393C3F4208
S315000281A0464A4D5101010202040406060808080A5D
S315000281B00C100C11101215141717191B1D2222234D
S315000281C026282B2D303335383B3E41440A00100019
S315000281D01A00240030004000480058006E00820059
S315000281E09600B000C600D800F00018013401520112
S315000281F06C01A001BA01DC01F80130024C028402D2
S31500028200BC02D80210032C0364039C03D4030C049F
S3150002821028046004B404EC0424055C0507000A0083
S315000282200F0014001A002400280030003C00480009
S31500028230500060006800780084009000A800B40036
S31500028240C400E000E000FC000E012C0138015001E0
S3150002825068018601A401C201E001FE011C023A0284
S315000282603A02580276029402D002EE0211001C0073
S315000282702C0040005800700082009C00C000E00004
S315000282800801340160018001B001E00114024C02D0
S315000282908A02BC02EE0230038403C0031A045604A7
S315000282A0B004EC044605A005FA055406AE06080716
S315000282B06207BC073408AC0806097E090D001600E1
S315000282C024003400480060006C008400A000C00056
S315000282D0E00004012001400168019801C001F80193
S315000282E0220258028402B202EE022A036603B8038D
S315000282F0FC031A047404B0040A054605A005FA052F
S3150002830036069006EA0644079E07F807D00067017C
S315000283103702270337046705200690072009D00A8B
S31500028320A00C900EA0102B127B14EB167B192B1CA3
S31500028330FB1EEB2124245427A42A142EA4315435DF
S3150002834024390B3C1B404B449B480B4D9B514B56CF
S31500028350E059D05EE0631069606ED073E1FE59FFAA
S315000283608FFFADFFC1FFD0FFDCFFE4FFEBFFF2FFA3
S31500028370F6FFFAFFFDFF0000030005005500EDFEC3
S31500028380FF0064001E0000007F001B0DD063FDFF8E
S315000283903600B7034DDAFFFF1C005901EC36000028
S315000283A01100BD00C83B00000B007100143500002F
S315000283B007004900352C000005003700052600009D
S315000283C003001400FF140000556A0000856A0000CD
S315000283D069BF0000AB650000AD6C0000CD7B0000FC
S315000283E0097D000013B779FAC925DDB7ADF3CFE0F1
S315000283F0F1B614B80102000000000000FFFFFFFF03
S31500028400100000002B000000000000000000000029
S315000284100000000000000000000000000000000054
S315000284200000000000000000000000000000000044
S3150002843000000000C0150020E81500204375737483
S315000284406F6D206D6F64657320617265206E6F7447
S3150002845020737570706F72746564207965740A0092
S31500028460436F756C646E2774207374617274207422
S31500028470696D657220666F7220256C64206D732C9F
S31500028480207265736F7274696E6720746F206275ED
S315000284907379776169740A0064656C617920256471
S315000284A0206D73206265666F7265207265736574EE
S315000284B02C2062757379207374617465203D2025C2
S315000284C0640A000070756C73696E6720727374209B
S315000284D0666F72202564206D730A000062757379D7
S315000284E020737461746520756E646572207265739B
S315000284F06574203D2025640A0000000077616974D6
S31500028500696E67202564206D73206166746572202A
S315000285107273742070756C73650A000077616974F2
S31500028520696E6720646F6E652C206275737920739D
S3150002853074617465203D2025640A00000A0A4552CA
S31500028540523A207265636569766564206461746176
S31500028550626C6F636B20627574206E6F7420696E35
S3150002856020646F776E6C6F61642073746174650A40
S315000285700A0000000A0A4552523A2072656365698A
S31500028580766564206F75742D6F662D6F72646572E1
S315000285902064617461626C6F636B0A0A00000000FA
S315000285A00A0A4552523A206E6F742066696E6973E2
S315000285B068656420776974682074686520707265DE
S315000285C076696F75732064617461626C6F636B0A9E
S315000285D00A0000000A0A4552523A2053616D65208C
S315000285E07374617465207472616E736974696F6EF7
S315000285F0206E6F7420616C6C6F7765640A0A0000E6
S315000286000A0A4552523A20496E76616C69642073B1
S3150002861074617465207472616E736974696F6E3AFF
S3150002862020646F776E6C6F616420776974686F750A
S3150002863074206265696E6720746F6C6420746F0AB9
S315000286400A0000005374617274696E6720646F7762
S315000286506E6C6F6164206F6620256C64206279748B
S3150002866065730A005374617274696E6720465755C2
S315000286702066726F6D20736372617463680A00000C
S315000286804661696C656420746F2073657420757029
S315000286906772616465206D6574610A0046575520EC
S315000286A0696E7465726E616C206572726F722C20CF
S315000286B063616E27742073746172740A000000008D
S315000286C05374617274696E67204657552C20756E15
S315000286D0737572652061626F7574207468652062B5
S315000286E06C6F636B73207772697474656E0A00002F
S315000286F052657374617274696E67204657550A0033
S31500028700416C726561647920726563656976656438
S3150002871020746869732066696C652066756C6C796D
S315000287200A000000526573756D696E6720465755DB
S3150002873020617420626C6F636B2025640A0000005E
S31500028740526573657420465755206D657461646180
S31500028750746120746F2072656365697665206E6543
S315000287607720757067726164652066696C650A00B8
S31500028770436F756C646E2774207265736574206D21
S31500028780657461646174610A000000000A0A455258
S31500028790523A204461746120696E64696361746946
S315000287A06F6E207265636569766564207768696CA9
S315000287B065207374696C6C2068616E646C696E679F
S315000287C02070726576696F757320646174612069C1
S315000287D06E6469636174696F6E0A0A004173736F2E
S315000287E0636961746564206F6E206368616E6E658D
S315000287F06C20256C64210A004F727068616E656494
S31500028800210A0000446174612070656E64696E67B6
S31500028810210A0000426C6F636B207265636569769C
S315000288206564210A00000000426C6F636B20746964
S315000288306D6564206F75740A000000004150206364
S31500028840616E63656C6564207472616E73666572CF
S315000288500A0000005363616E2074696D656F75745A
S31500028860210A00005363616E2074696D656F757429
S31500028870207768696C6520636F6E6E6563746564E4
S31500028880202D207765276C6C20676574206F7270C7
S3150002889068616E6564206966207468697320636F17
S315000288A06E74696E7565730A000000005377697409
S315000288B063686564206368616E6E656C20746F2000
S315000288C0256C64210A00000054696D6564206F7589
S315000288D074206F6E206120706F6C6C202D20726187
S315000288E064696F2070726F636573732073686F7546
S315000288F06C642074616B652063617265206F66200B
S3150002890069740A00526563656976656420636F6EF1
S315000289106669726D6174696F6E2041434B0A00008D
S31500028920446964206E6F742072656365697665209A
S31500028930636F6E6669726D6174696F6E2041434B37
S315000289400A0000004D4435206D69736D61746368D9
S31500028950206F6E20256C642062797465733A0A0072
S315000289602D2045787065637465643A202530325847
S315000289702530325825303258253032582530325873
S315000289802530325825303258253032580A00000038
S315000289902D20436F6D70757465643A202530325808
S315000289A02530325825303258253032582530325843
S315000289B02530325825303258253032580A00000008
S315000289C02D20446174613A0A090000000A09000078
S315000289D0446F6E2774206B6E6F7720686F772074F2
S315000289E06F207061727365207468657365207365A4
S315000289F07474696E67732C2073697A65206D697366
S31500028A006D617463680A00004D4435206D69736DAB
S31500028A10617463680A0000005573616765206572B8
S31500028A20726F723A2063616E277420737570706F6D
S31500028A307274207461672073657474696E6773203B
S31500028A406C6172676572207468616E206F6E652054
S31500028A50626C6F636B0A0000417070206572726F00
S31500028A60723A20636F756C646E2774206765742092
S31500028A70696D616765206D65746164617461206604
S31500028A806F7220646F776E6C6F616420696E2070FE
S31500028A90726F67726573730A00000000436F756C2C
S31500028AA0646E277420777269746520696D616765E3
S31500028AB020627974657320696E746F20736C6F74AB
S31500028AC02C2065726173696E672066756C6C207303
S31500028AD06C6F740A000000004572726F7220726534
S31500028AE06164696E6720696D61676520646174619E
S31500028AF02066726F6D204E564D0A0000466565640B
S31500028B00696E67204D443520256420627974657349
S31500028B100A000000496D616765204D44352063688F
S31500028B2065636B73206F75740A4D616B696E67209E
S31500028B30696D616765206F6620747970652030788B
S31500028B40257820696E20736C6F7420307825782022
S31500028B5076616C69640A00004572726F72206D61FB
S31500028B606B696E6720696D6167652076616C696401
S31500028B700A0000004D4435206D69736D61746368A7
S31500028B80206F6E20696D61676520646F776E6C6F0A
S31500028B9061642C2065726173696E670A00000000C9
S31500028BA04572726F722065726173696E6720696DB4
S31500028BB06167650A0000000055736167652065728A
S31500028BC0726F723A2063616E277420737570706FCC
S31500028BD07274204E46432055524C73206C61726764
S31500028BE06572207468616E206F6E6520626C6F63B9
S31500028BF06B0A00005573616765206572726F723A7F
S31500028C002063616E277420737570706F7274204EC4
S31500028C104643206461746120636F6E74656E7420CE
S31500028C206C6172676572207468616E206F6E652072
S31500028C30626C6F636B0A000046533A20496E766196
S31500028C406C6964207A6C6962206865616465720089
S31500028C5046533A2077696E646F77206D616C6C6F4C
S31500028C6063206661696C6564000000007665637462
S31500028C706F723A3A5F4D5F72616E67655F636865F0
S31500028C80636B3A205F5F6E202877686963682069A4
S31500028C907320257A7529203E3D20746869732D3E1E
S31500028CA073697A6528292028776869636820697359
S31500028CB020257A7529000000766563746F723A3A48
S31500028CC05F4D5F7265616C6C6F635F696E7365722F
S31500028CD0740000004E6F206C696E652062756666D0
S31500028CE0657220676976656E210A00004D616C6CBB
S31500028CF06F632072616E206F757400004E564D20B0
S31500028D006D65746164617461206572726F7220644C
S31500028D107572696E6720646973706C61792075700B
S31500028D20646174650A000000526571756573746545
S31500028D306420696D61676520616E64206F76657275
S31500028D406C6179732061726520616C726561647908
S31500028D50206F6E2073637265656E0A00496D6167E6
S31500028D606520776173206E6F74206D61726B656426
S31500028D702076616C69640A00436F756C646E2774B1
S31500028D802067657420696D61676520616464726538
S31500028D9073730A0053686F77696E6720696D61673E
S31500028DA06520696E20736C6F742025640A000000CA
S31500028DB04F70656E4550617065724C696E6B00004E
S31500028DC04E6577746F6E204D3320312E33205065F9
S31500028DD067686F6F6B2200004E6577746F6E204D69
S31500028DE03320312E3622000042575259000000002D
S31500028DF046573A20253034582D25730025303258EF
S31500028E003A253032583A253032583A253032583AD5
S31500028E10253032583A253032580000004E657774B4
S31500028E206F6E204D3320322E322200004D41433ADE
S31500028E3020253032583A253032583A253032583ABF
S31500028E40253032583A253032583A253032583A25AA
S31500028E503032583A25303258000000006874747077
S31500028E60733A2F2F6F70656E6570617065726C69EB
S31500028E706E6B2E65752F7461672F302F2530325831
S31500028E802F25303258253032582530325825303287
S31500028E90582530325825303258253032582530324E
S31500028EA0582F00004E6577746F6E204D3320322E98
S31500028EB03222204C495445004E6577746F6E204D20
S31500028EC03320322E362200004E6577746F6E204DA7
S31500028ED033204257525920322E36220059656C6C85
S31500028EE06F7700004E6577746F6E204D3320322EF9
S31500028EF03620467265657A65722200004E65777481
S31500028F006F6E204D3320322E392200004E65777463
S31500028F106F6E204D33204257525920322E3922008D
S31500028F204E6577746F6E204D3320322E392046728D
S31500028F3065657A65722200004E6577746F6E204D04
S31500028F403320342E322200004E6577746F6E204D28
S31500028F5033204257525920342E3322004E657774FD
S31500028F606F6E204D3320342E332200004E65777407
S31500028F706F6E204D3320352E383522004E657774BC
S31500028F806F6E204D3320352E3835222046726565A8
S31500028F907A6572004E6577746F6E204D3320362ED9
S31500028FA0302200004E6577746F6E204D3320425793
S31500028FB0525920372E3522004E6577746F6E204D3A
S31500028FC03320372E352200004E6577746F6E204DA2
S31500028FD03320392E37220000454652333278473243
S31500028FE032204944203078253032580041502046FC
S31500028FF06F756E64202D2057616974696E672066ED
S315000290006F7220646174610041503A2025303258F3
S315000290103A253032583A253032583A253032583AC3
S31500029020253032583A253032583A253032583A25C8
S3150002903030325800525353493A20256464426D2017
S315000290402020204C51493A202564000043682025FF
S3150002905064000000426174746572793A2025642EB8
S3150002906025303264562054656D703A2025642743B4
S315000290700000000068747470733A2F2F6F70656E6B
S315000290806570617065726C696E6B2E65752F7461A1
S31500029090672F312F253032582F253032582530325E
S315000290A0582530325825303258253032582530323C
S315000290B05825303258253032582F0000415020466C
S315000290C06F756E64000000004E6F20415020466F9F
S315000290D0756E6420202020202020202020555F55F8
S315000290E000000000436F756C646E27742066696E1B
S315000290F06420616E204150203A28000049276C6C9A
S315000291002074727920616761696E20696E20612020
S315000291106C6974746C65207768696C652C2062755D
S315000291207420796F7500000063616E20666F72634A
S31500029130652061207265747279206E6F772062797C
S31500029140207363616E6E696E670000007468652045
S315000291504E46432D77616B652061726561207769A2
S31500029160746820796F75722070686F6E65000000F2
S3150002917063616E20666F7263652061207265747228
S3150002918079206E6F77206279207072657373696ECB
S3150002919067206120627574746F6E00004E6F204105
S315000291A05020466F756E64004E6F20415020466F08
S315000291B0756E6420202020202020202020557755FF
S315000291C0000000004E46432057414B450000000078
S315000291D05343414E20484552450000004E4F204120
S315000291E05020466F756E64007A5A7A0046575500CB
S315000291F0416C726561647920646973706C61796926
S315000292006E67207468697320696E666F2073637275
S3150002921065656E0A00000000436865636B696E67E8
S3150002922020666F7220696D61676520494420307837
S3150002923025780A00466F756E642061742069647829
S3150002924020307825780A00004E6F7420666F756E9E
S31500029250642C20726576657274696E6720746F205D
S3150002926072656E646572696E670A000057652077DB
S31500029270657265207570677261646564210A000013
S31500029280486176652070726576696F75736C7920B0
S315000292906265656E20636F6E6E6563746564206FCA
S315000292A06E206368256C640A000000004572726FC6
S315000292B0723A204C61636B696E6720646973706CE5
S315000292C061792064726976657220696D706C656D6C
S315000292D0656E746174696F6E0A0000004469736199
S315000292E0626C65640000000053657400436C65613E
S315000292F0720000002573206F7665726C6179206DAD
S3150002930061736B203078253038780A0055524C004C
S31500029310726177006C617374200000004E4F50201A
S31500029320696E6469636174696F6E2073686F756CC8
S31500029330646E277420627562626C65207570207493
S315000293406F206170700A0000496D61676520696E61
S315000293506469636174696F6E2072656365697665B7
S31500029360643A0A0020202D20547970652025303277
S31500029370780A000020202D204578745479706520E3
S31500029380253032780A00000020202D2053697A65A4
S3150002939020256C64420A000020202D204368656364
S315000293A06B73756D202530386C782530386C780AE9
S315000293B000000000437573746F6D204C5554207382
S315000293C07570706F7274206E6F7420696D706C6543
S315000293D06D656E7465640A0057652068617665205E
S315000293E074686973206F6E6520696E2063616368B5
S315000293F0652E2E2E0A000000446F776E6C6F616434
S31500029400696E6720696D6167652049442030782559
S315000294107820696E20736C6F7420307825780A0084
S31500029420576520646F6E27742068617665207370B5
S3150002943061636520666F7220746869732E2E2E0A28
S315000294400000000046575520696E646963617465C1
S31500029450640A000052656A656374696E67207570F6
S3150002946067726164652073696E636520776527722A
S315000294706520616C72656164792072756E6E696EC3
S315000294806720746869732066696C650A00000000CB
S315000294904E464320257320696E6469636174656470
S315000294A00A000000576520616C7265616479206864
S315000294B0617665207468697320636F6E74656E7475
S315000294C020696E20746865204E46430A000000003B
S315000294D05461672073657474696E6773207570646E
S315000294E061746520696E646963617465640A00006B
S315000294F0576520616C7265616479206861766520C2
S3150002950074686573652073657474696E67730A009F
S31500029510436F6D6D616E642030782530325820724B
S31500029520656365697665640A00000000556E7375A9
S3150002953070706F72746564206461746174797065A9
S3150002954020696E646963617465640A005265626FBC
S315000295506F74696E670A0000466F726365642073F2
S3150002956063616E2028726F616D2920747269676764
S31500029570657265640A00000052657365742073653E
S315000295807474696E67732C207265626F6F74696E8C
S31500029590672E2E2E0A000000456E746572206465E1
S315000295A06570736C6565700A00000000546F207761
S315000295B0616B652C2070726573732061206275740D
S315000295C0746F6E206F7220706F7765722063796395
S315000295D06C650A004C45442073657175656E63655A
S315000295E020657865637574696E670A004C45442088
S315000295F073657175656E63652063616E63656C651F
S31500029600642073696E63652070726576696F75731F
S31500029610207374696C6C20696E2070726F67726554
S3150002962073730A00457261736520616C6C207374F2
S315000296306F72656420696D616765732028616E6467
S31500029640204C5554733F290A00000000456E74658C
S3150002965072206661737420736C69646573686F77D0
S31500029660206D6F64650A0000456E746572206D6533
S315000296706469756D20736C69646573686F77206DB4
S315000296806F64650A00000000456E74657220736C93
S315000296906F7720736C69646573686F77206D6F648A
S315000296A0650A0000456E74657220676C61636961C4
S315000296B06C20736C69646573686F77206D6F64657F
S315000296C00A000000456E746572206E6F726D616CE1
S315000296D0202841502D646972656374656429206D82
S315000296E06F64650A00000000456E74657220646549
S315000296F06570736C65657020616E6420776169744C
S3150002970020666F722052462077616B652073696707
S315000297106E616C0A00000000466F72636564206227
S3150002972061747465727920766F6C74616765206DF9
S315000297306561737572656D656E7420616E64207401
S31500029740726967676572206120706F6C6C0A00002F
S31500029750556E6B6E6F776E20434D44203078253000
S3150002976032780A00436F756C646E27742076616CDA
S315000297706964617465206669726D776172652C2011
S315000297807369676E616C696E67206661696C757272
S31500029790650A00004170706C79696E6720757067A2
S315000297A0726164652E2E2E0A000000004661696C05
S315000297B0656420746F206170706C79204657550A73
S315000297C000000000446F6E27742068617665206190
S315000297D06C6C2046575520626C6F636B732C20733A
S315000297E069676E616C696E67206661696C75726520
S315000297F00A0000004857206661696C7572652C2064
S315000298007369676E616C696E67206661696C7572F1
S31500029810650A000053686F77696E6720696D616734
S31500029820650A0000436F6E6669726D656420696D34
S315000298306167652062757420636F756C646E277448
S315000298402066696E6420697420696E2073746F7273
S315000298506167652E204D4435206D69736D617463B1
S3150002986068206F72206F7574206F66207370616353
S31500029870653F0A00526563656976656420257369EA
S315000298806D61676520626C6F636B2025640A000058
S31500029890526563656976656420257346575520626D
S315000298A06C6F636B2025640A0000000052656365D5
S315000298B06976656420257374616720636F6E6669D5
S315000298C06720626C6F636B2025640A0052656365CC
S315000298D0697665642025734E46432055524C2062B4
S315000298E06C6F636B2025640A000000005265636595
S315000298F0697665642025734E46432072617720623D
S315000299006C6F636B2025640A000000000A0A455248
S31500029910523A20726563656976656420626C6F638C
S315000299206B20666F7220756E6B6E6F776E20646148
S315000299307461747970650A0A0000000042757474D5
S315000299406F6E2068616E646C657220666F7220624B
S31500029950746E20310A000000427574746F6E2068BE
S31500029960616E646C657220666F722062746E20325C
S315000299700A000000427574746F6E2068616E646C32
S31500029980657220666F722067656E6572696320472D
S3150002999050494F0A00000000427574746F6E2068C9
S315000299A0616E646C657220666F72204E4643207744
S315000299B0616B652070696E0A000000004576656E6F
S315000299C0742068616E646C657220666F72206173C2
S315000299D0736F63696174696F6E207375636365651E
S315000299E06465640A000000004576656E742068614D
S315000299F06E646C657220666F72206265636F6D6954
S31500029A006E6720616E206F727068616E0A000000D8
S31500029A104E6F20646973706C617920636F6E66693C
S31500029A2067757265640A0000496E697469616C69DA
S31500029A3073696E67204475616C535344206472697E
S31500029A407665720A0000000043616E277420616C1D
S31500029A506C6F63617465206D656D6F727920746FCA
S31500029A60207361766520646973706C617920706118
S31500029A7072616D730A000000496E697469616C69EE
S31500029A8073696E672047444557303538335A383341
S31500029A90206472697665720A00000000496E697474
S31500029AA069616C6973696E6720696E7465726C654B
S31500029AB061766564204257525920647269766572EE
S31500029AC00A000000496E697469616C6973696E67A0
S31500029AD0204A442042575259206472697665720AB6
S31500029AE000000000496E697469616C6973696E678A
S31500029AF020554338313539206472697665720A0019
S31500029B00554338313539206973206E6F7420796573
S31500029B107420737570706F727465640A00000000B9
S31500029B20496E697469616C6973696E672055433859
S31500029B30313739206472697665720A00496E697432
S31500029B4069616C6973696E672055432042575259A1
S31500029B502076617269616E74206472697665720A32
S31500029B6000000000496E697469616C6973696E6709
S31500029B7020554320322E36222076617269616E7438
S31500029B80206472697665720A00000000496E697483
S31500029B9069616C6973696E6720554320322E3922DA
S31500029BA02076617269616E74206472697665720AE2
S31500029BB000000000496E697469616C6973696E67B9
S31500029BC020554320342E33222076617269616E74E9
S31500029BD0206472697665720A00000000496E697433
S31500029BE069616C6973696E672053534420647269B4
S31500029BF07665720A000000005265676973746572C1
S31500029C00656420696E74657272757074206F6E2059
S31500029C10706F72742025642070696E202564206638
S31500029C206F7220425553590A00000000416374695D
S31500029C30766174696E67206472697665720A0000DD
S31500029C4050756C73696E672072657365740A0000DD
S31500029C50CFDF0F00E5353C0057633A00496E766167
S31500029C606C696420636F6C6F727320666F72203941
S31500029C702E3722205353440A00000000556E737596
S31500029C8070706F7274656420616D6F756E74206F8B
S31500029C906620636F6C6F72732025640A00000000F1
S31500029CA0AEC7C3C0800000009F020000436F756C00
S31500029CB0646E277420737461727420736C656570A8
S31500029CC074696D65722121210A00000042555359BB
S31500029CD020646561737365727465640A000000002E
S31500029CE0446973706C617920746F6F6B206C6F6E50
S31500029CF0676572207468616E206578706563746545
S31500029D006420283E25646D732920746F20636C6578
S31500029D10617220627573790A0000000044697370EB
S31500029D206C617920616374696F6E2065786563750D
S31500029D3074656420696E2025642E25303364207391
S31500029D400A00000053656E64696E6720726566726A
S31500029D506573680A00000000656E746572204475BA
S31500029D60616C53534420647261770A00426C6163EA
S31500029D706B20313A0A00000052454420313A0A006B
S31500029D80426C61636B20323A0A000000524544205D
S31500029D90323A0A00EFEE3800656E74657220474467
S31500029DA04557303538335A383320647261770A00A2
S31500029DB0426C61636B3A0A005245443A0A0000005B
S31500029DC007071700436F756C646E277420616C6C0D
S31500029DD06F63617465206C696E656275666665722D
S31500029DE00A000000656E74657220696E7465726C95
S31500029DF0656176656420647261770A004F75742026
S31500029E006F66206D656D6F727920666F722072655E
S31500029E106E646572696E6720647261776C696E65DD
S31500029E207300000052656E646572696E6720636F27
S31500029E306D706C6574650000446973706C6179209D
S31500029E40736C656570696E67000000005475726E0A
S31500029E50206F6E2045504420706F776572207261C4
S31500029E60696C730A0000000050756C73696E672096
S31500029E7072657365742074776963650A0000000071
S31500029E80556E6B6E6F776E20646973706C617920A4
S31500029E907265736F6C7574696F6E20666F72204A95
S31500029EA044206472697665720A000000032C07205A
S31500029EB00710092100000000105444000F0A2F2544
S31500029EC0222E2100C0C0C000013208320E4B194BAF
S31500029ED00000000098989875CAB2987E00000000AB
S31500029EE0656E746572204A4420647261770A0000C6
S31500029EF0546F646F3A2061646420737570706F7278
S31500029F007420666F72205543383137392042532008
S31500029F1070696E0A00000000546F646F3A20616433
S31500029F206420737570706F727420666F7220554369
S31500029F303831373920666C61736820726561640A4C
S31500029F4000000000C7CC1D00656E74657220554383
S31500029F503831373920647261770A0000436F756CB5
S31500029F6064206E6F7420616C6C6F6361746520642B
S31500029F706973706C617920627566666572730A0030
S31500029F80656E746572205543204257525920766198
S31500029F907269616E7420647261770A00656E746517
S31500029FA07220554320322E36222076617269616E06
S31500029FB07420647261770A00656E74657220554377
S31500029FC020322E39222076617269616E74206472A3
S31500029FD061770A00656E74657220554320342E330C
S31500029FE0222076617269616E7420647261770A005A
S31500029FF0656E7465722053534420647261770A0059
S3150002A00010111200080709060A050B040C030D02BB
S3150002A0100E010F0000000000000000000101010116
S3150002A02002020202030303030404040405050505F0
S3150002A03000000000030004000500060007000800F7
S3150002A04009000A000B000D000F0011001300170093
S3150002A0501B001F0023002B0033003B00430053006C
S3150002A060630073008300A300C300E3000201000043
S3150002A07000000000010102020303040405050606AE
S3150002A0800707080809090A0A0B0B0C0C0D0D00003C
S3150002A09001000200030004000500070009000D008C
S3150002A0A01100190021003100410061008100C10048
S3150002A0B00101810101020103010401060108010CEB
S3150002A0C001100118012001300140016010000A0050
S3150002A0D000007FFC400458065806580658064004FD
S3150002A0E07FFC000010001000004002200120112019
S3150002A0F01120122028402800280044004400440071
S3150002A100440082008200FE00080008000063773ED9
S3150002A1101C3E776308DC02006CD9020020007E0038
S3150002A12016000000D4C7020038C5020020007E00D7
S3150002A1302A00000068A50200CCA2020020007E00D0
S3150002A14038000000D5FB0000BD0A0100F541010000
S3150002A150DD5A01008D450100557601005D4301007F
S3150002A160396F0100DD420100E96D0100CD430100B6
S3150002A1704D7001006D420100C96A0100FD410100F6
S3150002A180FD5B010015410100115501003D4401002E
S3150002A190A9720100AD440100F17301001D450100E1
S3150002A1A001750100854101005158010000C00550AA
S3150002A1B0020202020203040540420F0008000000E8
S3150002A1C0000000000001000000000000F60D000083
S3150002A1D00000000003002B2B090000000000001AFB
S3150002A1E01A000001000A0A000008000E010E011002
S3150002A1F0000A0A00000800041000000500030E0011
S3150002A200000A002300000001901A1A000001400A09
S3150002A2100A000008840E010E0110800A0A000008D6
S3150002A22000041000000500030E00000A00230000CF
S3150002A23000010000A01A1A000001000A0A00000824
S3150002A240840E010E0110900A0A000008B0041000E4
S3150002A2500005B0030E00000AC02300000001000042
S3150002A260901A1A000001400A0A000008840E010E24
S3150002A2700110800A0A00000800041000000500030D
S3150002A2800E00000A0023000000010000901A1A00C6
S3150002A2900001200A0A000008840E010E0110100AAD
S3150002A2A00A00000800041000000500030E00000A60
S3150002A2B000230000000100000000000000B00108B9
S3150002A2C04000000007002678242600000000000057
S3150002A2D00D0001000007221005DF1E00120C1602F7
S3150002A2E0DF39001A211A00E1A50019281A01DE2217
S3150002A2F00127222A01E0C8011E232203DF4C02079E
S3150002A3000C0C03DF57020D2C1002DF9F020D2C10DE
S3150002A31001DFE7020F0F1201DF040317161B02EB20
S3150002A3204403070F0C02FA52030D061001F15C03F7
S3150002A33007070C02FA63030D220D00E09B031823A4
S3150002A3401A01DF04040E211A04E03E0417221A023F
S3150002A350DFA00417231A02DF050516211A02E060A0
S3150002A3600517221A02E0C20517231A02DF2706176B
S3150002A370211A01E0860618231A01DFEF0618231AAE
S3150002A38001DF580707190C02E86E0707210C02E8DD
S3150002A3908B0717171B02EACE0717121B02ED0208DC
S3150002A3A017171B02EA450818231D03DEAE082B29E0
S3150002A3B02E01DE8B0920222100DF130A1B22210433
S3150002A3C0DF860A1E242202DE0D0B1C222204DF84F3
S3150002A3D00B19221F04DFEF0B18221E04DF550C1F78
S3150002A3E0242402DEE10C1B222304DF540D07220F74
S3150002A3F004DF720D16231B01DFD30D1E222204DF9A
S3150002A400530E17221D04DFB50E21222904DF420F47
S3150002A4101C222304DFB90F21242502DE4E101A2244
S3150002A4202004DFBD1021252502DE56111C2222043E
S3150002A430DFCD111C242002DE4B121B221E02DFBEC0
S3150002A440121B232304DF35131D221F01DFB1132B39
S3150002A450222D01DF68141E222001DFE8141D221EB0
S3150002A46001DF64151A221D01DFD3150B2B1003DF42
S3150002A4700F160E220DFFE04B160B2B1001DF87166F
S3150002A48016141B03E0BE161C041AFF06CC16090797
S3150002A4900C01DDD416181A1B02E8221719231D0314
S3150002A4A0DF9017171A1A02E8DB1719231D02DF4974
S3150002A4B018181A1B02E897180E221001DFD3181873
S3150002A4C0241D02E83F1917221C03DFA11907220DDA
S3150002A4D003DFBF190A2D0D00DFF81917221B03DF50
S3150002A4E05A1A07220D03DF781A24192A03E8E91AF1
S3150002A4F017191D03E8311B191A1D02E8831B1924BB
S3150002A5001D03E8F41B19241D02E8651C0F1912032A
S3150002A510E8941C181A1A01E8E21C0C201002E21236
S3150002A5201D171A1D03E85D1D19191900E8AC1D2334
S3150002A530192501E81A1E18191A01E8651E19241AA6
S3150002A54000E8D61E15191801E8181F0D2B1202DF96
S3150002A5505E1F042C0D05DF741F0D2B1203DFBA1FBD
S3150002A56015081701F2000000FFFFFFFFFFFFFFFFC4
S3150002A570FFFFFFFFDF3E7CF9F3E7C70E1C00000773
S3150002A580FFFFFFFFFFFCFE1FFF87FFE1FFF87FFED5
S3150002A5901FFF87FFE1FDF03E7C0F9F03E38070E023
S3150002A5A01C00F83E003E0F800F83E003E0F800F83F
S3150002A5B07C007C1F001F07C1FFFFFF7FFFFFDFFF3D
S3150002A5C0FFF7FFFFFDFFFFFF03E0F800F83E003E46
S3150002A5D01F001F07C007C1F001F07C007C1F03FFAC
S3150002A5E0FFFCFFFFFF3FFFFFCFFFFFF3FFFFFC0F65
S3150002A5F087C007C1F001F07C007C1F001F07C0075F
S3150002A600C3E003E0F800F83E003E0F800000380089
S3150002A610001C00007FE000FFFC00FFFF80FFFFE060
S3150002A620FFFFF87F73FE7F38FF3F1C3FDF8E0FEF81
S3150002A630C707F7E38003F9C001FEE0007FF0003FA1
S3150002A640FC000FFFC003FFFC007FFF800FFFE0014D
S3150002A650FFF800E7FC0071FF00387FFF1C1FFF8E2A
S3150002A6600FFFC707FFE387FBF9C3F9FEE7FC7FFF8E
S3150002A670FC3FFFFC0FFFFC01FFF8003FE0000380F8
S3150002A6800001C00000E00000700003E0003C001F73
S3150002A690F00078007FF801E001FFF003C007FFF049
S3150002A6A00F000F83E01E003E03E078007803C0F03F
S3150002A6B000F00783C001E00F078003E03E1E00039F
S3150002A6C0E0F83C0007FFF0F00007FFC1E00007FFDB
S3150002A6D007800007FC1F000003E03C00000000F0BA
S3150002A6E01F000001E0FF80000787FFC0000F0FFF79
S3150002A6F080003C3FFF800078FC1F0001E1F01F0054
S3150002A70003C3C01E000F07803C001E0F00780078AE
S3150002A7101F01F000F01F07C003C03FFF8007803F04
S3150002A720FE001E007FF8007C003FE000F0001F00E4
S3150002A730003F000003FE00001FFC0000FFF80007B8
S3150002A740FFF0003FCFC000FE1F0003F87C000FE1C0
S3150002A750F0003FC7C0007F3E0001FFF80003FFC0C4
S3150002A7600007FE00000FF000007F800007FF03E0F5
S3150002A7703FFE0F83FFF83E1FF3F1F87F07E7E3FC86
S3150002A7801FFF0FE03FFC3F807FF0FE01FF83F803CF
S3150002A790FE0FF00FF03FE07FE07FC3FFC1FFFFFF38
S3150002A7A003FFFFFE07FFFBFC0FFFC7F81FFE0FE0CC
S3150002A7B00FE00000FFFFFFFFFFFFBE7CF8E1C000D5
S3150002A7C0F00F80F807C07C07E03E03F01F80F80F09
S3150002A7D0C07E07E03F01F80FC0FC07E03F01F80F1B
S3150002A7E0C07E03F01F80FC07E03F00F807E03F0150
S3150002A7F0F807C03F01F807C03F00F807E01F00F85E
S3150002A80003E01F007C01E07803E00F807C01F00F7B
S3150002A810803E01F00FC03E01F80FC03F01F80FC0A5
S3150002A8207E01F80FC07E03F01F80FC07E03F01F8AF
S3150002A8300FC07E03E03F01F80FC07C07E03F01F046
S3150002A8401F80F80FC07C07E03E03F01F01F00003F3
S3150002A8508007000E001C0638DFFFFFFF9FFE07C0C1
S3150002A8601FC03F80F783C7878F020800007C000065
S3150002A870F80001F00003E00007C0000F80001F008F
S3150002A880003E00FFFFFFFFFFFFFFFFFFFFFFFFFF8F
S3150002A890FFFFFFFFC01F00003E00007C0000F80023
S3150002A8A001F00003E00007C0000F8000FFFFFFFF7A
S3150002A8B0FFFF870E1C78EFDF3800FFFFFFFFFFFF69
S3150002A8C0FFFFFFFCFFFFFFFFFFFF80003803C01CF6
S3150002A8D000E007007003801C01E00E007003803860
S3150002A8E001C00E00F007003803C01C00E00700702C
S3150002A8F003801C01E00E007003803801C00E00F0D8
S3150002A90007000000FF0003FFC00FFFF01FFFF81F44
S3150002A910FFF83FFFFC3FC3FC7F81FE7F00FE7F0006
S3150002A920FE7F00FEFE007FFE007FFE007FFE007FB0
S3150002A930FE007FFE007FFE007FFE007FFE007FFEA0
S3150002A940007FFE007FFE007FFE007F7F00FE7F000D
S3150002A950FE7F00FE7F81FE3FC3FC3FFFFC1FFFF828
S3150002A9601FFFF80FFFF003FFC000FF00003C01F0DD
S3150002A97007C03F01FC3FFFFFFFFFFFFFFFF01FC0C5
S3150002A9807F01FC07F01FC07F01FC07F01FC07F019B
S3150002A990FC07F01FC07F01FC07F01FC07F01FC0708
S3150002A9A0F01FC07F01FC01FE000FFF803FFF80FF0A
S3150002A9B0FF83FFFF8FFFFF9FE0FF7F80FFFE01FF08
S3150002A9C0FC01FFF803FFF007F0000FE0001FC000D4
S3150002A9D07F8000FE0003FC000FF0007FC001FF0035
S3150002A9E007F8003FE000FF0003FC000FF0003FC045
S3150002A9F0007F0001FC0003FFFFE7FFFFDFFFFFBF51
S3150002AA00FFFF7FFFFEFFFFFC01FE000FFF807FFFBF
S3150002AA1081FFFF87FFFF8FFFFF1FE1FF7F81FEFEA2
S3150002AA2001FDFC03FBF807F0000FE0001F80007F2A
S3150002AA300001FC001FF0003FC0007FC000FFE000E5
S3150002AA403FE0001FC0003FC0003F80007F0000FFC4
S3150002AA50FC01FFF807FFF80FF7F83FCFFFFF9FFF54
S3150002AA60FE1FFFF81FFFE00FFF8007F800001FE040
S3150002AA70007F8003FE000FF8007FE003FF800FFED9
S3150002AA80007BF801EFE00F3F8078FE01E3F80F0F3D
S3150002AA90E0383F81E0FE0703F83C0FE1E03F870024
S3150002AAA0FE3C03F8FFFFFFFFFFFFFFFFFFFFFFFF75
S3150002AAB0FFFFFFFFF000FE0003F8000FE0003F80FB
S3150002AAC000FE0003F8000FE01FFFFC3FFFF87FFFC8
S3150002AAD0F0FFFFE3FFFFC7FFFF8F80001F00003E6E
S3150002AAE00000780001F1F803EFFE07FFFE0FFFFEFC
S3150002AAF01FFFFE7FFFFCFE07FC0007F80007F800B9
S3150002AB0007F0000FE0001FC0003F80007F0000FF3B
S3150002AB10F803FFF80FF7F83FEFFFFF8FFFFF0FFF76
S3150002AB20FC0FFFE00FFF8003F80000FF0007FF8025
S3150002AB301FFFC07FFF81FFFF87FFFF8FF0FF3FC030
S3150002AB40FE7F0000FE0001FC0007F0000FE3F01F8D
S3150002AB50DFF83FFFFC7FFFFCFFFFF9FF87FBFC07E7
S3150002AB60F7F80FFFE00FFFC01FFF803FFF007F7E59
S3150002AB7000FEFC01FDFC07FBF80FE3FC7FC7FFFFAD
S3150002AB8007FFFE0FFFF80FFFE007FF8003F800FF45
S3150002AB90FFFFFFFFFFFFFFFFFFFFFFFFFFFFFFFFBD
S3150002ABA0C0003F0000FC0003F80007E0001F800021
S3150002ABB07F0000FC0003F80007E0001F80007F0012
S3150002ABC000FE0001F80007F0000FC0003F80007F82
S3150002ABD00000FC0001F80007F0000FE0001FC000B3
S3150002ABE03F0000FE0001FC0003F80007F00000FE33
S3150002ABF00003FFC00FFFE01FFFF03FFFF83FFFF823
S3150002AC007F83FC7F00FC7E00FC7E007C7E007C7ED7
S3150002AC1000FC3F00F83F83F80FFFF007FFC00FFF6D
S3150002AC20F01FFFF83FC3FC7F00FE7F00FEFE007FA1
S3150002AC30FE007FFE007FFE007FFE007FFF00FFFF1B
S3150002AC4000FE7F83FE7FFFFE3FFFFC1FFFF80FFF24
S3150002AC50F007FFC000FF0000FF0003FFC00FFFE088
S3150002AC601FFFF03FFFF83FFFFC7FC3FC7F01FEFFA3
S3150002AC7000FEFE007EFE007EFE007FFE007FFE00DE
S3150002AC807FFE007FFF00FF7F01FF7FC3FF7FFFFF85
S3150002AC903FFFFF1FFFFF0FFF7F07FE7F01FC7E00C6
S3150002ACA0007E0000FE0000FE7F01FC7F83FC7FFF2A
S3150002ACB0F83FFFF83FFFF01FFFE007FF8001FE00AD
S3150002ACC0FFFFFFFFFFFF80000000000000000003FF
S3150002ACD0FFFFFFFFFFFEFFFFFFFFFFFF80000000F9
S3150002ACE0000000000003FFFFFFFFFFFE1C3871E7B4
S3150002ACF0BF7CE000000200003C0001F8001FF001EA
S3150002AD00FFE00FFFC0FFFC0FFFC07FFC01FFC00387
S3150002AD10FC0007C0000FE0001FF8003FFE000FFF17
S3150002AD208007FFE001FFF8007FF8003FF0000FE028
S3150002AD300003C0000080FFFFFFFFFFFFFFFFFFFFD2
S3150002AD40FFFFFFFFFFFFFFC0000000000000000042
S3150002AD5000000000000000000FFFFFFFFFFFFFFFE3
S3150002AD60FFFFFFFFFFFFFFFFFFFC800001C00003A4
S3150002AD70F00007FC000FFE001FFF8007FFE001FF47
S3150002AD80F0007FFC001FFC0007F80003F0001FE044
S3150002AD9001FFC00FFF80FFF80FFF80FFFC03FFC01B
S3150002ADA007FC000FE0001E00002000000001FE006C
S3150002ADB007FFC01FFFF03FFFF83FFFFC7FFFFC7F4E
S3150002ADC083FE7F01FEFF00FFFE007FFE007FFE0086
S3150002ADD07F00007F0000FF0001FE0003FE0007FC6B
S3150002ADE0000FF8003FF0003FE0007F80007F000088
S3150002ADF0FE0000FC0000FC00000000000000000055
S3150002AE000000FE0000FE0000FE0000FE0000FE0044
S3150002AE1000FE0000FE0000001FF00000003FFFE001
S3150002AE2000001FFFFF00000FFFFFF80003FE01FFF7
S3150002AE308001FE0007F8007F80003F801FC00003EC
S3150002AE40F807F000001F00FC000001F03F000000C0
S3150002AE503E0FC007E3C3E1F003FEF83C7E01FFFFAD
S3150002AE60078F807E1FC07BF01F81F80F7C03E01FD7
S3150002AE7001EF80F803C03FF01E007807FC07C00F01
S3150002AE8000FF80F001E01FF01E003807FE07C00F2A
S3150002AE9000FFC0F801E01EF81F003807DF03E00FCD
S3150002AEA000F3F07C03E03E3E0FC0FC0F87C0FC3F80
S3150002AEB0C7F0FC1FFFFFFC0FC1FFEFFF01FC1FF8ED
S3150002AEC0FF801FC0FC07C001FC000000001FC0007D
S3150002AED0000001FE000000001FF800600001FFFFF5
S3150002AEE0FE00000FFFFFC000007FFFF0000000FF22
S3150002AEF0E00000000FF800000FF800000FF8000055
S3150002AF001FFC00001FFC00001FFC00003FFE0000AB
S3150002AF103FFE00003F7E00007F7F00007F7F000033
S3150002AF207E3F0000FE3F8000FE3F8001FC1F800145
S3150002AF30FC1FC001F81FC003F80FE003F80FE0037F
S3150002AF40F00FE007F007F007FFFFF007FFFFF00F33
S3150002AF50FFFFF80FFFFFF81FFFFFF81FFFFFFC1FA1
S3150002AF60C001FC3F8001FC3F8000FE3F8000FE7F67
S3150002AF700000FE7F00007F7F00007FFFFFE01FFFD3
S3150002AF80FF83FFFFF87FFFFF8FFFFFF9FFFFFF3F02
S3150002AF90801FF7F001FEFE001FDFC003FBF8007FF3
S3150002AFA07F001FCFE007F9FFFFFE3FFFFF87FFFF8E
S3150002AFB0C0FFFFFE1FFFFFE3FFFFFE7F001FEFE064
S3150002AFC001FDFC001FFF8003FFF0007FFE000FFF64
S3150002AFD0C001FFF8007FFF001FEFFFFFFDFFFFFF2D
S3150002AFE03FFFFFE7FFFFF8FFFFFC1FFFFC00001F0C
S3150002AFF0F00003FFF8001FFFF801FFFFF00FFFFF4D
S3150002B000E03FFFFFC1FF81FF0FF801FE3FC007F9D6
S3150002B010FE000FE7F8001FDFC0007F7F000003F885
S3150002B02000000FE000003F800000FE000003F80071
S3150002B030000FE000003F800000FE000003F8000061
S3150002B0400FE000001FC000007F0001FDFC0007F7B3
S3150002B050F8003FCFF000FE3FE007F87FE07FC0FF39
S3150002B060FFFF03FFFFF807FFFFC007FFFE000FFF0A
S3150002B070E00007FC00FFFFC00FFFFF80FFFFFC0F91
S3150002B080FFFFE0FFFFFF0FFFFFF8FE00FFCFE00329
S3150002B090FCFE001FEFE001FEFE000FEFE000FEFEE9
S3150002B0A00007FFE0007FFE0007FFE0007FFE0007CB
S3150002B0B0FFE0007FFE0007FFE0007FFE0007FFE0E3
S3150002B0C0007FFE000FEFE000FEFE001FEFE001FE34
S3150002B0D0FE003FCFE00FFCFFFFFF8FFFFFF0FFFFF9
S3150002B0E0FE0FFFFFC0FFFFF80FFFFC00FFFFFF7F11
S3150002B0F0FFFFBFFFFFDFFFFFEFFFFFF7FFFFFBF8DB
S3150002B1000001FC0000FE00007F00003F80001FC01F
S3150002B110000FE00007FFFFF3FFFFF9FFFFFCFFFF51
S3150002B120FE7FFFFF3FFFFF9FC0000FE00007F0001A
S3150002B13003F80001FC0000FE00007F00003F8000D3
S3150002B1401FC0000FFFFFFFFFFFFFFFFFFFFFFFFF15
S3150002B150FFFFFFFFFFFFC0FFFFFFFFFFFFFFFFFF36
S3150002B160FFFFFFFFFFFFFFFFFFFE0000FE0000FEE6
S3150002B1700000FE0000FE0000FE0000FE0000FFFFD1
S3150002B180FCFFFFFCFFFFFCFFFFFCFFFFFCFFFFFCD9
S3150002B190FE0000FE0000FE0000FE0000FE0000FEB3
S3150002B1A00000FE0000FE0000FE0000FE0000FE00A1
S3150002B1B000FE0000FE0000FE0000FE0000000FF888
S3150002B1C00000FFFE0007FFFF001FFFFF007FFFFFDB
S3150002B1D001FFFFFF07FE03FF0FF001FE3FC001FC68
S3150002B1E07F0001FDFE0003FBF8000007F000001FD0
S3150002B1F0C000003F8000007F000000FE003FFFFC11
S3150002B200007FFFF800FFFFF001FFFFE003FFFFC032
S3150002B21007FFFFC0001FBF80003F7F00007EFF00C8
S3150002B22001FCFF0003F9FF000FF1FF003FE3FF837C
S3150002B230FFC3FFFFFF83FFFFDF03FFFF9E03FFFE48
S3150002B2403C01FFF078007F8000FE000FFFC001FF87
S3150002B250F8003FFF0007FFE000FFFC001FFF80032E
S3150002B260FFF0007FFE000FFFC001FFF8003FFF0066
S3150002B27007FFE000FFFFFFFFFFFFFFFFFFFFFFFFEC
S3150002B280FFFFFFFFFFFFFFFFFFFF0007FFE000FFDB
S3150002B290FC001FFF8003FFF0007FFE000FFFC001CE
S3150002B2A0FFF8003FFF0007FFE000FFFC001FFF80E2
S3150002B2B003FFF0007FFE000FFFC001FCFFFFFFFF50
S3150002B2C0FFFFFFFFFFFFFFFFFFFFFFFFFFFFFFFF86
S3150002B2D0FFFFFFFFFFFFFFFFFFFC0001FC0007F07F
S3150002B2E0001FC0007F0001FC0007F0001FC0007FA6
S3150002B2F00001FC0007F0001FC0007F0001FC0007F0
S3150002B300F0001FC0007F0001FC0007F0001FC00014
S3150002B3107F0001FC0007FFE01FFF807FFE01FFF8B0
S3150002B32007FFE01FFFC0FFFF87FDFFFFE7FFFF8F5D
S3150002B330FFFC1FFFE03FFF001FE000FE000FF3F8D7
S3150002B340007F8FE003FC3F801FE0FE00FF83F807CB
S3150002B350FC0FE01FE03F80FF00FE07F803F83FC046
S3150002B3600FE1FE003F8FF000FE7F8003FBFC000F23
S3150002B370FFE0003FFFC000FFFF0003FFFE000FFFDC
S3150002B380FC003FF7F800FF8FF003FC3FC00FE07FA1
S3150002B390803F80FF00FE01FE03F807FC0FE00FF07E
S3150002B3A03F801FE0FE003FC3F800FF8FE001FE3F33
S3150002B3B08003FCFE0007FBF8001FF0FE0001FC0004
S3150002B3C003F80007F0000FE0001FC0003F80007F77
S3150002B3D00000FE0001FC0003F80007F0000FE00089
S3150002B3E01FC0003F80007F0000FE0001FC0003F842
S3150002B3F00007F0000FE0001FC0003F80007F000042
S3150002B400FE0001FC0003F80007F0000FFFFFFFFF3C
S3150002B410FFFFFFFFFFFFFFFFFFFFFFFFFCFFE00352
S3150002B420FFFFF001FFFFF800FFFFFC007FFFFE00B9
S3150002B4307FFFFF803FFFFFC01FFFFFE00FFFFFF010
S3150002B44007FFFFFC07FFFFBE03EFFFDF01F7FFEF7A
S3150002B45080FBFFF7C0FDFFFBF07CFFFCF83E7FFEA2
S3150002B4607C1F3FFF3E0F9FFF9F8F8FFFC7C7C7FF00
S3150002B470E3E3E3FFF1F1F1FFF8FCF8FFFC3EF87FAE
S3150002B480FE1F7C3FFF0FBE1FFF87DF0FFFC3FF07B5
S3150002B490FFE0FF83FFF07FC1FFF83FE0FFFC1FF0F4
S3150002B4A07FFE07F03FFF03F81FC0FE0007FFF00014
S3150002B4B07FFF8007FFF8007FFFC007FFFC007FFFCA
S3150002B4C0E007FFFF007FFFF007FFFF807FFFF8071F
S3150002B4D0FFEFC07FFEFE07FFE7E07FFE7F07FFE389
S3150002B4E0F07FFE1F87FFE1FC7FFE0FC7FFE0FE7FB6
S3150002B4F0FE07E7FFE03F7FFE03FFFFE01FFFFE01BF
S3150002B500FFFFE00FFFFE007FFFE007FFFE003FFFA9
S3150002B510E003FFFE001FFFE000FFFE000FFFE0005A
S3150002B5207F000FF800003FFF80007FFFE0007FFFF3
S3150002B530FC007FFFFF007FFFFFC07FE03FF03FC0C0
S3150002B5400FF83FC001FE1FC0007F1FE0003FCFE0A3
S3150002B550000FE7F00007F7F80003FFF80000FFFC12
S3150002B56000007FFE00003FFF00001FFF80000FFF6C
S3150002B570C00007FFE00003FFF00001FFFC0001FE30
S3150002B580FE0000FE7F00007F3FC0007F8FE0003F8D
S3150002B59087F8003FC1FE003FC0FFC07FE03FFFFFCC
S3150002B5A0E00FFFFFE003FFFFE000FFFFE0001FFFE9
S3150002B5B0C00001FF0000FFFFE03FFFFF0FFFFFE3B8
S3150002B5C0FFFFFCFFFFFFBFFFFFEFE00FFBF800FFEF
S3150002B5D0FE001FFF8007FFE001FFF8007FFE001F4D
S3150002B5E0FF8007FFE003FFF803FEFFFFFFBFFFFF39
S3150002B5F0CFFFFFF3FFFFF8FFFFF83FFFF80FE00072
S3150002B60003F80000FE00003F80000FE00003F80090
S3150002B61000FE00003F80000FE00003F80000FE007D
S3150002B620003F800000000FF800003FFF80007FFF10
S3150002B630E0007FFFFC007FFFFF007FFFFFC07FE08F
S3150002B6403FF03FC007F83FC001FE1FC0007F1FE06A
S3150002B650003FCFE0000FE7F00007F7F80003FFF81E
S3150002B6600000FFFC00007FFE00003FFF00001FFFFE
S3150002B67080000FFFC00007FFE00003FFF00001FF9C
S3150002B680FC0021FEFE0038FE7F003E7F3FC03FFFEA
S3150002B6908FE00FFF87F803FFC1FE00FFC0FFC07FE8
S3150002B6A0E03FFFFFF00FFFFFFC03FFFFFF00FFFF7E
S3150002B6B0FFC01FFFCFC001FF03C0000000C0FFFF95
S3150002B6C0F80FFFFFE0FFFFFF8FFFFFF8FFFFFFCF3F
S3150002B6D0FFFFFCFE003FEFE001FEFE000FEFE00081
S3150002B6E0FEFE000FEFE000FEFE000FEFE001FCFEA3
S3150002B6F0003FCFFFFFF8FFFFFF0FFFFFC0FFFFFE78
S3150002B7000FFFFFF0FFFFFF8FE007F8FE001FCFE0FD
S3150002B71001FCFE001FCFE001FCFE001FCFE001FC92
S3150002B720FE001FCFE001FCFE001FCFE001FCFE0081
S3150002B7301FEFE000FF00FFC0003FFF800FFFFE018A
S3150002B740FFFFF03FFFFF87FFFFFC7FC0FFCFF00345
S3150002B750FEFE001FEFE000FEFE000FEFE00000FF1E
S3150002B76000000FFC00007FFC0007FFFE003FFFFC0D
S3150002B77001FFFFF007FFFFC00FFFFE0007FFE0001B
S3150002B78003FF00000FF00000FF000007FFE0007F4C
S3150002B790FE0007FFE000FFFF000FE7FC03FE7FFF4E
S3150002B7A0FFE3FFFFFC1FFFFF80FFFFF003FFFC002C
S3150002B7B007FE00FFFFFFFFFFFFFFFFFFFFFFFFFF89
S3150002B7C0FFFFFFFFFFFFFFC00FE00001FC00003F8D
S3150002B7D0800007F00000FE00001FC00003F8000012
S3150002B7E07F00000FE00001FC00003F800007F00030
S3150002B7F000FE00001FC00003F800007F00000FE0FB
S3150002B8000001FC00003F800007F00000FE00001F60
S3150002B810C00003F800007F00000FE00001FC0000FA
S3150002B8203F800007F000FE000FFFC001FFF8003F57
S3150002B830FF0007FFE000FFFC001FFF8003FFF00090
S3150002B8407FFE000FFFC001FFF8003FFF0007FFE089
S3150002B85000FFFC001FFF8003FFF0007FFE000FFFCA
S3150002B860C001FFF8003FFF0007FFE000FFFC001FDA
S3150002B870FF8003FFF0007FFE000FFFC001FFFC0008
S3150002B8807FBFC01FE7FC07FC7FFFFF0FFFFFE0FF44
S3150002B890FFF80FFFFE007FFF0001FF0000FE00031E
S3150002B8A0FFF0001FDFC001FCFE000FE7F0007F1F64
S3150002B8B0C003F0FE003F87F001FC1FC00FC0FE0070
S3150002B8C0FE03F007F01F803F00FE03F803F01FC0DF
S3150002B8D01F80FC00FE07E003F07F001F83F000FEDE
S3150002B8E01F8003F1F8001F8FC000FC7E0003F3E007
S3150002B8F0001FBF0000FDF80003FF80001FFC0000D0
S3150002B900FFE00003FE00001FF00000FF800003F8C6
S3150002B91000001FC00000FE0000FF003F801FFFE086
S3150002B92007F003FDFC01FE007F3F803FE00FE7F0DA
S3150002B93007FC01FC7F00FF807F8FE01FF00FE1FC18
S3150002B94007FF01FC3F80FBE03F83F01F7C07E07F9F
S3150002B95003EF81FC0FE07DF03F80FC1F9F07F01F85
S3150002B96083E3E0FC03F07C7C1F807F0F8F87F00768
S3150002B970E1F0F8FC00FC7E1F1F801F8F83E3F001BD
S3150002B980F9F07C7E003F3E0F9F8007E7C0FBF00088
S3150002B990FDF01F7E000FBE03EFC001FFC07DF00069
S3150002B9A03FF80FFE0003FF00FFC0007FC01FF0003C
S3150002B9B00FF803FE0001FF007FC0001FE007F8003A
S3150002B9C003FC00FE00007F001FC00007E003F80032
S3150002B9D07F8007F9FF003FC3FC00FF07F807F81F47
S3150002B9E0E01FC03FC0FF00FF07F801FE1FE003F89B
S3150002B9F0FF000FF3F8001FDFE0003FFF0000FFF833
S3150002BA000001FFE00007FF00000FF800001FE00042
S3150002BA1000FF800003FF00001FFC00007FF8000308
S3150002BA20FFF0001FFFC0007F7F8003F8FF001FE1C9
S3150002BA30FC007F07F803FC0FF01FE03FC07F807F0A
S3150002BA4083FC01FE0FF003FC7F800FFBFE001FE06C
S3150002BA50FF0007FFF8007F9FE003FCFF003FC3FCE7
S3150002BA6001FE0FE00FE07F00FF01FC07F00FE07F11
S3150002BA70803F83F801FC3FC007F1FC003F8FE000E6
S3150002BA80FEFE0007F7F0001FFF0000FFF80003FFAD
S3150002BA9080001FF800007FC00001FC00000FE000DC
S3150002BAA0007F000003F800001FC00000FE00000730
S3150002BAB0F000003F800001FC00000FE000007F0064
S3150002BAC00003F800001FC00000FE0000FFFFFFFF9A
S3150002BAD0FFFFFFFFFFFFFFFFFFFFFFFFFFFFFFF07D
S3150002BAE00003FC0001FE0000FF00007F80003FE033
S3150002BAF0000FF00007F80003FC0001FE0000FF80C3
S3150002BB00003FC0001FE0000FF00007F80003FE0030
S3150002BB1000FF00007F80003FC0001FE0000FF8001A
S3150002BB2003FC0001FE0000FFFFFFFFFFFFFFFFFF18
S3150002BB30FFFFFFFFFFFFFFFFFFFFF0FFFFFFFFFF1C
S3150002BB40FFFFFC3F87F0FE1FC3F87F0FE1FC3F8734
S3150002BB50F0FE1FC3F87F0FE1FC3F87F0FE1FC3F81C
S3150002BB607F0FE1FC3F87F0FE1FC3F87F0FE1FC3F2A
S3150002BB70FFFFFFFFFFFF80E003C007001C00780005
S3150002BB80E003800F001C007001E003800E00380005
S3150002BB907001C007000E003800E001C007001C005B
S3150002BBA07800E003800F001C007001E003800E00A5
S3150002BBB03C0070FFFFFFFFFFFFFE1FC3F87F0FE190
S3150002BBC0FC3F87F0FE1FC3F87F0FE1FC3F87F0FEC4
S3150002BBD01FC3F87F0FE1FC3F87F0FE1FC3F87F0FFC
S3150002BBE0E1FC3F87F0FE1FFFFFFFFFFFFFFF800024
S3150002BBF0FC0007F0001FC000FF8003FE000FFC00E0
S3150002BC007DF001F7C00FDF803E3E00F8FC07E1F051
S3150002BC101F07C0FC1F83E03E0F80FC7E01F1F00788
S3150002BC20C7C01FBE003EFFFFFFFFFFFFFFFFFFFF74
S3150002BC30FFFFFFFFFC3E0F83C0F0381E01FF000F1F
S3150002BC40FFC01FFFF03FFFF87FFFF87FFFFC7F0377
S3150002BC50FC7E01FC0001FC0003FC000FFC03FFFC60
S3150002BC601FFFFC3FFFFC7FC1FCFF01FCFE01FCFE47
S3150002BC7003FCFE03FCFF07FCFFFFFC7FFFFC7FFFCC
S3150002BC80FC3FFDFE1FF0FF07E000FE00007F000004
S3150002BC903F80001FC0000FE00007F00003F800011C
S3150002BCA0FC0000FE00007F0FC03F9FF81FDFFF0F62
S3150002BCB0FFFFC7FFFFE3FFFFF9FF83FEFF80FF7F62
S3150002BCC0803FBFC01FFFC007FFE003FFF001FFF880
S3150002BCD000FFFC007FFE003FFF803FFFC01FDFF03A
S3150002BCE01FEFFC1FF7FFFFF3FFFFF1FFFFF8FEFF59
S3150002BCF0F87F3FF00007E00000FF0007FFC03FFFAC
S3150002BD00C0FFFFC3FFFFC7FFFF9FF07FBFC07F7F5C
S3150002BD10007FFC0003F80007F0000FE0001FC000E0
S3150002BD203F80007F0000FE0000FE00FDFE03FBFEDA
S3150002BD300FF3FFFFC7FFFF87FFFE07FFF803FFE0D2
S3150002BD4001FE0000003F80001FC0000FE00007F068
S3150002BD500003F80001FC0000FE00007F00003F80A7
S3150002BD607E1FC0FFCFE1FFF7F1FFFFF8FFFFFCFFE9
S3150002BD70FFFEFF83FF7F80FFBF803FFFC01FFFC024
S3150002BD8007FFE003FFF001FFF800FFFC007FFE0063
S3150002BD903FFF803FDFC01FEFF01FF7FC1FF9FFFFD9
S3150002BDA0FCFFFFFE3FFFFF0FFFBF81FF9FC03F006B
S3150002BDB00000FE0003FF800FFFE01FFFF03FFFF8C9
S3150002BDC03FC3F87F80FC7F00FC7F007CFE007EFE86
S3150002BDD0007EFFFFFEFFFFFEFFFFFEFFFFFEFE00EF
S3150002BDE000FE0000FE00007F007F7F00FE3FC1FED6
S3150002BDF03FFFFC1FFFF80FFFF003FFC000FF00012B
S3150002BE00FC1FF0FFC3FF1FFC7F81FC07F01FC07FF2
S3150002BE100FFFBFFEFFFBFFE1FC07F01FC07F01FC27
S3150002BE2007F01FC07F01FC07F01FC07F01FC07F06F
S3150002BE301FC07F01FC07F01FC07F0000F87F07FECE
S3150002BE407F0FFF7F1FFF7F3FFFFF3FFFFF7FC3FF86
S3150002BE507F81FF7F00FFFF00FFFE007FFE007FFE67
S3150002BE60007FFE007FFE007FFE007FFE00FFFF00D8
S3150002BE70FF7F81FF7FC3FF3FFFFF3FFFFF1FFFFFE4
S3150002BE800FFF7F07FE7F01F87F00007F00007F0023
S3150002BE90007F7F00FF7F01FE7FC3FE3FFFFC1FFF87
S3150002BEA0F80FFFE001FF00FE0001FC0003F80007A7
S3150002BEB0F0000FE0001FC0003F80007F0000FE0080
S3150002BEC001FC3F83F8FFC7F7FFCFEFFFDFFFFFBF9E
S3150002BED0FFFFFFE1FFFF01FFFE01FFF803FFF0078F
S3150002BEE0FFE00FFFC01FFF803FFF007FFE00FFFC49
S3150002BEF001FFF803FFF007FFE00FFFC01FFF803FBF
S3150002BF00FF007FFE00FFFC01FCFFFFFFFFFFC000FA
S3150002BF1001FFFFFFFFFFFFFFFFFFFFFFFFFFFFFF27
S3150002BF20FFFFFFFFFFFFFC1FC7F1FC7F1FC7F000EB
S3150002BF30000007F1FC7F1FC7F1FC7F1FC7F1FC7FE2
S3150002BF401FC7F1FC7F1FC7F1FC7F1FC7F1FC7F1FD4
S3150002BF50C7F1FC7F1FC7F1FFFFFFFFFFFBFEFE00DD
S3150002BF60FE0001FC0003F80007F0000FE0001FC00E
S3150002BF70003F80007F0000FE0001FC03FBF80FE794
S3150002BF80F03FCFE0FF1FC3FC3F87F07F1FC0FE7F5D
S3150002BF9001FDFC03FFF007FFF00FFFE01FFFE03F8C
S3150002BFA0FFE07FDFC0FF3FC1FC3F83F83F87F07FA2
S3150002BFB08FE07F1FC0FF3F80FE7F01FEFE01FDFC7A
S3150002BFC003FCFFFFFFFFFFFFFFFFFFFFFFFFFFFF78
S3150002BFD0FFFFFFFFFFFFFFFFFFFFFFFFFFFFFFFC6C
S3150002BFE0FE1F807E0FE7FE1FF8FEFFF3FFCFFFFF67
S3150002BFF0FFFEFFFFFFFFEFFFFFFFFFFF83FF0FFFC6
S3150002C000F01FE07FFE01FC07FFE01FC07FFE01FC80
S3150002C01007FFE01FC07FFE01FC07FFE01FC07FFE97
S3150002C02001FC07FFE01FC07FFE01FC07FFE01FC007
S3150002C0307FFE01FC07FFE01FC07FFE01FC07FFE059
S3150002C0401FC07FFE01FC07FFE01FC07FFE01FC0749
S3150002C050F0FE1FC1FCFFE3FBFFE7FFFFEFFFFFDF81
S3150002C060FFFFFFF0FFFF80FFFE00FFFC01FFF8036A
S3150002C070FFF007FFE00FFFC01FFF803FFF007FFEBC
S3150002C08000FFFC01FFF803FFF007FFE00FFFC01FF0
S3150002C090FF803FFF007FFE00FE007F8001FFF00170
S3150002C0A0FFFE01FFFF81FFFFE1FFFFF1FF07FCFF3C
S3150002C0B001FE7F007F7F803FFF800FFFC007FFE00A
S3150002C0C003FFF001FFF800FFFC007FFF007FBF8047
S3150002C0D03F9FE03FCFF83FE3FFFFE0FFFFF03FFF68
S3150002C0E0F00FFFF003FFE0003FC000FE1F807F3F1E
S3150002C0F0F03FBFFE1FDFFF8FFFFFC7FFFFF3FF0704
S3150002C100FDFF01FEFF007F7F803FFF800FFFC0071C
S3150002C110FFE003FFF001FFF800FFFC007FFF007F56
S3150002C120FF803FBFE03FDFF83FCFFFFFE7FFFFE3C0
S3150002C130FBFFE1FDFFF0FE7FE07F0FC03F80001FA7
S3150002C140C0000FE00007F00003F80001FC0000FE4B
S3150002C15000007F00003F80001FC0000000FC3F81FE
S3150002C160FF9FC3FFEFE1FFF7F1FFFFF9FFFFFDFFBF
S3150002C17007FEFF01FF7F007FFF803FFF800FFFC0AA
S3150002C18007FFE003FFF001FFF800FFFC007FFF005E
S3150002C1907FBF803FDFE03FEFF83FF3FFFFF8FFFF8F
S3150002C1A0FC7FFEFE1FFF7F03FF3F807E1FC0000F46
S3150002C1B0E00007F00003F80001FC0000FE00007F2B
S3150002C1C000003F80001FC0000FE00007F0FE1FFCCA
S3150002C1D07FFBFFF7FFFFFFFFFFF07F80FF01FC03FE
S3150002C1E0F807F00FE01FC03F807F00FE01FC03F856
S3150002C1F007F00FE01FC03F807F00FE0000FF000730
S3150002C200FFE00FFFF81FFFFC3FFFFC7F81FE7F0070
S3150002C210FE7F00FE7FC0007FFC007FFF803FFFF0B5
S3150002C2201FFFFC07FFFE007FFE000FFF0001FF005D
S3150002C230007FFE007F7F007F7F81FE7FFFFE3FFF44
S3150002C240FC1FFFF80FFFF001FF803F83F83F83F8E2
S3150002C2503F83F83F8FFFFFFFFFFFF3F83F83F83F6F
S3150002C26083F83F83F83F83F83F83F83F83F83F83A1
S3150002C270F83F83FF3FF1FF0FF07FFE00FFFC01FF57
S3150002C280F803FFF007FFE00FFFC01FFF803FFF002C
S3150002C2907FFE00FFFC01FFF803FFF007FFE00FFF40
S3150002C2A0C01FFF803FFF007FFE00FFFC03FFFC076D
S3150002C2B0FFFC3FFFFFFFEFFFFFDFFFBF9FFF7F1F79
S3150002C2C0FCFE0FE0007F003FBF801F9FC01FC7E03C
S3150002C2D00FE3F807E1FC07F07E03F83F81F81FC081
S3150002C2E0FC07E0FE03F87E00FC3F007E1F803F1F36
S3150002C2F0800FCFC007E7E003F7E000FFF0007FF80A
S3150002C300003FF8000FFC0007FE0003FE0000FF00DE
S3150002C310007F0000FC03F80FFFC07F01FFF80FE06B
S3150002C3203F3F03FE07E7E07FC1FCFE0FF83F9FC1D8
S3150002C330FF07E1F83DE0FC3F0FBE3F87F1F7C7E09C
S3150002C3407E3EF8FC0FC7DF1F81F9F1E3F03F3E3E68
S3150002C350FC03F7C7DF807EF8FBF00FDE1F7C00FFD1
S3150002C360C1FF801FF83FF003FF07FE007FC0FF807A
S3150002C37007F81FF000FF01FE001FE03F8001FC07E7
S3150002C380F000FF00FF7F81FE3F81FC3FC3FC1FC31D
S3150002C390F80FE7F00FEFF007FFE003FFC003FFC05F
S3150002C3A001FF8000FF0000FF0001FF0001FF800384
S3150002C3B0FFC007FFC007FFE00FE7F01FE7F01FC34C
S3150002C3C0F83FC3FC7F81FC7F01FEFF00FF7F003F39
S3150002C3D0BF801FDFC00FC7F007E3F807F1FC03F0C9
S3150002C3E07F01F83F81FC0FC0FC07F07E03F83F0097
S3150002C3F0FC3F007E1F803F8FC00FCFC007E7E003E0
S3150002C400FBF000FDF0007FF8003FFC000FFC000788
S3150002C410FE0003FF0000FF00007F80001FC0000F28
S3150002C420C00007E00003F00003F00003F8001FF865
S3150002C430000FFC0007FC0003FC0001F800007FFF70
S3150002C440FBFFFFDFFFFEFFFFF7FFFFBFFFFC003F23
S3150002C450E003FE001FE001FE001FE001FE001FE0F8
S3150002C46001FE001FE001FE001FE001FE001FE001C9
S3150002C470FFFFFFFFFFFFFFFFFFFFFFFFFFFFFFF8CB
S3150002C48001F81FC1FE0FF0FF87E03E01F00F807C2E
S3150002C49003E01F00F807C03E01F00F807C03E03F77
S3150002C4A00FF07F03F81FE01F807C03E01F00F807F0
S3150002C4B0C03E01F00F807C03E01F00F807E03FE07A
S3150002C4C0FF07F81FC07EFFFFFFFFFFFFFFFFFFFF13
S3150002C4D0FFFFFFFFFFFFFFFFFFFFFFFFFC07F03F2E
S3150002C4E0C1FE0FF80FC03E01F00F807C03E01F0073
S3150002C4F0F807C03E01F00F807C03E01F807F81FCBD
S3150002C5000FE0FF0FC07C03E01F00F807C03E01F0FA
S3150002C5100F807C03E01F00F80FC3FE1FE0FF07F049
S3150002C5203F001F0003FE001FF80FFFF0FF0FFFF092
S3150002C5301FF8007F8000F800000000000A000100DA
S3150002C5400005190C04E810000D091102E71F00147A
S3150002C550181300E95B00131D1300E7A0001D191F45
S3150002C56001E8FB0016191902E8400105090902E76C
S3150002C570460109210C01E76C0109210C01E7920130
S3150002C5800C0B0E00E7A30110101402F1C301050BF8
S3150002C5900902FCCA0109040C01F6CF0105050902CC
S3150002C5A0FCD30109190A00E8F00111191301E82662
S3150002C5B0020A191303E8460211191301E87C021153
S3150002C5C0191301E8B20210191302E8E40211191351
S3150002C5D001E81A0312191301E8530311191301E8AA
S3150002C5E0890311191301E8BF0311191301E8F503B1
S3150002C5F005120902EF010405180902EF10041211CF
S3150002C6001401F03704110C1402F35104121114012F
S3150002C610F07804121A1502E7B304201F2201E72F4D
S3150002C62005181A1800E77D05141A1903E7BE05173F
S3150002C6301A1901E70906151A1903E74E06131A17FE
S3150002C64003E78C06111A1603E7C406181A1B01E73C
S3150002C6501207141A1A03E75307051A0B03E76407AE
S3150002C660101A1401E79807161A1903E7E007111AB8
S3150002C6701603E71808181A1E03E76608141A1A039F
S3150002C680E7A708191A1B01E7F908131A1803E7376F
S3150002C69009191B1B01E78C09151A1903E7D109149D
S3150002C6A01A1802E7120A131A1702E7500A141A1A7C
S3150002C6B003E7910A161A1701E7D90A201A2201E797
S3150002C6C0410B161A1801E7890B151A1601E7CE0B4C
S3150002C6D0131A1501E70C0C08210C02E72D0C0A1996
S3150002C6E00A00E84D0C08210C01E76E0C100F14022B
S3150002C6F0E98C0C150313FF05940C07050901E7994C
S3150002C7000C12131401EEC40C121A1602E7FF0C11D6
S3150002C710131401EE280D131A1601E7660D121314EF
S3150002C72001EE910D0A1A0C01E7B20D121A1501EE6D
S3150002C730ED0D111A1502E7250E051A0A02E7360E45
S3150002C74007210A00E7530E111A1402E78B0E051A87
S3150002C7500902E79C0E1B131F02EEDD0E11131502D2
S3150002C760EE060F13131501EE340F121A1602EE6FB0
S3150002C7700F131A1601EEAD0F0B130E02EEC80F11B0
S3150002C780131301EEF10F09170C01EA0B1011131521
S3150002C79002EE341013131300EE62101B131B00EE8D
S3150002C7A0A31012131301EECE10131A1300EE0C117E
S3150002C7B010131201EE321109210E01E7581103215D
S3150002C7C00A04E7651109210E03E78B110F06120110
S3150002C7D0F6000000FFFFFFFFFFFFFEE739CE738082
S3150002C7E00FFFFFF8F8FFC7FE3FF1FF8FFC7DC1CEBA
S3150002C7F00E707003C3803C7803C7803878078707BA
S3150002C800FFFF7FFFF7FFFF7FFFF0F0E00F0E00F163
S3150002C810E00F1E00E1E0FFFFCFFFFCFFFFCFFFFCB2
S3150002C8201C3C03C3803C7803C780387803878000AA
S3150002C83060007F803FFC0FFFC3FFFCFCDF9F19FBFC
S3150002C840C31F7863EF8C01FD801FF001FFC01FFE3E
S3150002C850007FE003FE0067E00C7FE18FFC31FFC63C
S3150002C8603EFCDF9FFFF1FFFC0FFF007F800180008F
S3150002C870300006000F001C01FE00E01FF80E00FF4C
S3150002C880C0700F0F07007038380381C3801C0E3C3E
S3150002C89000F0F1C003FF1C001FF8E0007F8E0000CD
S3150002C8A0F070F800071FF00039FFC0038FFE001C6E
S3150002C8B0F07801C701C00C380E00E1C070060F0700
S3150002C8C080703FF80701FFC03807FC03800F800124
S3150002C8D0F0001FE000FFC003FF801F1E007C7801EE
S3150002C8E0F1E007E7800FBC001FE0003F0001F800FF
S3150002C8F01FF0F0FFE3C7E7CF3F0FF8F83FE3E07F13
S3150002C9008F80FC3F03F07E3FE1FFFF83FFFF07FEC0
S3150002C9107E07F0FCFFFFFFFDCE70078783C3C1E1F0
S3150002C920E0F078783C1E1E0F0783C1E0F0783C1ECB
S3150002C9300F0381E0F0781E0F0381E0703C0E078042
S3150002C940F0381E0783C0F0783C0F0783C0F0783CAE
S3150002C9501E0F0783C1E0F078783C1E0F0F0787830E
S3150002C960C1C1E0E0F00006006006076E7FE3FC0F3F
S3150002C97001F81F839C108003C003C003C003C003D9
S3150002C980C003C0FFFFFFFFFFFFFFFF03C003C0039B
S3150002C990C003C003C003C0FFFFFF8C6337B0FFFFB5
S3150002C9A0FFFFF0FFFFFF800181C0C0607038180CE6
S3150002C9B00E06030181C0C0603038180C0E07030151
S3150002C9C081C0C00007F00FFE0FFF87FFC7E3F3E049
S3150002C9D0F9F07DF01FF80FFC07FE03FF01FF80FF51
S3150002C9E0C07FE03FF01FF80FFC07DF07CF83E7E3C6
S3150002C9F0F1FFF0FFF83FF807F00001C0F03C1F1FFF
S3150002CA00FFFFFFFF07C1F07C1F07C1F07C1F07C1B4
S3150002CA10F07C1F07C1F07C1F07C007F00FFE0FFF57
S3150002CA208FFFE7E3F7E0FFE03FF01FF80F8007C054
S3150002CA3007E003E003F003F007F007F007E007E082
S3150002CA4007C007C003E003FFFDFFFEFFFF7FFF8075
S3150002CA5007E00FFC0FFF0FFFCFC3F7C0FBE07DF02F
S3150002CA603E001F001F000F803F801FC00FF000FC1A
S3150002CA70003F000FFC07FE03FF83F7C3F3FFF8FF37
S3150002CA80F83FF807F00000FC00FC01FC01FC03FC87
S3150002CA90077C077C0E7C0E7C1C7C187C387C707CA8
S3150002CAA0607CE07CFFFFFFFFFFFFFFFF007C007C56
S3150002CAB0007C007C007C007C1FFF0FFF8FFFC7FFFE
S3150002CAC0E3C001E000E000700079F03FFE1FFF8F37
S3150002CAD0FFE7C3F000FC003E001F000F8007FE03C5
S3150002CAE0FF03FFC3F3FFF1FFF83FF007E00003F88F
S3150002CAF003FF81FFF0FFFE3E1F9F03E7C003E00036
S3150002CB00F8F83EFF8FFFF3FFFEFE1FBF03FF807F95
S3150002CB10E01FF807FE01F7807DF03E7E1F8FFFC102
S3150002CB20FFF03FF003F000FFFFFFFFFFFFFFFFF004
S3150002CB3000F000F800F80078007C003C003E001E81
S3150002CB40001F000F000F8007C003C003E001F000C2
S3150002CB50F80078007C003E001F000F800007E00707
S3150002CB60FC0FFF07FFC7C3F3C0F9E03CF01E781FB6
S3150002CB701E1F07FF01FF03FFE3F1F9F07DF01FF827
S3150002CB800FFC07FE03FF83F7C3F3FFF8FFF83FF836
S3150002CB9007F00007E00FFC0FFF0FFFC7E3F7E0FB0C
S3150002CBA0E03DF01FF80FFC07FE03FF83F7E3FBFFF0
S3150002CBB0FCFFFE3FDF07CF80078003DF03E7C3E307
S3150002CBC0FFF0FFF03FF007E000FFFFFF80000000EC
S3150002CBD0007FFFFFC0FFFFFF80000000007FFFFF16
S3150002CBE0C6339BD80000C000F001FC03FF03FF0719
S3150002CBF0FE0FFC03F800F0003F800FFC007FE00709
S3150002CC00FF003FF001FC001F0000C0FFFFFFFFFF17
S3150002CC10FFFFFFF00000000000000000FFFFFFFF23
S3150002CC20FFFFFFFFF0C0003C000FE003FF003FF0F4
S3150002CC3001FF800FFC007F0003C007F00FFC1FF806
S3150002CC403FF83FF00FE003C000C0000007F007FF07
S3150002CC5003FFF1FFFC7E3FBF03FF807FE01FF80763
S3150002CC60C003F001FC00FE007F003F801FC007C02A
S3150002CC7003E000F0003C000000000000F8003E0067
S3150002CC800F8003E000F8000007FC00003FFF0000F1
S3150002CC90FFFFC001F807F003E001F80780007C0FF0
S3150002CCA000003C1E03E39E3C0FF78E381FFF0E78F2
S3150002CCB03E1F0770380F0770780F07E0700E07E007
S3150002CCC0700E07E0E00E07E0E01E0FE0E01C0EE04B
S3150002CCD0E03C1EE0F03C3CF0F0FC7C707FFFF87814
S3150002CCE03FCFF03C1F07C03E0000001F0000000FB0
S3150002CCF0C0010007F00F0003FFFF0000FFFF000066
S3150002CD001FF800007E00007F00007F0000FF000089
S3150002CD10FF8001FF8001FF8001F7C003E7C003E740
S3150002CD20C003E3E007C3E007C3E007C1F00F81F0E9
S3150002CD300F81F00FFFF81FFFF81FFFFC1FFFFC3EDD
S3150002CD40007C3E007E3E003E7C003E7C003F7C0036
S3150002CD501FFFFC0FFFF0FFFF8FFFFCF807EF803E7F
S3150002CD60F803EF803EF803EF803EF807CFFFF8FFA7
S3150002CD70FF0FFFF8FFFFCF807EF801EF801FF8015B
S3150002CD80FF801FF801FF803EFFFFEFFFFCFFFF8FD2
S3150002CD90FFE000FF0007FF803FFFC0FFFFC3F81F51
S3150002CDA087E01F9F801F3E001F7C003FF00003E0CC
S3150002CDB00007C0000F80001F00003E00007C00003C
S3150002CDC0F80000F8007DF000FBF003F3F00FC7F067
S3150002CDD03F87FFFE07FFF803FFC001FE00FFFC07C7
S3150002CDE0FFF83FFFE1FFFF8F80FE7C01F3E007DFE4
S3150002CDF0003EF801F7C007FE003FF001FF800FFC7E
S3150002CE00007FE003FF001FF800FFC00FFE007DF069
S3150002CE1003EF803E7C07F3FFFF1FFFF0FFFF07FFD4
S3150002CE20E000FFFFDFFFFBFFFF7FFFEF8001F00067
S3150002CE303E0007C000F8001F0003E0007FFFCFFF9F
S3150002CE40F9FFFF3FFFE7C000F8001F0003E0007C88
S3150002CE50000F8001F0003FFFFFFFFFFFFFFFFFFC17
S3150002CE60FFFFFFFFFFFFFFFFFF8007C003E001F0A8
S3150002CE7000F8007C003E001FFFEFFFF7FFFBFFFDFF
S3150002CE80F000F8007C003E001F000F8007C003E0A0
S3150002CE9001F000F8007C0000007F8003FFE007FF3E
S3150002CEA0F80FFFFC1FC0FE3F007E7E003F7C001F86
S3150002CEB07C0000F80000F80000F80000F803FFF814
S3150002CEC003FFF803FFF803FFFC000F7C001F7C0042
S3150002CED01F7E003F3F007F1FC1FF0FFFFF07FFE7D7
S3150002CEE003FFC700FF07F801FF801FF801FF801F3D
S3150002CEF0F801FF801FF801FF801FF801FF801FFF66
S3150002CF00FFFFFFFFFFFFFFFFFFF801FF801FF80192
S3150002CF10FF801FF801FF801FF801FF801FF801FF45
S3150002CF20801FF801FF801FFFFFFFFFFFFFFFFFFFCC
S3150002CF30FFFFFFFFFFFFFFC0001F001F001F001FB4
S3150002CF40001F001F001F001F001F001F001F001FE1
S3150002CF50001F001F001F001FF81FF81FF81FF81FF1
S3150002CF60F81FFC3F7FFE3FFC1FF807E0F801FBE0DD
S3150002CF700FCF807E3E03F0F81F83E0FC0F87E03E72
S3150002CF803F00F8F803E7E00FBF003FF800FFF003A9
S3150002CF90FFE00FFF803FBF00FC7E03E0FC0F81F83D
S3150002CFA03E07E0F80FC3E01F8F807F3E00FCF801CA
S3150002CFB0FBE003F0F8007C003E001F000F8007C074
S3150002CFC003E001F000F8007C003E001F000F80071E
S3150002CFD0C003E001F000F8007C003E001F000F8055
S3150002CFE007C003FFFFFFFFFFFFFFFFC0FF00FFFFBA
S3150002CFF000FFFF00FFFF01FFFF81FFFF81FFFF81AF
S3150002D000FFFF81FFFBC3DFFBC3DFFBC3DFFBC3DF26
S3150002D010F9C7DFF9E79FF9E79FF9E79FF9E79FF875
S3150002D020FF1FF8FF1FF8FF1FF8FF1FF87F1FF87E8C
S3150002D0301FF87E1FF87E1FF83E1FF801FFC01FFE75
S3150002D04001FFE01FFF01FFF01FFF81FFF81FFFC175
S3150002D050FFBC1FFBE1FF9F1FF9F1FF8F9FF879FFCE
S3150002D06087DFF83DFF83FFF81FFF81FFF80FFF8080
S3150002D070FFF807FF803FF803FF801F007F0001FFD4
S3150002D080F001FFFC03FFFF01FC1FC1F803F1F800EA
S3150002D090FCF8003E7C001F7C0007FE0003FF000137
S3150002D0A0FF8000FFC0007FE0003FF0001FF8000F86
S3150002D0B0BE000F9F0007CFC007E3F007E0FE0FE0B8
S3150002D0C07FFFE00FFFE003FFE0003F8000FFFC1F51
S3150002D0D0FFE3FFFE7FFFEF80FFF00FFE00FFC01FA2
S3150002D0E0F803FF007FE01FFC07EFFFFDFFFF3FFF96
S3150002D0F0C7FFE0F8001F0003E0007C000F8001F08C
S3150002D100003E0007C000F8001F0000007F0001FF7C
S3150002D110F001FFFC03FFFF01FC1FC1F803F1F80059
S3150002D120FCF8003E7C001F7C0007FE0003FF0001A6
S3150002D130FF8000FFC0007FE0003FF0001FF8010FF4
S3150002D140BE01CF9F01FFCFC07FE3F01FE0FE0FF0CD
S3150002D1507FFFF80FFFFE03FFEF803FC380000080D2
S3150002D160FFFF07FFFE3FFFF9FFFFCF803F7C00FB7B
S3150002D170E007DF003EF801F7C00F3E00F9FFFF8F20
S3150002D180FFF87FFFC3FFFF1F00FCF803E7C01F3E47
S3150002D19000F9F007CF803E7C01F3E00F9F007CF898
S3150002D1A003F7C00FC007F801FFF03FFF87FFFC7EC1
S3150002D1B00FCFC07EF803EF803EF8000FC000FF00DD
S3150002D1C007FFC03FFF81FFFC03FFE001FF0003F002
S3150002D1D0001FF801FF801FFC03FFE07E7FFFE3FFD5
S3150002D1E0FC1FFF003FC0FFFFFFFFFFFFFFFFFFF037
S3150002D1F01F0003E0007C000F8001F0003E0007C024
S3150002D20000F8001F0003E0007C000F8001F0003EE2
S3150002D2100007C000F8001F0003E0007C000F800139
S3150002D220F0003E00F801FF801FF801FF801FF801A1
S3150002D230FF801FF801FF801FF801FF801FF801FF22
S3150002D240801FF801FF801FF801FF801FF801FF8091
S3150002D2501FF801FF801F7C03E7E07E3FFFC3FFFC50
S3150002D2600FFF003FC0F800FBE003E7C01F9F007CF2
S3150002D2707C01F0F807C3E03E0F80F81E03E07C1F36
S3150002D28001F07C03C1F00F87803E3E00F8F801E30F
S3150002D290C007CF001F7C003DE000FF8003FE0007B1
S3150002D2A0F0001FC0007F0000F80003E000F807C08E
S3150002D2B03FF807E03EFC07E03E7C0FE03E7C0FE0D5
S3150002D2C07E7C0FE07C7C0FF07C3E0FF07C3E1EF0F5
S3150002D2D0783E1E70F81E1E70F81E1E78F81F1E7805
S3150002D2E0F01F3C78F00F3C39F00F3C3DF00F3C3D0F
S3150002D2F0E00FBC3DE007F83DE007F81FE007F81F26
S3150002D300C003F81FC003F81FC003F00F8003F00F1D
S3150002D3108001F00F80FE01F9F807E3F03F0FC0F835
S3150002D3201F87E07E3F00FCFC01F7E007FF000FFCD1
S3150002D330003FE0007F0000FC0007F0001FE000FF56
S3150002D3408003FF001F7E00FCF803E3F01F87C07C0A
S3150002D3501F83F03F1F80FC7E01FBF007F0FC01FFFC
S3150002D360E00F9F00FCFC07C3E07E1F83E07C1F03E7
S3150002D370F1F00F8F807EF801F7C00FFC003FE0004E
S3150002D380FE0007F0001F0000F80007C0003E000183
S3150002D390F0000F80007C0003E0001F0000F8000789
S3150002D3A0C000FFFFFFFFFFFFFFFFFFF0007E001F31
S3150002D3B08007E000FC003F000FC003F8007E001F5C
S3150002D3C08007E001FC003F000FC003F0007E001F53
S3150002D3D08007E001FC003FFFFFFFFFFFFFFFFFFCAE
S3150002D3E0FFFFFFFFF8F8F8F8F8F8F8F8F8F8F8F899
S3150002D3F0F8F8F8F8F8F8F8F8F8F8F8F8F8FFFFFF90
S3150002D400FFE038060180700C0300E0180601C03008
S3150002D4100C0300E0180601C0300C038060180701F7
S3150002D420C0FFFFFFFF1F1F1F1F1F1F1F1F1F1F1FE3
S3150002D4301F1F1F1F1F1F1F1F1F1F1F1F1F1FFFFF34
S3150002D440FFFF03E007E007E00FF00FF00F781E780A
S3150002D4501E783C3C3C3C3C1E781E781E700FF00F3A
S3150002D460FFFFFFFFFFFFFFFEF8F0F0E0E007F8071F
S3150002D470FF83FFF1FFFE7C1FBE03E000F801FE0FF3
S3150002D480FF8FFFE7F8FBF03EF80FBE07EFC3FBFF87
S3150002D490FE7FFF8FFBF1F8FCF8003E000F8003E0F1
S3150002D4A000F8003E000F8003E7E0FBFC3FFFCFFFE2
S3150002D4B0F3F87EFC0FBF03FF807FE01FF807FE0133
S3150002D4C0FF807FF03FFC0FBF87EFFFF3FFFCFBFC03
S3150002D4D03E7E0003F007FE0FFF87FFE7E1FBE07FDA
S3150002D4E0E03FF000F8007C003E001F000F80FBE0EA
S3150002D4F07DF87E7FFE3FFE0FFE00FC000003E0008B
S3150002D5007C000F8001F0003E0007C000F81F1F0FCD
S3150002D510FBE3FFFCFFFFBF8FF7C07FF80FFE00FFA4
S3150002D520C01FF803FF007FE00FFE03F7C07EFC3F3B
S3150002D530CFFFF8FFFF0FFBE0FC7C07E007FE03FFCF
S3150002D540E0FFF87E1F1F03CF80FBE01EFFFFBFFF39
S3150002D550EFFFFBE000F8003F03E7E1F9FFFC3FFEC7
S3150002D56007FF007F000FC7F3FCFF3E0F83E3FEFFBA
S3150002D570BFE3E0F83E0F83E0F83E0F83E0F83E0F8C
S3150002D58083E0F83E0F8007C7C3FDF3FFFCFFFF7E73
S3150002D5901FDF03FFC0FFE01FF807FE01FF807FE0E9
S3150002D5A01FFC0FDF03F7E1FDFFFF3FFFC7FDF07C26
S3150002D5B07C001F0007FF03F7E1F9FFFC3FFE01FEB7
S3150002D5C000F8007C003E001F000F8007C003E00148
S3150002D5D0F1F0FBFE7FFFBFFFDFC3FFC0FFC07FE0AE
S3150002D5E03FF01FF80FFC07FE03FF01FF80FFC07F1D
S3150002D5F0E03FF01FF80FFC07C0FFFFF0001FFFFF20
S3150002D600FFFFFFFFFFFFFFFFFFC03E7CF9F00000B8
S3150002D6101F3E7CF9F3E7CF9F3E7CF9F3E7CF9F3EAF
S3150002D6207CF9F3FFFFFEF8F8007C003E001F000FB6
S3150002D6308007C003E001F03EF83E7C3F3E3F1F3FBD
S3150002D6400F9F07DF03FF81FFC0FFF07FF83F7E1FBA
S3150002D6501F0F87C7C3F3E0F9F07EF81F7C0FC0FFE8
S3150002D660FFFFFFFFFFFFFFFFFFFFFFFFFFFFFFC001
S3150002D670F8F83F1F7F9FF3FFFFFF7FFFFFFFC3F80F
S3150002D6807FF83F07FE07C0FFC0F81FF81F03FF031E
S3150002D690E07FE07C0FFC0F81FF81F03FF03E07FE4A
S3150002D6A007C0FFC0F81FF81F03FF03E07FE07C0FEF
S3150002D6B080F8F87DFF3FFFDFFFEFE1FFE07FE03F0D
S3150002D6C0F01FF80FFC07FE03FF01FF80FFC07FE09B
S3150002D6D03FF01FF80FFC07FE03E003F801FFC07FCF
S3150002D6E0FC1FFFC7F0FCF80FBF01FFC01FF803FFC6
S3150002D6F0007FE00FFC01FFC07EF80F9F87F1FFFC61
S3150002D7001FFF01FFC00FE000F8F83EFF8FFFF3FF97
S3150002D710FCFE1FBF03EFC0FFE01FF807FE01FF80FC
S3150002D7207FE01FFC0FFF03EFE1FBFFFCFFFF3EFF65
S3150002D7300F8F83E000F8003E000F8003E000F80040
S3150002D7403E000007E3E1FF7C7FFF9FFFF7F1FEF853
S3150002D7500FFF01FFC01FF803FF007FE00FFC01FF70
S3150002D760C07EF80FDF83F9FFFF3FFFE1FF7C1F8FCB
S3150002D7708001F0003E0007C000F8001F0003E00031
S3150002D7807CF8FF7FFFFFFFE1F83E07C0F81F03E0CA
S3150002D7907C0F81F03E07C0F81F03E00007F00FFE82
S3150002D7A00FFF87FFE7E1F3E079F800FF803FFC1FF8
S3150002D7B0FF83FFC03FF001FFC07DF07EFFFE3FFF0B
S3150002D7C00FFF01FE003E1F0F87C3E7FFFFFF3E1F4D
S3150002D7D00F87C3E1F0F87C3E1F0F87F3F8FC3EF893
S3150002D7E00FFC07FE03FF01FF80FFC07FE03FF01F33
S3150002D7F0F80FFC07FE03FF01FF80FFC0FFF0FFFFEB
S3150002D800FF7FFF9FF7C7E3E07C07CF80F9F01F1F7A
S3150002D81007C3E0F87C1F0783C0F8F81F1F01E3C0A7
S3150002D8203E7807DF007BC00FF801FF001FC003F838
S3150002D830007F0007C000FC1F03EF83E07DF07E1F20
S3150002D8403E0FC3E3C3F87C7C7F0F0F8FF3E1F1DE5B
S3150002D8507C1E7BCF83EF39E07DE73C07B8FF80F77C
S3150002D8601FE01FE3FC03FC3F803F07F007E0FC00DC
S3150002D870FC1F800F83F000FC1F9F07E7E3F0F8F818
S3150002D8801F7E07DF00FF801FE007F000F8007F0021
S3150002D8903FE00FF807DF03F7E0F8F87E3F1F07EFD8
S3150002D8A0C0F87C03EF80F9F81F1F03E3E0F87C1F42
S3150002D8B007C3E0F8780F1F01F3C03E7803DF007F4D
S3150002D8C0C00FF800FF001FC001F8003F0007C000AC
S3150002D8D0F8001E0007C007F800FE001F8003E000E4
S3150002D8E07FFE7FFE7FFE7FFE007E00FC01F803F0D6
S3150002D8F003F007E00FC01F803F007E00FE00FFFF1F
S3150002D900FFFFFFFFFFFF0787C7E3F1E0F0783C1E4A
S3150002D9100F0783C1E0F0F9F8F07E0F83C1E0F078DB
S3150002D9203C1E0F0783C1E0FC7E1F0780FFFFFFFF3F
S3150002D930FFFFFFFFFFFFFFFFE0F07C3E1F83C1E01A
S3150002D940F0783C1E0F0783C1E0F07C1F83C7E7C354
S3150002D950C1E0F0783C1E0F0783C7E3E1F0F0003C1C
S3150002D96000FE0FFE1E1FFC0FC00F0000000000008D
S3150002D9700500010000020D0602F40400050406017A
S3150002D980F407000A0C0A00F5160009100A01F3282A
S3150002D99000100D1001F442000B0D0C01F4540002AC
S3150002D9A0040401F4550004110601F45E0004110694
S3150002D9B001F4670005050701F46B0006080B03F97D
S3150002D9C071000204050200720004010601FC7300E4
S3150002D9D002010501007400050D0500F47D00080D25
S3150002D9E00A01F48A00040D0A03F49100090D0A01E2
S3150002D9F0F4A000080D0A01F4AD00070D0A02F4B9FD
S3150002DA0000090D0A01F4C800090D0A01F4D700083D
S3150002DA100D0A00F4E400090D0A01F4F300080D0AE8
S3150002DA2001F40001020A0501F70301030C0501F8DE
S3150002DA30080109090B01F8130109040B01FB18017E
S3150002DA4009090B01F82301090D0A01F4320111102B
S3150002DA501201F454010C0D0C00F468010B0D0C01BB
S3150002DA60F47A010B0D0D01F48C010B0D0D01F49EE0
S3150002DA7001090D0B01F4AD01080D0B01F4BA010CFD
S3150002DA800D0E01F4CE010B0D0D01F4E001020D05A0
S3150002DA9002F4E401070D0A01F4F0010B0D0C01F486
S3150002DAA00202080D0A01F40F020D0D0F01F4250200
S3150002DAB00B0D0D01F437020D0D0E01F44D020A0D88
S3150002DAC00C01F45E020D0E0E01F475020C0D0D0131
S3150002DAD0F489020A0D0C01F49A02090D0B01F4A94C
S3150002DAE0020B0D0D01F4BB020B0D0C00F4CD02115D
S3150002DAF00D1100F4E9020C0D0C00F4FD020C0D0CE4
S3150002DB0000F411030A0D0B01F4220303110501F4BB
S3150002DB102903050D0500F4320303110500F4390348
S3150002DB2007070801F440030A010A0003420304033B
S3150002DB300500F44403090A0A01F75003090D0A0114
S3150002DB40F45F03080A0901F76903080D0A01F4766E
S3150002DB5003080A0A01F78003040D0501F487030886
S3150002DB600E0A01F79503080D0A01F4A203020D0439
S3150002DB7001F4A60304110400F4AF03090D0901F42C
S3150002DB80BE03020D0401F4C2030D0A0F01F7D3030B
S3150002DB90080A0A01F7DD03080A0A01F7E703090D75
S3150002DBA00A01F7F603080D0A01F70304050A06013E
S3150002DBB0F70A04080A0901F71404040C0501F51A08
S3150002DBC004080A0A01F72404090A0900F730040DB9
S3150002DBD00A0D00F74104080A0900F74B04090E0969
S3150002DBE000F75B04070A0901F7640404110601F44D
S3150002DBF06D0402110402F4720404110601F47B049A
S3150002DC0007030901F9000000FFFFF8C0DEF720094B
S3150002DC10864191FF1304C320C8FF89826190101FB9
S3150002DC2014DA3D1E8340781708F47A3533F0402023
S3150002DC303810EC20C620C640C6406C803900013C34
S3150002DC400277026304630477083C0E0660CC1981EE
S3150002DC50E0180F0336C2D8730631E3C4FE13266CEE
S3150002DC60CCCCC46623108C4663333332664C802593
S3150002DC707EA50030C33F30C30CD6F0C00844211045
S3150002DC8084421108003C6642C3C3C3C3C3C3C34232
S3150002DC90663C113F33333333303E31B07830181C93
S3150002DCA01C1C1818100807F83C66C3C303061C0799
S3150002DCB003C3C3663C0C187162C9A346FE183060E2
S3150002DCC0C07F2010080807F38C030180F06C63E024
S3150002DCD01E3198780C06F38D83C1E0D06C63E0FFA9
S3150002DCE0030206040C081818181030303E31B078BA
S3150002DCF03C1B18F8C6C1E0F06C63E03C66C2C3C3C5
S3150002DD00C3673B0303C2663CC00030C0000064A088
S3150002DD100081C78E0C0780700E0180FF80001FF005
S3150002DD2000700E01C0183871C080003E31B07830E4
S3150002DD3018183818180C0000018003F0060E0601A8
S3150002DD408600661DBB31CF18C79863CC31E611B386
S3150002DD5099CCF7860001800070400FE00600F00FB4
S3150002DD60009019819810830C3FC204606606C03089
S3150002DD70FF183303606C0D833FC606C0780F01E0BF
S3150002DD806FF81F861981A03C0180300600C0680D1D
S3150002DD90831861F0FF183303603C0780F01E03C04E
S3150002DDA0780F0360CFF0FFE030180C0603FD80C049
S3150002DDB06030180FF8FFC0C0C0C0C0FEC0C0C0C0EF
S3150002DDC0C0C00F830E606603C00C00C1FC03C036E0
S3150002DDD00360730F0F10C0780F01E03C0780FFFE4F
S3150002DDE003C0780F01E03C06FFFFFFC0060C1830A7
S3150002DDF060C183078F1E2780C0D8330C630CC1B85D
S3150002DE003F0730C3186306606C0CC0C0C0C0C0C0F8
S3150002DE10C0C0C0C0C0C0FFE03F01FC1FE0FD05EC72
S3150002DE206F637913CD9E6CF1478E3C7180E07C0F57
S3150002DE30C1E83D8798F11E33C3786F07E07C0E0F69
S3150002DE408183180CC06C01E00F007803C01B019897
S3150002DE500C60C0F800FF306C0F03C0F06FF300C017
S3150002DE60300C0300C0000F8183180CC06C01E00F58
S3150002DE70007803C01B01986C60C0FB0008FF8C0E83
S3150002DE80C06C06C06C0CFF8C0EC06C06C06C06C063
S3150002DE90703F186C0F03C01E01F00E00F03C0D8699
S3150002DEA03F00FF86030180C06030180C0603018024
S3150002DEB0C0C0780F01E03C0780F01E03C0780F0156
S3150002DEC0B061F0C06C0D8110630C610460CC190165
S3150002DED0603C070060C18130E19870CC286626213B
S3150002DEE01330C8986C4C14340A1A0707030380814E
S3150002DEF08060630C30C1980F00E00600F0190198AB
S3150002DF0030C60E6060C0360630C30C1981D80F00C9
S3150002DF10600600600600600600FFC060300C060363
S3150002DF2001C0603018060300FFC0FB6DB6DB6DB69C
S3150002DF30E0841084108410841080EDB6DB6DB6DBAD
S3150002DF40E03060A244D8A180FFC0C6307E71B0C066
S3150002DF5060F3DB0D86C73DC0C060301BCE360F07AF
S3150002DF6083C1E0F07C6DE03C66C3C0C0C0C0C3663E
S3150002DF703C0303033B67C3C3C3C3C3C3673B3C66DC
S3150002DF80C3C3FFC0C0C3663C366F66666666603B47
S3150002DF9067C3C3C3C3C3C3673B0303C67CC0C0C056
S3150002DFA0DEE3C3C3C3C3C3C3C3C3C3FFFFC03003DC
S3150002DFB0333333333333E0C06030184C466361F099
S3150002DFC0EC6231986C30FFFFFFC0DEF71CF0C786AB
S3150002DFD03C31E18F0C7863C31E18C0DEE3C3C3C3B2
S3150002DFE0C3C3C3C3C33C66C3C3C3C3C3C3663CDEA6
S3150002DFF071B0783C1E0F0783E36F30180C003B6745
S3150002E000C3C3C3C3C3C3673B030303DF318C6318B4
S3150002E010C6003EE3C0C0E03C07C3E37E66F6666622
S3150002E0206667C3C3C3C3C3C3C3C3C77BC1A098CCFC
S3150002E0304221B0D0281C0C00C61E3891C4CA66D331
S3150002E04016D0A6871C38C0C6004362361C181C3C74
S3150002E050266243C12198CC4261B0D0381C0C06031B
S3150002E060010300FE0C30C1861820C1FC3666666EBE
S3150002E070CE66666630FFFFFFFFC0C6666667376616
S3150002E0806666C061243800008701AF000000000008
S3150002E0900000000000000000000000000000000078
S3150002E0A00000000000000000000000000000000068
S3150002E0B00000000000000000000000000000000058
S3150002E0C00000000000000000000000000000000048
S3150002E0D00000000000000000000000000000000038
S3150002E0E00000000000000000000000000000000028
S3150002E0F00000000000000000000000000000000018
S3150002E1000000000000000000000000000000000007
S3150002E11000000000000000000001000000000000F6
S3150002E12000000000000000000000000000000000E7
S3150002E13000000000000000000000000000000000D7
S3150002E14000000000000000000000000000000000C7
S3150002E15000000000000000000000000000000000B7
S3150002E16000000000000000000000000000000000A7
S3150002E1700000000000000000000000011200000084
S3150002E1800000000000000000000000000000000087
S3150002E1900000000000000000000000000000000077
S3150002E1A0000000000000000000000000450400001E
S3150002E1B00000000000000000000000000000000057
S3150002E1C00000000000000000000000000000000047
S3150002E1D000000000000000000000000000006000D7
S3150002E1E00000000000000000000000000000000027
S3150002E1F00000000000000000000000000000000017
S3150002E2000000000000000000000000000000E138ED
S3150002E21000000000000000000000000000000000F6
S3150002E22000000000000000000000000000000000E6
S3150002E230000000000000000000000000000000874F
S3150002E240B000000000000000000000000000000016
S3150002E25000000000000000000000000000000000B6
S3150002E26000000000000000000000000000000000A6
S3150002E27010C00000000000000000000000000000C6
S3150002E2800000000000000000000000000000000086
S3150002E2900000000000000000000000000000000076
S3150002E2A004C6C000000000000000000000000000DC
S3150002E2B00000000000000000000000000000000056
S3150002E2C00000000000000000000000000000000046
S3150002E2D000014330000000000000000000000000C2
S3150002E2E00000000000000000000000000000000026
S3150002E2F00000000000000000000000000000000016
S3150002E3000000037160000000000000000000000031
S3150002E31000000000000000000000000000000000F5
S3150002E32000000000000000000000000000000000E5
S3150002E330000000060580000000000000000000004A
S3150002E34000000000000000000000000000000000C5
S3150002E35000000000000000000000000000000000B5
S3150002E3600000000004C6A00000000000000000003B
S3150002E3700000000000000000000000000000000095
S3150002E3800000000000000000000000000000000085
S3150002E39000000000000733A000000000000000009B
S3150002E3A00000000000000000000000000000000065
S3150002E3B00000000000000000000000000000000055
S3150002E3C00000000000000825100000000000000008
S3150002E3D00000000000000000000000000000000035
S3150002E3E00000000000000000000000000000000025
S3150002E3F000000000000000079D6000000000000011
S3150002E4000000000000000000000000000000000004
S3150002E41000000000000000000000000000000000F4
S3150002E42000000000000000000646A00000000000F8
S3150002E43000000000000000000000000000000000D4
S3150002E44000000000000000000000000000000000C4
S3150002E4500000000000000000000112900000000011
S3150002E46000000000000000000000000000000000A4
S3150002E4700000000000000000000000000000000094
S3150002E480000000000000000000000C8C500000009C
S3150002E4900000000000000000000000000000000074
S3150002E4A00000000000000000000000000000000064
S3150002E4B000000000000000000000000065100000DF
S3150002E4C00000000000000000000000000000000044
S3150002E4D00000000000000000000000000000000034
S3150002E4E00000000000000000000000000231900061
S3150002E4F00000000000000000000000000000000014
S3150002E5000000000000000000000000000000000003
S3150002E510000000000000000000000000000016607D
S3150002E52000000000000000000000000000000000E3
S3150002E53000000000000000000000000000000000D3
S3150002E540000000000000000000000000000000C6FD
S3150002E55000000000000000000000000000000000B3
S3150002E56000000000000000000000000000000000A3
S3150002E5700000000000000000000000000000000093
S3150002E580392000000000000000000000000000002A
S3150002E5900000000000000000000000000000000073
S3150002E5A00000000000000000000000000000000063
S3150002E5B00010000000000000000000000000000043
S3150002E5C00000000000000000000000000000000043
S3150002E5D00000000000000000000000000000000033
S3150002E5E000004200000000000000000000000000E1
S3150002E5F00000000000000000000000000000000013
S3150002E6000000000000000000000000000000000002
S3150002E61000000024000000000000000000000000CE
S3150002E62000000000000000000000000000000000E2
S3150002E63000000000000000000000000000000000D2
S3150002E6400000000080000000000000000000000042
S3150002E65000000000000000000000000000000000B2
S3150002E66000000000000000000000000000000000A2
S3150002E6700000000000100000000000000000000082
S3150002E6800000000000000000000000000000000082
S3150002E6900000000000000000000000000000000072
S3150002E6A00000000000000000000000000000000062
S3150002E6B00000000000000000000000000000000052
S3150002E6C00000000000000000000000000000000042
S3150002E6D00000000000000000000000000000000032
S3150002E6E00000000000000000000000000000000022
S3150002E6F00000000000000000000000000000000012
S3150002E7000000000000000000000000000000000001
S3150002E71000000000000000000000000000000000F1
S3150002E72000000000000000000000000000000000E1
S3150002E73000000000000000000000000000000000D1
S3150002E74000000000000000000000000000000000C1
S3150002E75000000000000000000000000000000000B1
S3150002E76000000000000000000000000000000000A1
S3150002E7700000000000000000000000000000000091
S3150002E7800000000000000000000000000000000081
S3150002E7900000000000000000000000000000000071
S3150002E7A00000000000000000000000000000000061
S3150002E7B00000000000000000000000000000000051
S3150002E7C00000000000000000000000000000000041
S3150002E7D00000000000000100000000000000000030
S3150002E7E00000000000000000000000000000000021
S3150002E7F00000000000000000000000000000000011
S3150002E8000000000000000000000000000000000000
S3150002E81000000000000000000000000000000000F0
S3150002E82000000000000000000000000000000000E0
S3150002E83000000000000010000000000000000000C0
S3150002E84000000000000000000000000000000000C0
S3150002E85000000000000000000000000000000000B0
S3150002E860000000000002000400000000000000009A
S3150002E8700000000000000000000000000000000090
S3150002E8800000000000000000000000000000000080
S3150002E890000000000000000100000000000000006F
S3150002E8A00000000000000000000000000000000060
S3150002E8B00000000000000000000000000000000050
S3150002E8C000000000000000100040000000000000F0
S3150002E8D00000000000000000000000000000000030
S3150002E8E00000000000000000000000000000000020
S3150002E8F000000000000000000100080048000000BF
S3150002E90000000000000000000000000000000000FF
S3150002E91000000000000000000000000000000000EF
S3150002E92000000000000000000004012000000000BA
S3150002E93000000000000000000000000000000000CF
S3150002E94000000000000000000000000000000000BF
S3150002E950000000000000000000001000000202009B
S3150002E960000000000000000000000000000000009F
S3150002E970000000000000000000000000000000008F
S3150002E980000000000000000000000000000000205F
S3150002E990000000000000000000000000000000006F
S3150002E9A0000000000000000000000000000000005F
S3150002E9B0000000000000000000000000040120002A
S3150002E9C00800000000000000000000000000000037
S3150002E9D0000000000000000000000000000000002F
S3150002E9E0000000000000000000000000000000001F
S3150002E9F0000000000000000000000000000000000F
S3150002EA0000000000000000000000000000000000FE
S3150002EA1000000000000000000000000000000000EE
S3150002EA20800000000000000000000000000000005E
S3150002EA3000000000000000000000000000000000CE
S3150002EA4000000000000000000000000000000000BE
S3150002EA50000000600000000000000000000000004E
S3150002EA60000000000000000000000000000000009E
S3150002EA70000000000000000000000000000000008E
S3150002EA80000000020000000000000000000000007C
S3150002EA90000000000000000000000000000000006E
S3150002EAA0000000000000000000000000000000005E
S3150002EAB0000002000000000000000000000000004C
S3150002EAC0000000000000000000000000000000003E
S3150002EAD0000000000000000000000000000000002E
S3150002EAE0000000000000800000000000000000009E
S3150002EAF0000000000000000000000000000000000E
S3150002EB0000000000000000000000000000000000FD
S3150002EB1000000000000000010000000000000000EC
S3150002EB2000000000000000000000000000000000DD
S3150002EB3000000000000000000000000000000000CD
S3150002EB4000000000000000000400000000000000B9
S3150002EB5000000000000000000000000000000000AD
S3150002EB60000000000000000000000000000000009D
S3150002EB70000000000000000000000000000000008D
S3150002EB80000000000000000000000000000000007D
S3150002EB90000000000000000000000000000000006D
S3150002EBA0000000000000000000000000000000005D
S3150002EBB0000000000000000000000000000000004D
S3150002EBC0000000000000000000000000000000003D
S3150002EBD0000000000000000000000000000000002D
S3150002EBE0000000000000000000000000000000001D
S3150002EBF0000000000000000000000000000000000D
S3150002EC0000000000000000000000000000000000FC
S3150002EC1000000000000000000000000000000000EC
S3150002EC2000000000000000000000000000000000DC
S3150002EC3000000000000000000000000000000000CC
S3150002EC4000000000000000000000000000000000BC
S3150002EC5000000000000000000000000000000000AC
S3150002EC60000000000000000000000000000000009C
S3150002EC70000000000000000000000000000000008C
S3150002EC80000000000000000000000000000000007C
S3150002EC90000000000000000000000000000000006C
S3150002ECA0000000000000000000000000000000005C
S3150002ECB0000000000000000000000000000000004C
S3150002ECC0000000000000000000000000000000003C
S3150002ECD0000000000000000000000000000000002C
S3150002ECE0000000000000000000000000000000001C
S3150002ECF0000000000000000000000000000000000C
S3150002ED0000000000000000000000000000000000FB
S3150002ED1000000000000000000000000000000000EB
S3150002ED2000000000000000000000000000000000DB
S3150002ED3000000000000000000000000000000000CB
S3150002ED4000000000000000000000000000000000BB
S3150002ED5000000000000000000000000000000000AB
S3150002ED60000000000000000000000000000000009B
S3150002ED70000000000000000000000000000000008B
S3150002ED80000000000000000000000000000000007B
S3150002ED90000000000000000000000000000000006B
S3150002EDA0000000000000000000000000000000005B
S3150002EDB0000000000000000000000000000000004B
S3150002EDC0000000000000000000000000000000003B
S3150002EDD0000000000000000000000000000000002B
S3150002EDE0000000000000000000000000000000001B
S3150002EDF0000000000000000000000000000000000B
S3150002EE0000000000000000000000000000000000FA
S3150002EE1000000000000000000000000000000000EA
S3150002EE2000000000000000000000000000000000DA
S3150002EE3000000000000000000000000000000000CA
S3150002EE4000000000000000000000000000000000BA
S3150002EE5000000000000000000000000000000000AA
S3150002EE60000000000000000000000000000000009A
S3150002EE70000000000000000000000000000000008A
S3150002EE80000000000000000000000000000000007A
S3150002EE90000000000000000000000000000000006A
S3150002EEA0000000000000000000000000000000005A
S3150002EEB0000000000000000000400000000000000A
S3150002EEC0000000000000000000000000000000003A
S3150002EED0000000000000000000000000000000002A
S3150002EEE000000000000000004000000000000000DA
S3150002EEF0000000000000000000000000000000000A
S3150002EF0000000000000000000000000000000000F9
S3150002EF1000000000000000000001200000000000C8
S3150002EF2000000000000000000000000000000000D9
S3150002EF3000000000000000000000000000000000C9
S3150002EF4000000000000000000000040800000000AD
S3150002EF5000000000000000000000000000000000A9
S3150002EF600000000000000000000000000000000099
S3150002EF7000000000000000000000004080000000C9
S3150002EF800000000000000000000000000000000079
S3150002EF900000000000000000000000000000000069
S3150002EFA00000000000000000000000000004000055
S3150002EFB00000000000000000000000000000000049
S3150002EFC00000000000000000000000000000000039
S3150002EFD00000000000000000000000000012000017
S3150002EFE00000000000000000000000000000000019
S3150002EFF00000000000000000000000000000000009
S3150002F0000000000000000000000000000000404078
S3150002F01000000000000000000000000000000000E8
S3150002F02000000000000000000000000000000000D8
S3150002F03000000000000000000000000000000104C3
S3150002F04000000000000000000000000000000000B8
S3150002F05000000000000000000000000000000000A8
S3150002F0600000000000000000000000000000000098
S3150002F07020880000000000000000000000000000E0
S3150002F0800000000000000000000000000000000078
S3150002F0900000000000000000000000000000000068
S3150002F0A00000010000000000000000000000000057
S3150002F0B00000000000000000000000000000000048
S3150002F0C00000000000000000000000000000000038
S3150002F0D000011024000000000000000000000000F3
S3150002F0E00000000000000000000000000000000018
S3150002F0F00000000000000000000000000000000008
S3150002F10000000040000000000000000000000000B7
S3150002F11000000000000000000000000000000000E7
S3150002F12000000000000000000000000000000000D7
S3150002F1300000000002400000000000000000000085
S3150002F14000000000000000000000000000000000B7
S3150002F15000000000000000000000000000000000A7
S3150002F160000000000010080000000000000000007F
S3150002F1700000000000000000000000000000000087
S3150002F1800000000000000000000000000000000077
S3150002F1900000000000000000000000000000000067
S3150002F1A00000000000000000000000000000000057
S3150002F1B00000000000000000000000000000000047
S3150002F1C00000000000000044800000000000000073
S3150002F1D00000000000000000000000000000000027
S3150002F1E00000000000000000000000000000000017
S3150002F1F000000000000000001010000000000000E7
S3150002F20000000000000000000000000000000000F6
S3150002F21000000000000000000000000000000000E6
S3150002F2200000000000000000008100000000000055
S3150002F23000000000000000000000000000000000C6
S3150002F24000000000000000000000000000000000B6
S3150002F250000000000000000000000840000000005E
S3150002F2600000000000000000000000000000000096
S3150002F2700000000000000000000000000000000086
S3150002F2800000000000000000000000000000000076
S3150002F2900000000000000000000000000000000066
S3150002F2A00000000000000000000000000000000056
S3150002F2B00000000000000000000000001200000034
S3150002F2C00000000000000000000000000000000036
S3150002F2D00000000000000000000000000000000026
S3150002F2E00000000000000000000000000000000016
S3150002F2F00000000000000000000000000000000006
S3150002F30000000000000000000000000000000000F5
S3150002F31000000000000000000000000000000000E5
S3150002F32000000000000000000000000000000000D5
S3150002F33000000000000000000000000000000000C5
S3150002F34000000000000000000000000000000000B5
S3150002F35000000000000000000000000000000000A5
S3150002F3600000000000000000000000000000000095
S3150002F3700000000000000000000000000000000085
S3150002F3800000000000000000000000000000000075
S3150002F3900000000000000000000000000000000065
S3150002F3A00000000000000000000000000000000055
S3150002F3B00000000000000000000000000000000045
S3150002F3C00000000000000000000000000000000035
S3150002F3D00000000000000000000000000000000025
S3150002F3E00000000000000000000000000000000015
S3150002F3F00000000000000000000000000000000005
S3150002F40000000000000000000000000000000000F4
S3150002F41000000000000000000000000000000000E4
S3150002F42000000000000000000000000000000000D4
S3150002F43000000000000000000000000000000000C4
S3150002F44000000000000000000000000000000000B4
S3150002F45000000000000000000000000000000000A4
S3150002F4600000000000000000000000000000000094
S3150002F4700000000000000000000000000000000084
S3150002F4800000000000000000000000000000000074
S3150002F4900000000000000000000000000000000064
S3150002F4A00000000000000000000000000000000054
S3150002F4B00000000000000000000000000000000044
S3150002F4C00000000000000000000000000000000034
S3150002F4D00000000000000000000000000000000024
S3150002F4E040000000000000000000000000000000D4
S3150002F4F00000000000000000000000000000000004
S3150002F50000000000000000000000000000000000F3
S3150002F51000000000000000000000000000000000E3
S3150002F52000000000000000000000000000000000D3
S3150002F53000000000000000000000000000000000C3
S3150002F54000000000000000000000000000000000B3
S3150002F55000000000000000000000000000000000A3
S3150002F5600000000000000000000000000000000093
S3150002F5700000000000000000000000000000000083
S3150002F5800000000000000000000000000000000073
S3150002F5900000000000000000000000000000000063
S3150002F5A00000000000000000000000000000000053
S3150002F5B00000000000000000000000000000000043
S3150002F5C00000000000000000000000000000000033
S3150002F5D00000000000000000000000000000000023
S3150002F5E00000000000000000000000000000000013
S3150002F5F00000000000000000000000000000000003
S3150002F60000000000000000000000000000000000F2
S3150002F61000000000000000000000000000000000E2
S3150002F62000000000000000000000000000000000D2
S3150002F63000000000000001200000000000000000A1
S3150002F64000000000000000000000000000000000B2
S3150002F65000000000000000000000000000000000A2
S3150002F6600000000000000804000000000000000086
S3150002F6700000000000000000000000000000000082
S3150002F6800000000000000000000000000000000072
S3150002F6900000000000000000000000001000000052
S3150002F6A00000000000000000000000000000000052
S3150002F6B00000000000000000000000000000000042
S3150002F6C000000000000000000400400040000000AE
S3150002F6D00000000000000000000000000000000022
S3150002F6E00000000000000000000000000000000012
S3150002F6F00000000000000000000000020000800080
S3150002F70000000000000000000000000000000000F1
S3150002F71000000000000000000000000000000018C9
S3150002F7200000000000000000000000048001080044
S3150002F73000000000000000000000000000000000C1
S3150002F74000000000000000000000000000000000B1
S3150002F750A0080000000000000000000800100020C1
S3150002F7600000000000000000000000000000000091
S3150002F7700000000000000000000000000000000081
S3150002F780000D6800000004000000000021000000D7
S3150002F7900100000000000000000000000000000060
S3150002F7A00000000000000000000000000000000051
S3150002F7B000001100000000000000000000000040F0
S3150002F7C000400000000000000000000000000000F1
S3150002F7D00000000000000000000000000000000021
S3150002F7E0000000008000000000000000000012027D
S3150002F7F000021000000000000000000000000000EF
S3150002F80000000000000000000000000000000000F0
S3150002F81000000000000000000000000000000000E0
S3150002F8200000008000000000000000000000000050
S3150002F83000000000000000000000000000000000C0
S3150002F84000000000000000000000000000000000B0
S3150002F850000000000200000000000000000000009E
S3150002F8600000000000000000000000000000000090
S3150002F8700000000010000000000000000000000070
S3150002F8800000000000200000000000000000000050
S3150002F8900000000000000000000000000000000060
S3150002F8A0000000000120000000000000000000002F
S3150002F8B0000000010000040000000000000000003B
S3150002F8C00000000000000000000000000000000030
S3150002F8D000000000000160000000000000000000BF
S3150002F8E000000000000000400000000000000000D0
S3150002F8F00000000000000000000000000000000000
S3150002F90000000000000000C000000000000000002F
S3150002F91000000000000000040000000000000000DB
S3150002F92000000000000000000000000000000000CF
S3150002F93000000000000000000000000000000000BF
S3150002F94000000000000000000000000000000000AF
S3150002F950000000000000000000000000000000009F
S3150002F960000000000000000000000000000000008F
S3150002F970000000000000000000000100000000007E
S3150002F980000000000000000000000000000000006F
S3150002F990000000000000000000000000000000005F
S3150002F9A0000000000000000000000010000000003F
S3150002F9B0000000000000000000000000000000003F
S3150002F9C0000000000000000000000000000000002F
S3150002F9D0000000000000000000000000000000001F
S3150002F9E0000000000000000000000000000000000F
S3150002F9F000000000000000000000000000000000FF
S3150002FA0000000000000000000000000000000000EE
S3150002FA1000000000000000000000000000000000DE
S3150002FA2000000000000000000000000000000000CE
S3150002FA3000000000000000000000000000000000BE
S3150002FA4000000000000000000000000000000000AE
S3150002FA50000000000000000000000000000000009E
S3150002FA60000000000000000000000000000000008E
S3150002FA70000000000000000000000000000000007E
S3150002FA80000000000000000000000000000000006E
S3150002FA90000000000000000000000000000000005E
S3150002FAA0000000000000000000000000000000004E
S3150002FAB0000000000000000000000000000000003E
S3150002FAC0000000000000000000000000000000002E
S3150002FAD0000000000000000000000000000000001E
S3150002FAE0000000000000000000000000000000000E
S3150002FAF000000000000000000000000000000000FE
S3150002FB0000000000000000000000000000000000ED
S3150002FB1000000000000000000000000000000000DD
S3150002FB2000000000000000000000000000000000CD
S3150002FB3000000000000000000000000000000000BD
S3150002FB4000000000000000000000000000000000AD
S3150002FB50000000000000000000000000000000009D
S3150002FB60000000000000000000000000000000008D
S3150002FB70000000000000000000000000000000007D
S3150002FB80000000000000000000000000000000006D
S3150002FB90000000400000000000000000000000001D
S3150002FBA0000000000000000000000000000000004D
S3150002FBB0000000000000000000000000000000003D
S3150002FBC0000000000000000000000000000000002D
S3150002FBD0000000000000000000000000000000001D
S3150002FBE0000000000000000000000000000000000D
S3150002FBF000000000000000000000000000000000FD
S3150002FC0000000000000000000000000000000000EC
S3150002FC1000000000000000000000000000000000DC
S3150002FC2000000000000204000000000000000000C6
S3150002FC3000000000000000000000000000000000BC
S3150002FC4000000000000000000000000000000000AC
S3150002FC50000000000000002000000000000000007C
S3150002FC60000000000000000000000000000000008C
S3150002FC70000000000000000000000000000000007C
S3150002FC80000000000000000000000000000000006C
S3150002FC90000000000000000000000000000000005C
S3150002FCA0000000000000000000000000000000004C
S3150002FCB000000000000000000408800000000000B0
S3150002FCC0000000000000000000000000000000002C
S3150002FCD0000000000000000000000000000000001C
S3150002FCE000000000000000000000C8000000000044
S3150002FCF000000000000000000000000000000000FC
S3150002FD0000000000000000000000000000000000EB
S3150002FD100000000000000000000008004000000093
S3150002FD2000000000000000000000000000000000CB
S3150002FD3000000000000000000000000000000000BB
S3150002FD400000000000000000000000031080000018
S3150002FD50000000000000000000000000000000009B
S3150002FD60000000000000000000000000000000008B
S3150002FD70000000000000000000000000000100007A
S3150002FD80000000000000000000000000000000006B
S3150002FD90000000000000000000000000000000005B
S3150002FDA00000000000000000000000000020884063
S3150002FDB0000000000000000000000000000000003B
S3150002FDC0000000000000000000000000000000002B
S3150002FDD0000000000000000000000000000008080B
S3150002FDE00800000000000000000000000000000003
S3150002FDF000000000000000000000000000000000FB
S3150002FE0000000000000000000000000000000002E8
S3150002FE104480000000000000000000000000000016
S3150002FE2000000000000000000000000000000000CA
S3150002FE3000000000000000000000000000000000BA
S3150002FE40101010000000000000000000000000007A
S3150002FE50000000000000000000000000000000009A
S3150002FE60000000000000000000000000000000008A
S3150002FE700004004000000000000000000000000036
S3150002FE80000000000000000000000000000000006A
S3150002FE90000000000000000000000000000000005A
S3150002FEA00000209200000000000000000000000098
S3150002FEB0000000000000000000000000000000003A
S3150002FEC0000000000000000000000000000000002A
S3150002FED00000000000840000000000000000000096
S3150002FEE0000000000000000000000000000000000A
S3150002FEF000000000000000000000000000000000FA
S3150002FF000000000008492000000000000000000078
S3150002FF1000000000000000000000000000000000D9
S3150002FF2000000000000000000000000000000000C9
S3150002FF300000000000210000000000000000000098
S3150002FF4000000000000000000000000000000000A9
S3150002FF500000000000000000000000000000000099
S3150002FF600000000000000412400000000000000033
S3150002FF700000000000000000000000000000000079
S3150002FF800000000000000000000000000000000069
S3150002FF9000000000000000008010000000000000C9
S3150002FFA00000000000000000000000000000000049
S3150002FFB00000000000000000000000000000000039
S3150002FFC000000000000000001020000000000000F9
S3150002FFD00000000000000000000000000000000019
S3150002FFE00000000000000000000000000000000009
S3150002FFF0000000000000000000044840000000006D
S3150003000000000000000000000000000000000000E7
S3150003001000000000000000000000000000000000D7
S3150003002000000000000000000000020A00000000BB
S3150003003000000000000000000000000000000000B7
S3150003004000000000000000000000000000000000A7
S315000300500000000000000000000000002000000077
S315000300600000000000000000000000000000000087
S315000300700000000000000000000000000000000077
S3150003008000000000000000000000000004810000E2
S315000300900000000000000000000000000000000057
S315000300A00000000000000000000000000000000047
S315000300B000000000000000000000000000004800EF
S315000300C00000000000000000000000000000000027
S315000300D00000000000000000000000000000000017
S315000300E00000000000000000000000000000000205
S315000300F000000000000000000000000000000000F7
S3150003010000000000000000000000000000000000E6
S3150003011000000000000000000000000000000000D6
S3150003012000000000000000000000000000000000C6
S3150003013000000000000000000000000000000000B6
S3150003014000000000000000000000000000000000A6
S315000301500004000000000000000000000000000092
S315000301600000000000000000000000000000000086
S315000301700000000000000000000000000000000076
S315000301800000000000000000000000000000000066
S315000301900000000000000000000000000000000056
S315000301A00000000000000000000000000000000046
S315000301B00000000000000000000000000000000036
S315000301C00000000000000000000000000000000026
S315000301D00000000000000000000000000000000016
S315000301E000000000000000000000000000200000E6
S315000301F000000000000000000000000000000000F6
S315000302000000000000000000000000005802620128
S3150003021000000000000000000000000000000000D5
S3150003022000000000000000000000000000000000C5
S3150003023000000000000000000000000000000000B5
S3150003024000000000000000000000000000000000A5
S315000302500000000000000000000000000000000095
S315000302600000000000000000000000000000000085
S315000302700000000000000000000000000000000075
S315000302800000000000000000000000000000000065
S315000302900000000000000000000000000000000055
S315000302A00000000000000000000000000000000045
S315000302B00000000000000000000000000000000035
S315000302C0000000000000000DFF40000000000000D9
S315000302D00000000000000000000000000000000015
S315000302E00000000000000000000000000000000005
S315000302F000000000000000000000000000000000F5
S3150003030000000000000000000000000000000000E4
S315000303100001FFDFFE0000000000000000000000F7
S3150003032000000000000000000000000000000000C4
S3150003033000000000000000000000000000000000B4
S3150003034000000000000000000000000000000000A4
S315000303500000000000000000000000003FFED3BFC5
S31500030360C0000000000000000000000000000000C4
S315000303700000000000000000000000000000000074
S315000303800000000000000000000000000000000064
S315000303900000000000000000000000000000000054
S315000303A000000000000007FFBB6CFFF80000000020
S315000303B00000000000000000000000000000000034
S315000303C00000000000000000000000000000000024
S315000303D00000000000000000000000000000000014
S315000303E00000000000000000000000000000000004
S315000303F0007FF6C9240FFE00000000000000000085
S3150003040000000000000000000000000000000000E3
S3150003041000000000000000000000000000000000D3
S3150003042000000000000000000000000000000000C3
S31500030430000000000000000000000007FD94CC93BC
S3150003044021FF800000000000000000000000000003
S315000304500000000000000000000000000000000093
S315000304600000000000000000000000000000000083
S315000304700000000000000000000000000000000073
S315000304800000000000003FE4D932C8903FC00000DE
S315000304900000000000000000000000000000000053
S315000304A00000000000000000000000000000000043
S315000304B00000000000000000000000000000000033
S315000304C00000000000000000000000000000000023
S315000304D000FE9B2642288C8FF000000000000000DF
S315000304E00000000000000000000000000000000003
S315000304F000000000000000000000000000000000F3
S3150003050000000000000000000000000000000000E2
S31500030510000000000000000000000007F6D924993F
S31500030520262261FC0000000000000000000000001D
S3150003053000000000000000000000000000000000B2
S3150003054000000000000000000000000000000000A2
S315000305500000000000000000000000000000000092
S315000305600000000000001FD92491840112127F00AD
S315000305700000000000000000000000000000000072
S315000305800000000000000000000000000000000062
S315000305900000000000000000000000000000000052
S315000305A00000000000000000000000000000000042
S315000305B0007F49249220C844923F80000000000037
S315000305C00000000000000000000000000000000022
S315000305D00000000000000000000000000000000012
S315000305E00000000000000000000000000000000002
S315000305F0000000000000000000000001F966C808C2
S315000306002204812487E000000000000000000000AF
S3150003061000000000000000000000000000000000D1
S3150003062000000000000000000000000000000000C1
S3150003063000000000000000000000000000000000B1
S3150003064000000000000007CC92024108212809138C
S31500030650F0000000000000000000000000000000A1
S315000306600000000000000000000000000000000081
S315000306700000000000000000000000000000000071
S315000306800000000000000000000000000000000061
S31500030690001FE698201041080241487C0000000034
S315000306A00000000000000000000000000000000041
S315000306B00000000000000000000000000000000031
S315000306C00000000000000000000000000000000021
S315000306D00000000000000000000000003F31210977
S315000306E0040406D010485E0000000000000000006D
S315000306F000000000000000000000000000000000F1
S3150003070000000000000000000000000000000000E0
S3150003071000000000000000000000000000000000D0
S3150003072000000000000000FB1244404100F7FF8474
S31500030730231F00000000000000000000000000006E
S3150003074000000000000000000000000000000000A0
S315000307500000000000000000000000000000000090
S315000307600000000000000000000000000000000080
S315000307700001D9C88010000BFF6F610823C0000079
S315000307800000000000000000000000000000000060
S315000307900000000000000000000000000000000050
S315000307A00000000000000000000000000000000040
S315000307B000000000000000000000000003F42421F4
S315000307C000001FFB79DC4283E0000000000000000C
S315000307D00000000000000000000000000000000010
S315000307E00000000000000000000000000000000000
S315000307F000000000000000000000000000000000F0
S315000308000000000000000007A6210000003F9B9E99
S31500030810DF0098F800000000000000000000000060
S3150003082000000000000000000000000000000000BF
S3150003083000000000000000000000000000000000AF
S31500030840000000000000000000000000000000009F
S3150003085000000FA980000000FEFEF76788423C00F7
S31500030860000000000000000000000000000000007F
S31500030870000000000000000000000000000000006F
S31500030880000000000000000000000000000000005F
S31500030890000000000000000000000000001E4804E5
S315000308A00000007FEFFDF9E2113F000000000000A9
S315000308B0000000000000000000000000000000002F
S315000308C0000000000000000000000000000000001F
S315000308D0000000000000000000000000000000000F
S315000308E000000000000000003B5210000000777B70
S315000308F06FBE70048F80000000000000000000003F
S3150003090000000000000000000000000000000000DE
S3150003091000000000000000000000000000000000CE
S3150003092000000000000000000000000000000000BE
S315000309300000006C9000000000FDDFFEEFDC424F7C
S31500030940C0000000000000000000000000000000DE
S31500030950000000000000000000000000000000008E
S31500030960000000000000000000000000000000007E
S315000309700000000000000000000000000000F62058
S3150003098040000000FFF6DBFBFF1053E00000000011
S31500030990000000000000000000000000000000004E
S315000309A0000000000000000000000000000000003E
S315000309B0000000000000000000000000000000002E
S315000309C0000000000000000001B10100000000EE7D
S315000309D0FFFF7EEDC491F000000000000000000060
S315000309E000000000000000000000000000000000FE
S315000309F000000000000000000000000000000000EE
S31500030A0000000000000000000000000000000000DD
S31500030A1000000003CC9000000000FBBB6DDFBF703D
S31500030A202478000000000000000000000000000021
S31500030A3000000000000000000000000000000000AD
S31500030A40000000000000000000000000000000009D
S31500030A500000000000000000000000000000076422
S31500030A600000000000F7BFFFF7F6E10B7C00000073
S31500030A70000000000000000000000000000000006D
S31500030A80000000000000000000000000000000005D
S31500030A90000000000000000000000000000000004D
S31500030AA00000000000000000001DB100000000016E
S31500030AB0DCEDB6FDDEE0485C00000000000000004F
S31500030AC0000000000000000000000000000000001D
S31500030AD0000000000000000000000000000000000D
S31500030AE000000000000000000000000000000000FD
S31500030AF0000000007F800000000001F7FFFFBF7BBE
S31500030B0062049F00000000000000000000000000D7
S31500030B1000000000000000000000000000000000CC
S31500030B2000000000000000000000000000000000BC
S31500030B30000000000000000000000000000001F6B5
S31500030B40480000000000F776DBEFEFA024A70000C3
S31500030B50000000000000000000000000000000008C
S31500030B60000000000000000000000000000000007C
S31500030B70000000000000000000000000000000006C
S31500030B800000000000000000000FFD202000000010
S31500030B9001DDDFFEFBBDE002278000000000000050
S31500030BA0000000000000000000000000000000003C
S31500030BB0000000000000000000000000000000002C
S31500030BC0000000000000000000000000000000001C
S31500030BD0000000003FED808000000001FFBB67BE00
S31500030BE0FF611119C00000000000000000000000B2
S31500030BF000000000000000000000000000000000EC
S31500030C0000000000000000000000000000000000DB
S31500030C10000000000000000000000000000000FBD0
S31500030C20FA000000000001E6EFFFEFEEC04443E0E8
S31500030C3000000000000000000000000000000000AB
S31500030C40000000000000000000000000000000009B
S31500030C50000000000000000000000000000000008B
S31500030C6000000000000000000003FFBA08000000B7
S31500030C700001FFFDBBFB7BC00048E0000000000055
S31500030C80000000000000000000000000000000005B
S31500030C90000000000000000000000000000000004B
S31500030CA0000000000000000000000000000000003B
S31500030CB0000000000FDDE4000000000001B777EF3D
S31500030CC07FDF4009087000000000000000000000FC
S31500030CD0000000000000000000000000000000000B
S31500030CE000000000000000000000000000000000FB
S31500030CF00000000000000000000000000000003FAC
S31500030D00F7F0000000000001EDDEFDDDF740802670
S31500030D105800000000000000000000000000000072
S31500030D2000000000000000000000000000000000BA
S31500030D3000000000000000000000000000000000AA
S31500030D40000000000000000000007EFEC820000036
S31500030D50000001EFFBB7F77D8000013C00000000B7
S31500030D60000000000000000000000000000000007A
S31500030D70000000000000000000000000000000006A
S31500030D80000000000000000000000000000000005A
S31500030D900000000000EFBFA0000000000001BB6FD1
S31500030DA0FF7FDF8001102E0000000000000000001E
S31500030DB0000000000000000000000000000000002A
S31500030DC0000000000000000000000000000000001A
S31500030DD00000000000000000000000000000000307
S31500030DE0FBEDE0000000000001FFFDDBDBFB8010F4
S31500030DF0060E0000000000000000000000000000D6
S31500030E0000000000000000000000000000000000D9
S31500030E1000000000000000000000000000000000C9
S31500030E200000000000000000000003DFFF40000098
S31500030E3000000001DDB77EFEEF00002097000000F2
S31500030E400000000000000000000000000000000099
S31500030E500000000000000000000000000000000089
S31500030E600000000000000000000000000000000079
S31500030E7000000000000FFDB780000000000001F72E
S31500030E80FFEFB7BD000000878000000000000000F0
S31500030E900000000000000000000000000000000049
S31500030EA00000000000000000000000000000000039
S31500030EB00000000000000000000000000000000029
S31500030EC01EEFFDA0000000000001BEDB7BFFFF005C
S31500030ED0020421C000000000000000000000000022
S31500030EE000000000000000000000000000000000F9
S31500030EF000000000000000000000000000000000E9
S31500030F00000000000000000000000037BF7F000063
S31500030F100000000001EBFF76DBEE00000109C000D4
S31500030F2000000000000000000000000000000000B8
S31500030F3000000000000000000000000000000000A8
S31500030F400000000000000000000000000000000098
S31500030F500000000000007DFBEF40000000000001E0
S31500030F60DF6DDFFEFC00004040E0000000000000F3
S31500030F700000000000000000000000000000000068
S31500030F800000000000000000000000000000000058
S31500030F900000000000000000000000000000000048
S31500030FA000DFFFBB00000000000000F7FFFB7FBC73
S31500030FB000000012700000000000000000000000A6
S31500030FC00000000000000000000000000000000018
S31500030FD00000000000000000000000000000000008
S31500030FE0000000000000000000000000FEDDFE809F
S31500030FF0000000000000FDB6EFDBF8000008827871
S3150003100000000000000000000000000000000000D7
S3150003101000000000000000000000000000000000C7
S3150003102000000000000000000000000000000000B7
S3150003103000000000000000F7F7DE000000000000DB
S3150003104000DFFFBDFEF800000008180000000000E6
S315000310500000000000000000000000000000000087
S315000310600000000000000000000000000000000077
S315000310700000000000000000000000000000000067
S315000310800001FDBEF70000000000000076DBF7B7A5
S31500031090E0000000219C00000000000000000000AA
S315000310A00000000000000000000000000000000037
S315000310B00000000000000000000000000000000027
S315000310C000000000000000000000000001BFEFFC6C
S315000310D0000000000000007FFEDEFFE000000200CB
S315000310E00E000000000000000000000000000000E9
S315000310F000000000000000000000000000000000E7
S3150003110000000000000000000000000000000000D6
S315000311100000000000000003EF7BBC00000000009D
S3150003112000006DBFFBDBC00000000466000000008A
S3150003113000000000000000000000000000000000A6
S315000311400000000000000000000000000000000096
S315000311500000000000000000000000000000000086
S315000311600000037BDFEE000000000000003FEDBF40
S31500031170FF80000000010F000000000000000000D7
S315000311800000000000000000000000000000000056
S315000311900000000000000000000000000000000046
S315000311A00000000000000000000000000003FEFF36
S315000311B07800000000000000377FEDB70000000054
S315000311C0080300000000000000000000000000000B
S315000311D00000000000000000000000000000000006
S315000311E000000000000000000000000000000000F6
S315000311F0000000000000000007B7BBFC0000000071
S315000312000000001DDB7FFE0000000000538000008D
S3150003121000000000000000000000000000000000C5
S3150003122000000000000000000000000000000000B5
S3150003123000000000000000000000000000000000A5
S3150003124000000007FDEFB4000000000800021FFFC6
S31500031250F6DC000000000101C000000000000000F1
S315000312600000000000000000000000000000000075
S315000312700000000000000000000000000000000065
S31500031280000000000000000000000000000006FB54
S315000312907EF800000001FFFFF90EEDDFF00000000D
S315000312A0004008C00000000000000000000000002D
S315000312B00000000000000000000000000000000025
S315000312C00000000000000000000000000000000015
S315000312D000000000000000000007EEDFEC00000045
S315000312E006FFFFFFEFBF7B60000000000002E00087
S315000312F000000000000000000000000000000000E5
S3150003130000000000000000000000000000000000D4
S3150003131000000000000000000000000000000000C4
S3150003132000000000077BF7B800000007BFFFDFFBE4
S31500031330F7EEC0000000000420700000000000006B
S315000313400000000000000000000000000000000094
S315000313500000000000000000000000000000000084
S315000313600000000000000000000000000000000371
S31500031370FDBDF80000000FF7F6FF7FFFBD800000FC
S315000313800000008170000000000000000000000063
S315000313900000000000000000000000000000000044
S315000313A00000000000000000000000000000000034
S315000313B00000000000000000000003BEEFFC000078
S315000313C0000EDF7FBBDFFBF70000000000000438E0
S315000313D00000000000000000000000000000000004
S315000313E000000000000000000000000000000000F4
S315000313F000000000000000000000000000000000E4
S31500031400000000000001FBFED00000001FFBDBFE16
S31500031410F7FF78000000000020003C0000000000F9
S3150003142000000000000000000000000000000000B3
S3150003143000000000000000000000000000000000A3
S315000314400000000000000000000000000000000093
S3150003145000DFB7F8000000176EFEDFFDFFFC00009B
S3150003146000000000009C00000000000000000000D7
S315000314700000000000000000000000000000000063
S315000314800000000000000000000000000000000053
S31500031490000000000000000000000000FFFFB8008D
S315000314A000001DFFB6F76F6FF60000000000004056
S315000314B0160000000000000000000000000000000D
S315000314C00000000000000000000000000000000013
S315000314D00000000000000000000000000000000003
S315000314E0000000000000003FDEF80000001FB76D9B
S315000314F0B5FFFDDE000000000002084F00000000FB
S3150003150000000000000000000000000000000000D2
S3150003151000000000000000000000000000000000C2
S3150003152000000000000000000000000000000000B2
S3150003153000001DFFF80000001EFDD92D97DF7C007B
S315000315400000000000000B00000000000000000087
S315000315500000000000000000000000000000000082
S315000315600000000000000000000000000000000072
S31500031570000000000000000000000000000FFBF860
S315000315800000003BDB776A74F7FE000000000000F2
S31500031590002380000000000000000000000000009F
S315000315A00000000000000000000000000000000032
S315000315B00000000000000000000000000000000022
S315000315C0000000000000000003EFF80000001FFB0E
S315000315D064CADF7FDA000000000010020780000003
S315000315E000000000000000000000000000000000F2
S315000315F000000000000000000000000000000000E2
S3150003160000000000000000000000000000000000D1
S3150003161000000000FFF80000001F6D9B1125DE6C23
S315000316200000000000004811C00000000000000098
S3150003163000000000000000000000000000000000A1
S315000316400000000000000000000000000000000091
S315000316500000000000000000000000000000001968
S31500031660F00000003DFDD2456DBF7C000000000088
S31500031670000001C0000000000000000000000000A0
S315000316800000000000000000000000000000000051
S315000316900000000000000000000000000000000041
S315000316A00000000000000000000000F80000003702
S315000316B0DB64C99B799C0000000000000084E00005
S315000316C00000000000000000000000000000000011
S315000316D00000000000000000000000000000000001
S315000316E000000000000000000000000000000000F1
S315000316F0000000000000680000003F7B39AADBFE03
S31500031700F80000000000000200E0000000000000F6
S3150003171000000000000000000000000000000000C0
S3150003172000000000000000000000000000000000B0
S3150003173000000000000000000000000000000000A0
S3150003174000380000003FFDCE666CFAF8000000008A
S3150003175000042008700000000000000000000000E4
S315000317600000000000000000000000000000000070
S315000317700000000000000000000000000000000060
S315000317800000000000000000000000003000000020
S3150003179036F6D359B7FB60000000000000000130A5
S315000317A00000000000000000000000000000000030
S315000317B00000000000000000000000000000000020
S315000317C00000000000000000000000000000000010
S315000317D000000000000000180000003FBB3D9EB75C
S315000317E0B76000000000000002003800000000009F
S315000317F000000000000000000000000000000000E0
S3150003180000000000000000000000000000000000CF
S3150003181000000000000000000000000000000000BF
S315000318200000180000001FFB6DE6DFE5E000000086
S3150003183000000088009C000000000000000000007B
S31500031840000000000000000000000000000000008F
S31500031850000000000000000000000000000000007F
S315000318600000000000000000000000000018000057
S31500031870001DF6D67B7F6D8000000000000000404F
S315000318803C00000000000000000000000000000013
S31500031890000000000000000000000000000000003F
S315000318A0000000000000000000000000000000002F
S315000318B00000000000000000180000003FBDB79BB9
S315000318C07F9F0000000000000210020E00000000CF
S315000318D000000000000000000000000000000000FF
S315000318E000000000000000000000000000000000EF
S315000318F000000000000000000000000000000000DF
S31500031900000000180000001EEDB9EDFCF600000013
S315000319100000000040804E000000000000000000B0
S3150003192000000000000000000000000000000000AE
S31500031930000000000000000000000000000000009E
S3150003194000000000000000000000000000001C0072
S3150003195000001FFB6E77F76C000000000000040018
S315000319601006000000000000000000000000000058
S31500031970000000000000000000000000000000005E
S31500031980000000000000000000000000000000004E
S31500031990000000000000000000180000000FDB7BC1
S315000319A0DFCB6C000000000000008200270000006F
S315000319B0000000000000000000000000000000001E
S315000319C0000000000000000000000000000000000E
S315000319D000000000000000000000000000000000FE
S315000319E0000000001C0000000EFDDBFF3BB0000002
S315000319F0000000000800200980000000000000002D
S31500031A0000000000000000000000000000000000CD
S31500031A1000000000000000000000000000000000BD
S31500031A200000000000000000000000000000000CA1
S31500031A300000000FB76DB666F0000000000000025C
S31500031A40000003800000000000000000000000000A
S31500031A50000000000000000000000000000000007D
S31500031A60000000000000000000000000000000006D
S31500031A70000000000000000000000C0000000FFB47
S31500031A806F7CDDC000000000000010808412C000DF
S31500031A90000000000000000000000000000000003D
S31500031AA0000000000000000000000000000000002D
S31500031AB0000000000000000000000000000000001D
S31500031AC000000000001C0000000EFBBBEBB700008B
S31500031AD0000000000004000040E0000000000000D9
S31500031AE000000000000000000000000000000000ED
S31500031AF000000000000000000000000000000000DD
S31500031B0000000000000000000000000000000000CC
S31500031B100E00000007BEFEEB36800000000000004A
S31500031B2024081001E000000000000000000000008F
S31500031B30000000000000000000000000000000009C
S31500031B40000000000000000000000000000000008C
S31500031B50000000000000000000000006000000076F
S31500031B60EFDFDDDC0000000000000008000001607C
S31500031B70000000000000000000000000000000005C
S31500031B80000000000000000000000000000000004C
S31500031B90000000000000000000000000000000003C
S31500031BA000000000000006000000077B7F56F800D7
S31500031BB00000000000004200000470000000000066
S31500031BC0000000000000000000000000000000000C
S31500031BD000000000000000000000000000000000FC
S31500031BE000000000000000000000000000000000EC
S31500031BF0000700000007DFFFB3E00000000000005D
S31500031C000030000100B000000000000000000000EA
S31500031C1000000000000000000000000000000000BB
S31500031C2000000000000000000000000000000000AB
S31500031C300000000000000000000000000700000094
S31500031C4003F7FCBF40000000000000010000001085
S31500031C50B8000000000000000000000000000000C3
S31500031C60000000000000000000000000000000006B
S31500031C70000000000000000000000000000000005B
S31500031C80000000000000000300000003BFF79F00F0
S31500031C9000000000000000480000003800000000BB
S31500031CA0000000000000000000000000000000002B
S31500031CB0000000000000000000000000000000001B
S31500031CC0000000000000000000000000000000000B
S31500031CD000000380000003FFF6F800000000000088
S31500031CE00002400004023C00000000000000000067
S31500031CF000000000000000000000000000000000DB
S31500031D0000000000000000000000000000000000CA
S31500031D100000000000000000000000000003C000F7
S31500031D200003FF9FE4000000000000000190000094
S31500031D30109C0000000000000000000000000000EE
S31500031D40000000000000000000000000000000008A
S31500031D50000000000000000000000000000000007A
S31500031D60000000000000000001C0000003FEFF00A9
S31500031D700000000000000004800000401E00000078
S31500031D80000000000000000000000000000000004A
S31500031D90000000000000000000000000000000003A
S31500031DA0000000000000000000000000000000002A
S31500031DB000000001C0000001DFF000000000000089
S31500031DC0000006C00000004E0000000000000000F6
S31500031DD000000000000000000000000000000000FA
S31500031DE000000000000000000000000000000000EA
S31500031DF0000000000000000000000000000000E4F6
S31500031E00000001FDE4400000000000000013240070
S31500031E1000000F00000000000000000000000000AA
S31500031E2000000000000000000000000000000000A9
S31500031E300000000000000000000000000000000099
S31500031E4000000000000000000000E0000001FF8029
S31500031E5000000000000000001B2000000027000017
S31500031E600000000000000000000000000000000069
S31500031E700000000000000000000000000000000059
S31500031E800000000000000000000000000000000049
S31500031E90000000000070800001F700000000000051
S31500031EA00000004CC000000013800000000000008A
S31500031EB00000000000000000000000000000000019
S31500031EC00000000000000000000000000000000009
S31500031ED000000000000000000000000000000000F9
S31500031EE070000001FC000000000000000000370045
S31500031EF00000000F8000000000000000000000004A
S31500031F0000000000000000000000000000000000C8
S31500031F1000000000000000000000000000000000B8
S31500031F20000000000000000000000068100001E847
S31500031F30000000000000000000BD2200000023C0D6
S31500031F400000000000000000000000000000000088
S31500031F500000000000000000000000000000000078
S31500031F600000000000000000000000000000000068
S31500031F7000000000000038848001F000000000002B
S31500031F8000000001EC9980000003C000000000007F
S31500031F900000000000000000000000000000000038
S31500031FA00000000000000000000000000000000028
S31500031FB00000000000000000000000000000000018
S31500031FC00036202001800080000000000000016E22
S31500031FD0CF60000009E000000000000000000000E0
S31500031FE000000000000000000000000000000000E8
S31500031FF000000000000000000000000000000000D8
S31500032000000000000000000000000000180908039B
S315000320108000000000000000000FDBFFC00000018D
S31500032020E0000000000000000000000000000000C7
S315000320300000000000000000000000000000000097
S315000320400000000000000000000000000000000087
S31500032050000000000000001D924000000080000008
S31500032060000000000BFFFFF0000004E0000000008A
S315000320700000000000000000000000000000000057
S315000320800000000000000000000000000000000047
S315000320900000000000000000000000000000000037
S315000320A000001C4410000000800000000000007EB9
S315000320B0FFFFF8000000F000000000000000000031
S315000320C00000000000000000000000000000000007
S315000320D000000000000000000000000000000000F7
S315000320E0000000000000000000000000000E490090
S315000320F00000018000000000000177FFB4FC00002F
S31500032100027800000000000000000000000000004C
S3150003211000000000000000000000000000000000B6
S3150003212000000000000000000000000000000000A6
S3150003213000000000000000001E0000000000000078
S315000321400000000005FFFB6F7E0000017800000021
S315000321500000000000000000000000000000000076
S315000321600000000000000000000000000000000066
S315000321700000000000000000000000000000000056
S315000321800000001C20000000008000000000001773
S31500032190FFEEDB7E00000178000000000000000077
S315000321A00000000000000000000000000000000026
S315000321B00000000000000000000000000000000016
S315000321C000000000000000000000000000001D00E9
S315000321D0000000008000000000005FFFBDB4DF00C8
S315000321E000003C00000000000000000000000000AA
S315000321F000000000000000000000000000000000D6
S3150003220000000000000000000000000000000000C5
S315000322100000000000000000001C00000000020097
S3150003222000000000016FFEE76FB7800000BC0000EE
S315000322300000000000000000000000000000000095
S315000322400000000000000000000000000000000085
S315000322500000000000000000000000000000000075
S31500032260000000001E0000000000C0000000000483
S31500032270FFFBBB6AB7C000023C0000000000000081
S315000322800000000000000000000000000000000045
S315000322900000000000000000000000000000000035
S315000322A00000000000000000000000000000001E07
S315000322B00000000000000000000007FFEEDB9ADBD1
S315000322C0C000005E000000000000000000000000E7
S315000322D000000000000000000000000000000000F5
S315000322E000000000000000000000000000000000E5
S315000322F0000000000000000000003C000000000297
S3150003230040000000003BFFB6DCF76DE000004E0026
S3150003231000000000000000000000000000000000B4
S3150003232000000000000000000000000000000000A4
S315000323300000000000000000000000000000000094
S3150003234000000000001C0000000000C000000000A8
S315000323505FFEDB672D6DF000002F0000000000001C
S315000323600000000000000000000000000000000064
S315000323700000000000000000000000000000000054
S315000323800000000000000000000000000000000044
S315000323901C000000000000000000017FFEDB7BC97B
S315000323A09B7000010F000000000000000000000009
S315000323B00000000000000000000000000000000014
S315000323C00000000000000000000000000000000004
S315000323D000000000000000000000003C00000000B8
S315000323E0024000000001FFF76D9A7BB6F800004F2C
S315000323F000000000000000000000000000000000D4
S3150003240000000000000000000000000000000000C3
S3150003241000000000000000000000000000000000B3
S315000324200000000000001C00000000008000000007
S3150003243002FFF5B6EDB66DFC0000130000000000C8
S315000324400000000000000000000000000000000083
S315000324500000000000000000000000000000000073
S315000324600000000000000000000000000000000063
S31500032470003C00000000030000000003FFBDB6EDB2
S3150003248095DB7C0000978000000000000000000040
S315000324900000000000000000000000000000000033
S315000324A00000000000000000000000000000000023
S315000324B000000000000000000000000039000000DA
S315000324C00000C00000000FFFCE6D9B7D9B7E0000C9
S315000324D0078000000000000000000000000000006C
S315000324E000000000000000000000000000000000E3
S315000324F000000000000000000000000000000000D3
S31500032500000000000000001C000070000000000036
S31500032510000FFF73D9F36DB6DE000009C00000009B
S3150003252000000000000000000000000000000000A2
S315000325300000000000000000000000000000000092
S315000325400000000000000000000000000000000082
S3150003255000003C0003E00000000000001FFDBD9EDC
S315000325606DADEDBE000047C0000000000000000096
S315000325700000000000000000000000000000000052
S315000325800000000000000000000000000000000042
S31500032590000000000000000000000000003C000DE9
S315000325A0A00000000000003FFECD679CEE6DBF005B
S315000325B00010C00000000000000000000000000042
S315000325C00000000000000000000000000000000002
S315000325D000000000000000000000000000000000F2
S315000325E000000000000000001D007F400000000006
S315000325F000003FF6F6F9E773B6DF000003E00000DC
S3150003260000000000000000000000000000000000C1
S3150003261000000000000000000000000000000000B1
S3150003262000000000000000000000000000000000A1
S315000326300000003C13F2400000000000007FF73367
S315000326409E6D9DB6FF000048E000000000000000FC
S315000326500000000000000000000000000000000071
S315000326600000000000000000000000000000000061
S3150003267000000000000000000000000000003E9D76
S31500032680B3C00000000000007FD9CD66DBBDDB3F91
S31500032690800002E0000000000000000000000000CF
S315000326A00000000000000000000000000000000021
S315000326B00000000000000000000000000000000011
S315000326C00000000000000000001EFF0C8000000058
S315000326D0000001BFDE7679B2E66FDF80001170007D
S315000326E000000000000000000000000000000000E1
S315000326F000000000000000000000000000000000D1
S3150003270000000000000000000000000000000000C0
S31500032710000000001FECE780000000000001FF67D7
S31500032720339F6EDFBCF780000470000000000000DA
S315000327300000000000000000000000000000000090
S315000327400000000000000000000000000000000080
S315000327500000000000000000000000000000001F51
S31500032760F263000000000000037FB9CDE5DB79EFDB
S31500032770BF800021B0000000000000000000000040
S315000327800000000000000000000000000000000040
S315000327900000000000000000000000000000000030
S315000327A0000000000000000000001FD31D80000091
S315000327B000000007FEDB6D36776F73EFC00000B8CD
S315000327C00000000000000000000000000000000000
S315000327D000000000000000000000000000000000F0
S315000327E000000000000000000000000000000000E0
S315000327F000000000000DD9270000000000000DFEB8
S31500032800D666DBADB79EFFC000047800000000006B
S3150003281000000000000000000000000000000000AF
S31500032820000000000000000000000000000000009F
S31500032830000000000000000000000000000000008F
S3150003284007E46C0000000000001BFB659BDBBBBCC0
S31500032850FF37C00010580000000000000000000011
S31500032860000000000000000000000000000000005F
S31500032870000000000000000000000000000000004F
S31500032880000000000000000000000003E49B0000BD
S31500032890000000003FFDB9B96CDAEFEDFFC000415F
S315000328A01C00000000000000000000000000000003
S315000328B0000000000000000000000000000000000F
S315000328C000000000000000000000000000000000FF
S315000328D000000000000000FA660000000000006F20
S315000328E0F69ACF376EDB3BCFC00000BC000000007A
S315000328F000000000000000000000000000000000CF
S3150003290000000000000000000000000000000000BE
S3150003291000000000000000000000000000000000AE
S315000329200000FB6C000018000000FFFB6666DB6D11
S31500032930DFF6FBE0000424000000000000000000B6
S31500032940000000000000000000000000000000007E
S31500032950000000000000000000000000000000006E
S31500032960000000000000000000000000003EDC0044
S315000329700064000001FFED6DB9DBB774DFBFC00073
S31500032980011C000000000000000000000000000021
S31500032990000000000000000000000000000000002E
S315000329A0000000000000000000000000000000001E
S315000329B000000000000000001FFC0003800000036D
S315000329C07FF5912F66DB6FDB6FC000204E000000A2
S315000329D000000000000000000000000000000000EE
S315000329E000000000000000000000000000000000DE
S315000329F000000000000000000000000000000000CE
S31500032A000000000FF9000C0000000EDFDC96CDBDC0
S31500032A10DBDB7FFBC0000466000000000000000053
S31500032A20000000000000000000000000000000009D
S31500032A30000000000000000000000000000000008D
S31500032A40000000000000000000000000000003FC7E
S31500032A504038400000183FDA6676B76EDDEDBFE01A
S31500032A600001160000000000000000000000000046
S31500032A70000000000000000000000000000000004D
S31500032A80000000000000000000000000000000003D
S31500032A9000000000000000000000F700E200000054
S31500032AA0741F66493399BDB6BFEDC000001300001D
S31500032AB0000000000000000000000000000000000D
S31500032AC000000000000000000000000000000000FD
S31500032AD000000000000000000000000000000000ED
S31500032AE000000000001FE6C8000001E11FB1339D8E
S31500032AF0EEDDF6F6FFE000048F00000000000000A4
S31500032B0000000000000000000000000000000000BC
S31500032B1000000000000000000000000000000000AC
S31500032B20000000000000000000000000000000009C
S31500032B300FFB8000000F885E9994ED6EE75FDFB7A9
S31500032B40E000102300000000000000000000000069
S31500032B50000000000000000000000000000000006C
S31500032B60000000000000000000000000000000005C
S31500032B70000000000000000000000001FFB4800018
S31500032B806C021FCC4D37733F79FBFDE000003380A9
S31500032B90000000000000000000000000000000002C
S31500032BA0000000000000000000000000000000001C
S31500032BB0000000000000000000000000000000000C
S31500032BC000000000000001FFFF24830000BD6667CC
S31500032BD076DDFBCF6EDFE000008980000000000099
S31500032BE000000000000000000000000000000000DC
S31500032BF000000000000000000000000000000000CC
S31500032C0000000000000000000000000000000000BB
S31500032C100000DFFFFED000043F3199DADDCEFFFF6F
S31500032C20F7E000000980000000000000000000003B
S31500032C30000000000000000000000000000000008B
S31500032C40000000000000000000000000000000007B
S31500032C5000000000000000000000000003BFFFF2B8
S31500032C600000217B892CDB677DB6B5BDE000004CF7
S31500032C70C00000000000000000000000000000008B
S31500032C80000000000000000000000000000000003B
S31500032C90000000000000000000000000000000002B
S31500032CA00000000000000003FB40000000007CCC95
S31500032CB0CEDDBDB7DFFFEFE0000013C0000000006C
S31500032CC000000000000000000000000000000000FB
S31500032CD000000000000000000000000000000000EB
S31500032CE000000000000000000000000000000000DB
S31500032CF00000037BC000000004F6649366DBFAFB66
S31500032D006E7BE0000004C00000000000000000002D
S31500032D1000000000000000000000000000000000AA
S31500032D20000000000000000000000000000000009A
S31500032D300000000000000000000000000003DE8029
S31500032D4000000021FB13377B6ECFBFFBDFE00002E1
S31500032D5024E0000000000000000000000000000066
S31500032D60000000000000000000000000000000005A
S31500032D70000000000000000000000000000000004A
S31500032D80000000000000000003F70000000089EDCA
S31500032D90926DBB6DFDDDBFF7E0000009A0000000EA
S31500032DA00000000000060000000000000000000014
S31500032DB0000000000000000000000000000000000A
S31500032DC000000000000000000000000000000000FA
S31500032DD000000007BD8000000003F4CCCCEDDDB796
S31500032DE077E6FDE000000A60000000000000000036
S31500032DF00782000000000000000000000000000041
S31500032E0000000000000000000000000000000000B9
S31500032E10000000000000000000000000000007FFA3
S31500032E200000000113DB25B76DB7B7FAFFBFE0005B
S31500032E300082E0000000000000000018E800000027
S31500032E400000000000000000000000000000000079
S31500032E500000000000000000000000000000000069
S31500032E6000000000000000000007760000000007D5
S31500032E70DA64B76EF6EDAFBBEFE000001270000048
S31500032E800000000000001A620000000000000000BD
S31500032E900000000000000000000000000000000029
S31500032EA00000000000000000000000000000000019
S31500032EB00000000007F60000000227EC9ACCDB5E58
S31500032EC0EFFDEEFBE00000057000000000000000CF
S31500032ED000FF840000000000000000000000000066
S31500032EE000000000000000000000000000000000D9
S31500032EF000000000000000000000000000000007C2
S31500032F00FC000000000B6D937BB773BB777FBFE0BC
S31500032F100002047000000000000000001E04000010
S31500032F200000000000000000000000000000000098
S31500032F300000000000000000000000000000000088
S31500032F40000000000000000000000FCC0000000499
S31500032F504FD3652B6DDFBFBFDDEDE00000133000FF
S31500032F6000000000000001184800000000000000F7
S31500032F700000000000000000000000000000000048
S31500032F800000000000000000000000000000000038
S31500032F9000000000000EF80000000017B64CEDDB41
S31500032FA06DEDEDF7FFE0000001B800000000000042
S31500032FB00001ED0800000000000000000000000012
S31500032FC000000000000000000000000000000000F8
S31500032FD000000000000000000000000000000000E8
S31500032FE00FF8000000011F6CB39DB6EF7F7F7F775C
S31500032FF0C000000878000000000000000339380014
S3150003300000000000000000000000000000000000B7
S3150003301000000000000000000000000000000000A7
S3150003302000000000000000000000000FD8000000B0
S31500033030084F59A676B6DB76DBDDDFC00000431802
S3150003304000000000000000069C08000000000000CD
S315000330500000000000000000000000000000000067
S315000330600000000000000000000000000000000057
S315000330700000000000000FD8000000021ED66DD627
S31500033080DBDEDFEEF7FFE0000001BC00000000001E
S315000330900000048C8800000000000000000000000F
S315000330A00000000000000000000000000000000017
S315000330B00000000000000000000000000000000007
S315000330C0001F70000000009FB359BB6EF6F9BFBF27
S315000330D0BFC0000008340000000000000001B23841
S315000330E000000000000000000000000000000000D7
S315000330F000000000000000000000000000000000C7
S315000331000000000000000000000000001DF00000A9
S3150003311000087DAD96ADB6B7BFF5FEF7C000000259
S315000331209C000000000000000939180000000000A0
S315000331300000000000000000000000000000000086
S315000331400000000000000000000000000000000076
S31500033150000000000000001FF0000000023ECCE665
S31500033160EDB7BDEDBF77FF80000000CE0000000085
S31500033170000000084C4800000000000000000000AA
S315000331800000000000000000000000000000000036
S315000331900000000000000000000000000000000026
S315000331A000001FB000000010BB733B6ED9EDEFEFBC
S315000331B0DFDF800000245A0000000000000003D275
S315000331C028000000000000000000000000000000CE
S315000331D000000000000000000000000000000000E6
S315000331E0000000000000000000000000001FE000D7
S315000331F00000017D9B4DB36F7B7B7BFEFF80000050
S31500033200011E000000000000000862980000000094
S3150003321000000000000000000000000000000000A5
S315000332200000000000000000000000000000000095
S3150003323000000000000000001BE00000000976CC3F
S31500033240D4DDBDDFDFDEFBFF00000000CD000000A4
S315000332500000000309A85800000000000000000059
S315000332600000000000000000000000000000000055
S315000332700000000000000000000000000000000045
S315000332800000003FA000000004FEE6B76DB6D6F6C8
S31500033290F7BFDE000000082700000000000000C2A0
S315000332A0CC680000000000000000000000000000E1
S315000332B00000000000000000000000000000000005
S315000332C000000000000000000000000000003FC0F6
S315000332D000000024FB3329B36EFFBFBDFFF80000D7
S315000332E000012E000000000000004251A80000006B
S315000332F000000000000000000000000000000000C5
S3150003330000000000000000000000000000000000B4
S315000333100000000000000000003FC000000001DBC9
S3150003332059DEDEDBABEDEFEEF8000000044F0000E4
S315000333300000000000699268000000000000000021
S315000333400000000000000000000000000000000074
S315000333500000000000000000000000000000000064
S31500033360000000003DC000000012F4CCD26DB7BED1
S315000333707F7BFFB000000000470000000000000054
S315000333802D86480000000000000000000000000039
S315000333900000000000000000000000000000000024
S315000333A00000000000000000000000000000003FD5
S315000333B0C000000009F7366FB77DF7DBFF7DE0003D
S315000333C0000001368000000000000024E998C000D8
S315000333D000000000000000000000000000000000E4
S315000333E000000000000000000000000000000000D4
S315000333F0000000000000000000007F80000000497C
S31500033400DB6739B6CE6DFEDDFFC00000000807801E
S315000334100000000000006318E480000000000000C4
S315000334200000000000000000000000000000000093
S315000334300000000000000000000000000000000083
S3150003344000000000007F8000000007ECC9CEDBBB54
S31500033450EF6FF7EF80000000009B00000000000004
S31500033460003246C600000000000000000000000015
S315000334700000000000000000000000000000000043
S315000334800000000001000000000000000000000032
S315000334903F0000000023B6BA76DB7BBBFB7FFF0051
S315000334A00000000023C000000000000023670A009C
S315000334B00000000000000000000000000000000003
S315000334C00000000000000000000000000000001FD4
S315000334D0FF000000000000000000007F0000000164
S315000334E00BDBA79B6DCEFEDFDFBB000000000427CE
S315000334F080000000000000293C18000000000000C6
S3150003350000000000000000000000000000000000B2
S3150003351000000000000000000000FFFFF8000000AC
S315000335200000000000007F000000004BD974EDB6D8
S31500033530FED7F7FEFE000000000119C000000000E0
S31500033540000030D85000000000000000000000001A
S315000335500000000000000000000000000000000062
S315000335600000000003FFFFFF000000000000000052
S31500033570007F00000000176F5B66DB33FDBDFBF6C3
S3150003358000000000004740000000000000327050B9
S315000335900000000000000000000000000000000022
S315000335A0000000000000000000000000000000070B
S315000335B0ECDBF78000000000000000007F00000045
S315000335C00097AACE5B6DFF3FEF7FFC000000000073
S315000335D013C000000000000024613000000000005A
S315000335E000000000000000000000000000000000D2
S315000335F0000000000000000000001FBBFEFFE0000B
S3150003360000000000000000FF0000000027BB33DBC2
S315000336106DADEDFBEFDC000000000219C0000000F9
S3150003362000000013418000000000000000000000BD
S315000336300000000000000000000000000000000081
S3150003364000000000003BEF6FCDF00000000000001B
S315000336500000FE000000010F67DD6DB6EFFF7FFE81
S31500033660FC000000000045E000000000000018C454
S31500033670C000000000000000000000000000000081
S315000336800000000000000000000000000000000031
S31500033690EF6DFBF7780000000000000000FE00005D
S315000336A000004F796736DBDADBDDDFFC0000000064
S315000336B00015A00000000000001B264000000000CB
S315000336C000000000000000000000000000000000F1
S315000336D00000000000000000000001FF7FBF3BD890
S315000336E00000000000000000FF000000005F9F3A9A
S315000336F0DB6D7EFEF7FDF8000000000085E00000AC
S31500033700000000000D930000000000000000000010
S3150003371000000000000000000000000000000000A0
S31500033720000000000007FED6EFCEFE0000000000FA
S31500033730000000FE000000011EE6DBDB6DE7B7BFFD
S31500033740BFF8000000000009C000000000000007E9
S3150003375019800000000000000000000000000000C7
S315000337600000000000000000000000000000000050
S3150003377007BDB7FEFDAE0000000000000000FE001E
S315000337800000045EECD66DB6FDFDFEFBF8000000FE
S31500033790000026E0000000000000036E00000000A9
S315000337A00000000000000000000000000000000010
S315000337B000000000000000000000000FEDFDBCB794
S315000337C07F0000000000000000FC000000009F3B9B
S315000337D075B6DB9B6F77FFF8000000000084F000EE
S315000337E00000000000037800000000000000000055
S315000337F000000000000000000000000000000000C0
S315000338000000000000000F7E5FFF36D700000000B7
S3150003381000000001FC000000023DDB5DB6DBFBFBA4
S31500033820FFEDF00000000000135000000000000050
S3150003383001B00000000000000000000000000000CE
S31500033840000000000000000000000000000000006F
S31500033850001FDBF6D96DBD8000000000000001FCEF
S3150003386000000000BDB6D66DBCECDEEEFFF0000036
S3150003387000000009E00000000000000160000000F5
S31500033880000000000000000000000000000000002F
S3150003389000000000000000000000000019FB27FCE8
S315000338A0FB6FC000000000000001FC00000008B62A
S315000338B0EDB7BB67B7F7FFDFE0000000000024F0B9
S315000338C000000000000001400000000000000000AE
S315000338D000000000000000000000000000000000DF
S315000338E00000000000000039FD8B769BFBC0000042
S315000338F00000000001F8000000027B5B69B6DF7779
S315000339007DFDF7E0000000000084D0000000000009
S315000339100002C000000000000000000000000000DC
S31500033920000000000000000000000000000000008E
S31500033930000032F683F3FEBEC00000000000000163
S31500033940F8000000027DDA6ED6F5DDDFBFFFE0008A
S315000339500000000003700000000000000280000069
S31500033960000000000000000000000000000000004E
S315000339700000000000000000000000000024FA031D
S31500033980BDE7EFE000000000000001F000000009C1
S3150003399076B7B6DB377DF7FBEFC0000000000011FA
S315000339A06000000000000002C000000000000000EC
S315000339B000000000000000000000000000040000FA
S315000339C00000000000000000647B13F781FB600029
S315000339D0000000000001F0000000017B6CD9BBDE93
S315000339E0EF7DFF7FC0000000000004F00000000030
S315000339F0000002800000000000000000000000003C
S31500033A00000000000000000001800000000000002C
S31500033A10000000617607F736DDE0000000000000D5
S31500033A2003F800000014ED6B5B6CDBBBDFEFFF807C
S31500033A30000000000022B000000000000006800025
S31500033A40000000000000000000000000000000006D
S31500033A500000000020000000000000000000C9FC78
S31500033A608DBD04F7F000000000000001F000000027
S31500033A7004F7BB6EDF6FDEF6FEEF8000000000008A
S31500033A80097000000000000005800000000000002F
S31500033A900000000000000000000000000000000815
S31500033AA0800000000000000000CAEE4FEE49BEF0A1
S31500033AB000000000000003F000000023F6DB6DB3F6
S31500033AC07AF7BFDFFF8000000000000178000000E6
S31500033AD000000005000000000000000000000000D8
S31500033AE0000000200000000000000020000000008D
S31500033AF000000000E2F613F625EBB8000000000014
S31500033B000003F000000089ECD6D76DB7BDFBFBBF01
S31500033B1000000000000024D800000000000005009B
S31500033B20000000000000000000000000000082000A
S31500033B30000000000000080000000000000001F77C
S31500033B40B69F7696FBF800000000000003F0000025
S31500033B500009EF76B5DDB76F7FBEFF0000000000FA
S31500033B600002700000000000000580000000000055
S31500033B700000000000000000040000000000000038
S31500033B8000020000000000000001FBFE4FFE53DEB2
S31500033B90F800000000000003F000000027F36DADFD
S31500033BA0B6DDFBEDFFDE000000000000093000007B
S31500033BB0000000000C0000000000000000000000F0
S31500033BC000000040000008000000000000000000A4
S31500033BD00000000003FF6F3DB60DF7BE592000003D
S31500033BE0000007E000000211DDBB6E6EF7BFBF7772
S31500033BF07E00000000000021B80000000000000B5A
S31500033C0000000000000000000000000000000000AB
S31500033C100000000000000000800000000000000318
S31500033C207DDBF7DCADFDFFFFFFFF69920097F00038
S31500033C3000004BDDAEDBDBBBEDFFFDFF000000004C
S31500033C40000004780000000000000B0000000000E4
S31500033C500000000000480000000000008000000093
S31500033C600000002000000000000003DFDCDEEE673A
S31500033C70AF7FFFFFFFFFFFFFFFE00000410BE6E61C
S31500033C80B6DB6E7FEDEFFE0000000000000138009A
S31500033C9000000000000C000000000000000000020D
S31500033CA00000008402000800000000000000180065
S31500033CB0000000000006F6F7FBB71FFBDDB6FFFFAB
S31500033CC0FFFFFFEFE000020027BBB9B6EDF7DB7F8E
S31500033CD0BFBE00000000000009380000000000001D
S31500033CE00D000000000000000000200000882010E6
S31500033CF02040000000000000000602000000000053
S31500033D0007BFBDBFDBFE76FCD982492DB7D92FE0AD
S31500033D1000000227DB6F6DB73DEFDBFDFC00000003
S31500033D2000000020D80000000000000B0000000087
S31500033D300000000000800002220840090004000081
S31500033D4000000000019091B0000000076DEFEDEE5A
S31500033D50F9DFBE4D7B6D24944DBFE00000081BDDEB
S31500033D60D36DB6EF7EFFEFFC000000000000027883
S31500033D700000000000000A004000004000000002AE
S31500033D800001200001000002100008000013592062
S31500033D906400668000000DF77B6F3BEFDBDFB64DFB
S31500033DA0B6DB6DB6DFE0000020C766DDB6DEF3DB0B
S31500033DB0F77EF80000000000000138000000000054
S31500033DC0001A014000030000000018001008084014
S31500033DD0049010000920849248CD92212640B00019
S31500033DE0000E9FDEFBF77B7EFCB3B492DB6B32CF18
S31500033DF0C00008801FBB36DB6BDFFFBDF7F8000092
S31500033E000000000008980000000000001A0480006B
S31500033E10080000000040010242401200044448002A
S31500033E2004A002C0005A9B7B9F06924E8FF9DBBC0F
S31500033E30DD9DEFBECCB76D2499CF7FE00400024F22
S31500033E40BDEB6DBB7DBFEFFFF0000000000000027D
S31500033E507C00000000000016120400200000000190
S31500033E600008481004809241010236906B6816726E
S31500033E7042C849B56C02D09D6F7BCFDBF7BBEE6DB5
S31500033E80996DEDB679BFC00000004F66CDB6DFEF82
S31500033E90EEFFBBF000000000000021380000000028
S31500033EA00000144B2121802000000400820084902E
S31500033EB0240049282449B71A49119224272665B1B3
S31500033EC0EB603DDBB6FB6E7EF6FDB36D993366CED6
S31500033ED0CFC00822113EDB36DB76FB7FFDFEF0000A
S31500033EE0000000000000980000000002001B2408E8
S31500033EF04C0080000012442092001304DD124A8114
S31500033F004964C496CC899121900A36392D1F7AEEDD
S31500033F10F7BBCEDFBD9CCCD6DA59B6FFC000004056
S31500033F208EDDF6DB6FBFF76FDFF0000000000000E9
S31500033F3004B80000000004003A24CA5410844494D0
S31500033F4098110C486B484B13349218344C24B0A484
S31500033F50644D9856C88244815B6EDB9DF6FBDBEEAF
S31500033F60DB7366CEDB773FC00004049F66DB6DED33
S31500033F70EEFFFFFBF0000000000000003800000029
S31500033F800000001499331106231244C192632508D5
S31500033F90493240CD84C426932204231260964253A9
S31500033FA02912527EDB77FF77BB7E7E6B373933A6CA
S31500033FB0D9FFC08000013DBB3B6DBDFBDBF77FE056
S31500033FC0000000000000126C000000000800349B93
S31500033FD030C9633AD92724649094C525849900246B
S31500033FE0A4089099491899926199324CC91237B726
S31500033FF06CE7BDAFEFDDB9CCCDD9BDAEDF82012114
S31500034000227DBBCDB7B77FFF7FF7E000000000003E
S315000340100000B8000000000000B64844CA19C8C42E
S3150003402099264C9EDA31244924662A224924844956
S3150003403092641629248CD224893DB4DFBDEDEDBBF1
S31500034040FDB6DBD6CE676EFFC00000089ECCF6DC5D
S31500034050FFDDBFDEFFC000000000000000B8000067
S315000340600000000036611322960924989293666332
S31500034070A8925244918918244A64A46486C48C661F
S31500034080A1133264BDDDB3FF6E7DDEFEDEF673374C
S31500034090DB73BF800008827AF736DBDBF7FBF7FFBB
S315000340A0C0000000000000083000000000486274F1
S315000340B0949A2C90E6336248C12108CA4914921097
S315000340C044C424C91325093099B310AD24C9127EFB
S315000340D06DBCD3F3DF77BB6B376DF57ADEFF8804F0
S315000340E08204FB37DB6F7EFEFF7DDFC0000000002E
S315000340F00000026C000000009B1B1D926284662474
S31500034100C90A4A6C9926124964924C52244924C816
S3150003411052494C62499B24A80C927BB36F7EDFE71E
S31500034120FDFDBBCDBD5D8EDB7F8000001137D9BBA6
S31500034130776FBBEFFFFFC000000000000010B82040
S31500034140488005B244B449097309912491922644DF
S31500034150B13192492483122313242648D2430C4CAB
S3150003416062528B62483FB66BDFBD3CDF7DB6FBA771
S315000341706EF76F7F80010846F4DEEDDDFBEFFEEFA1
S31500034180FF900000000000000034EF3B2D3518902F
S31500034190B4CCCC48985B2494259252890C26924938
S315000341A03089989093318B1298B1B248CA641249F8
S315000341B0B9CDBAF7EDFFDBFEDD9AFBB375B9FF8226
S315000341C0082002FF66DDBFBEFEDFFF7F8000000022
S315000341D000000002359BE7F98649926492428A46BB
S315000341E0489264C8492648C260924914A4444C9232
S315000341F049304CA6261326291194927F6DB73CFBB2
S31500034200D37EFB676EDADD9DBFBF00000119CB7954
S31500034210B6E6EFFBFDDFFF80000000000000089C10
S3150003422030040268CC4B3923323261A49309124914
S3150003423021263299249244244546490C4661218914
S315000342404CB18CCCCD247766DDEFB6DFEFBB7B6D4F
S315000342509EDEEEE6FF204104057ACF6EDFBB6FFFDD
S31500034260FFFF2000000000000000390598492E33A7
S3150003427020B648894599264C932532592108844905
S3150003428024932331314CD2C99318C96289322661EA
S31500034290293D9B6FFBBF7CFBFD9BB76767B3BEFFE7
S315000342A080081025EEEDDB7BBFFF77BFFF0800001C
S315000342B000000000046CC9232491922CB49899142D
S315000342C0265120A48904849965264924919888094E
S315000342D032122818C632194C92911ACA7DEDB81EAD
S315000342E0DBEF9EF7F6DB79FDBF7BBF04004093B39C
S315000342F036DB6EEDFDFFFFFF4000000000000011FE
S31500034300382A48949048C234A644B2C91126249246
S3150003431064A492144924924C448ACC83249364243F
S3150003432086CD44C93526323F6DB247DBBBF7FA76F5
S31500034330DB9E9B6DCEFF10440013DBDB6EFFFFB7E6
S31500034340EFFFBF80000000000000003B2248924DB3
S315000343502419B484C48AD9264949249224469251FD
S31500034360249362446232B4C99105325862332549B3
S31500034370A104BB76C2676EDCFDEFDFBCF7FBDB7D1A
S31500034380FF0010844F6CDB7BB777FFFEFDF6E4007E
S315000343900000000000026C492649212524B6593243
S315000343A0490488911924924B248994924C1233140C
S315000343B0024C2A4C998943129894CA1964BD9B8965
S315000343C019FEF7BFF6D9E7D96EDEF77F210001277D
S315000343D0B76DB7BDFF6FBFF75BF9000000000000C4
S315000343E00838919124889164F242095464A2248482
S315000343F09249189864249249918891D949846262B2
S31500034400493134C652264C927DED2093B3BFE6F66E
S31500034410F77DBF6DB7B6FF0042102ED9B6DDEFDFCD
S31500034420FEFF6DCBFE00000000000000BA24492207
S315000344304A92123936C9151224CA64924924931230
S315000344404925904C48891532551248462485252915
S3150003445091A2191EEF0065EFDA7FDB6F5DB7BDF939
S31500034460DEFF0808009F6EDBDF7FFDFFF6DAFCDF69
S3150003447080000000000000392464892248926C8879
S315000344804CA1491312224924C44492492826424680
S31500034490644484519213318CD929245892C4BBB3F2
S315000344A0012DFCF7DB7F7BF7F4F75F7BFF210048E9
S315000344B05DB6DB6DDDBFFFDB9B37F7F00000000069
S315000344C0000934931249244924B64B222A49484405
S315000344D099249213288924924932311266D58C493C
S315000344E0B08C52424A564A4C24BF7E0892DFBDFF27
S315000344F0E5DDB6DF5BDDADFF0021024F9B6EEFF717
S31500034500FBB6D9EDD339F80000000000007C88C95A
S31500034510249324C9B2539248924929449249208A42
S3150003452064925248898912185223290C92449AD2CA
S31500034530C18B21991DCE4212F3CF6DFFDDDEF7EE5F
S31500034540EDF77F048000BE6DBBBB7FEFFEEE6DDD36
S31500034550EF3E0000000000104924249248923239AD
S315000345603491449224892492494C9212494922480F
S3150003457048C99308B08944929924922C30B6425E76
S31500034580F60266FE7BFFDAF77BB6FDBB7FFF100400
S31500034590113BEDB76FDEFFDB3BB66F7FEF0000002D
S315000345A00000027925924924C924AD264C3324A45C
S315000345B09222492452649249249246462444A90CE1
S315000345C0C67264894C292246444CBEDE2108CFFEBE
S315000345D0B6F7BFEF7B9DF7ACFF0020413B36DDDD31
S315000345E0FBFEDBDBB7BB6CEFC00000000000BC9832
S315000345F049249224C934992288491244992492124F
S3150003460024C924924491312452A46330890C6453FF
S3150003461064C99919919FB60C9B7B9BFFEDEADDDF7D
S315000346207776FBFF020204FDDBDBF76FDB6CDCD97D
S31500034630B6DBF9F00000000010324324924A4462CC
S31500034640766C9249124931049249A592249492496F
S315000346502409133212920A25231241149922C232D3
S315000346605DEE8086FAFB6DBEFEF7B7FFDF7FFE4881
S31500034670400466DB7B3FFF7737676EDDDF7F7000C5
S3150003468000000004F92492492253329264912524AE
S3150003469089096492492449249249224988C88CC8C5
S315000346A098CB30C8929C932466348A5F6E2265B792
S315000346B0EFFFF79DBEFACDBBCDFF0008437B36CF98
S315000346C0FFFDDCDB7B6EDB6D9EFC000000002069DA
S315000346D02C922492B098B49924A4C924C8124924CC
S315000346E049291322492492662442666530CA324C0C
S315000346F09248464914C91EFB0929F73CDB7DF7EFAF
S31500034700DF7FEEFEFF020018DBEDBDEF6EDBDB9B0A
S31500034710B36EEDF7BC000000000268824992488C34
S31500034720D265B24C9212442692492492925249245B
S3150003473091241125591105248A2461224999194383
S31500034740249EDF092FDDE7FFDF7EF6DDF37FB7FE6D
S31500034750209104F66DF7BFEB6E76ECDDB6B67DDE23
S315000347600000000000F25248492532593CC89249DC
S3150003477024932089249292464C949249259111259B
S315000347801998CB2189926926219258264FDF224315
S31500034790DDFF36F6DBBDF7BFDBFDFF080025EDB613
S315000347A0DEFCDDB3B6EF6DB7B7AF770000000010E0
S315000347B07249244491324CB2652249249899249231
S315000347C0484964A1249248904CC884C662106C4937
S315000347D0120C90CC6492912F73085F7739FFBFFF59
S315000347E0EF7EEDFDB7FF004209BBB3FBF776DDBBFA
S315000347F0336ED9D9BBF70000000004D124933212DB
S3150003480048D8B6A449249242444492492419924969
S3150003481024924A422658902D950252499256220CCA
S31500034820A6492F7F912FEFCFDB6DB67BDBDF6FDEE4
S31500034830FE21004BCEDF6FF76EDDCDDDB36E6F76F7
S31500034840DF8000000020D492488949192D35A291B2
S315000348502492492492492693924892492449322123
S31500034860432D8465329248630929A2492A4FCCC64F
S315000348706EECFEFDFFF7DEF777FB7BFF0009277380
S315000348806DFF99B36676DB7DB7B6DFFBC00000002C
S315000348900272492484494C656548949249249222BC
S315000348A0492090642492492524889832615248C944
S315000348B0249308A2493249224EFFE4DFBFB7B7B6B5
S315000348C0DDF7BDFDBFFFFF04002776EFFEEEDDBB80
S315000348D0B6CE4DB5B6D9AEC000000001E124926450
S315000348E092465C3653249249249249249925099287
S315000348F04924912489068C96599A09249098A6925C
S3150003490049924C97B779F9F7BDFEFFFF7DEFB7DF05
S31500034910FFF600449EDCFFF6EEDBBBB775F6DDDB88
S315000349206FBEE000000048CC92491224924696C41A
S3150003493049249249249024844C98492492449264AD
S31500034940614110849264924CA628948C329127F686
S31500034950FFFF76ED6EDB6BDF7BF6FFFFFF00011ECD
S31500034960CFBFDB336ACCD9B736DB6DBB77E000004C
S315000349700002E0924912493336D98D1249249249ED
S31500034980269264924649249248921249594D3244DA
S31500034990924922232924B2C8924F7EDFB7BEEF7B0A
S315000349A0FDFEF7DEDFFFFFFF11227B73FF6DDDBE2A
S315000349B0F76EB9DB6EEDB6FDF000000011A64924D3
S315000349C0C4924C926724924924924920921222411E
S315000349D0249249224992122663265192492248C4B7
S315000349E062120A4893CFDCECEDBBDDB7B7BDF7FF28
S315000349F0FFFFFE0008BB7FFDB6DDB33736CEDB6CAB
S31500034A00B6EFBB7000000045C849242492499B3485
S31500034A109249249249249909924931249249124888
S31500034A2049948092491849249948931949A524A77A
S31500034A30F9F7EFFBFEF7FEFDEF7DBFEDB6F70009D5
S31500034A40BD9FFDB6E6CDD9D9F6B5B7B6DBEFB8004F
S31500034A50000003492493124924669E99249249240B
S31500034A6092446049110C924920C91248655B18C8E3
S31500034A70664924844628852CB132277F3F7B6ED72F
S31500034A80BCDBCF7BDFFFF7FFBF044476FFE6DB3BF0
S31500034A907DDEDB376DB6DB76FCF80000008BC49257
S31500034AA048C92496499324924924924912164924C3
S31500034AB0C2492496084492084264920124926531BD
S31500034AC024B0A20ACE49DFEDDFDF7DAFFF7BDEEE4A
S31500034AD0FFFE6DFE2013F6FFFB6DDB6666E6D9CEA1
S31500034AE0DB6DBF37DC00000023324924249243598F
S31500034AF075649249249A492290924832492490A493
S31500034B009124CA2486259924821109130E92CA096F
S31500034B1049ECFFDCF5EFF36DFEF7BBFFFFFF778094
S31500034B2089EFFF3B6DDDB7B9BDDB335B6DA9DF7C79
S31500034B300000000782492524924927154925924BEF
S31500034B4069248889224B0924490924924922293157
S31500034B50246492299248C86130916325FFB6F7BF52
S31500034B60BB7F7FB7BDF7EDBFFFFF0425FBFDCDB6CA
S31500034B7066D9B72D6DFDDDB76FFBBE000001139936
S31500034B802449192499ACD6924C324A449249222894
S31500034B9090C924926242489224890949049248485A
S31500034BA0C624924C653292DBEFBFB3EFD9DBFDEF40
S31500034BB07FBEFFFFEF8117DFFB76DBBB6E66E6ACDE
S31500034BC0CCE6DDDB3EEE00000047648492424924D6
S31500034BD089A492998DB49248444889242492240442
S31500034BE09849249444C89252491249312492832CF9
S31500034BF088CAFEFBEAFE7CF7BE6F7BFFB3DFDFFFEF
S31500034C00804FFFEEDB6DBB6BDB9BB7373B76DBEF92
S31500034C10DE0000000FFED224924924CB2D24B26479
S31500034C209122493249244924924991230449123253
S31500034C3026249249249309124CB088CB49EFBEFF30
S31500034C40CFDFBEEFFBDFDE5F7FD3FF082FFFB5BBF2
S31500034C506DCD9ADA7A75F5DB6EECFB760000022FE2
S31500034C60FF92492492526262494652492924892471
S31500034C7044924849124908B248490921248924A47F
S31500034C8090C8C9210C9324647BEF777BF3EB7BBE3F
S31500034C90F77FDDFF7EFFC23FFFB76DB676F6B7CE71
S31500034CA0CD9B66DB3F3FFE0000008EF7E4C92492EE
S31500034CB04930D893491248892484849224830890DE
S31500034CC048C4822649C949126492124C2625246295
S31500034CD05424B2F6FBDDFDBEFBDEEFBEFD37BF6F30
S31500034CE03FC0DFFCDB4DB7B6D5B575BB6E7DB6D31E
S31500034CF0CDDF0000041FBFEC249249249D09242123
S31500034D00249244913092224130A24D1231198124CA
S31500034D102448C9124949232124931244933A7FBE56
S31500034D20FFB76FBEF7FBBEBDEEFDB5FFC57FF769E7
S31500034D30F6D9BB599D776CE99B76DDFF77000001B9
S31500034D403DCCFB2499249246644994892452124A01
S31500034D502249190C91209209203124249624924940
S31500034D602490991248C924924C7BEFB3BBFBEFBD49
S31500034D70BEFBFE7BFDB7DFE5FFDB6EB6DECDEE6B7E
S31500034D809AD79FB35B6D77FE0000087F7FBE93249F
S31500034D9092C9209312124925124882491122424C84
S31500034DA0222184460C921231248924924C84D248BF
S31500034DB0892949D59E7BFEEEFEFBEFB7FB7B3FFBC6
S31500034DC06EDFFFFF6DB6DB66F636EEDBB6726DDBC6
S31500034DD06F5DEF0000027FF7B69264CA24991092C2
S31500034DE04924890889311124885021892431118263
S31500034DF048C244926524924264092632892476770E
S31500034E00DEDFFFDFBEFBFDFFF89DFA7B77FFFEDDEE
S31500034E10B76DBB33D9996D6DDBDDB6DBDFBF000044
S31500034E2010BBBDF74C932924854C89249222622416
S31500034E30449488931588248889246249291249143D
S31500034E409249321364910CA4920F9DF7F777F7EF0B
S31500034E50BE6FF5F8CF7EDF7DFFFBB6D9B6DBDDCFC0
S31500034E60776D6D5CD6EDB6F6FF000000FEEF6DA123
S31500034E709825492442649248921244888492442095
S31500034E804A448A448818920922492249248992125B
S31500034E9049612449899F7DBDDF7EFBEFFBEDF27BF4
S31500034EA0F5F5AFFFED6EDEDB6CDC766DB79B673336
S31500034EB06F7DBFF7000025F7FBDF9A4694925232C7
S31500034EC0124925998912226244488A425061124A3C
S31500034ED084924489266924924848924892430962F7
S31500034EE0EFDFEFFDFBDEFBBEF2F22FFDBFB3FFB735
S31500034EF06B66DB6F67B5BBB4E6BB6DB6DBBBBF00EA
S31500034F000001FDBEF6C251929249899248277D6DF2
S31500034F10924919252249310B049220A4485259205B
S31500034F2089249246492492125864526FF6FB7FFFF6
S31500034F30FFBEE7F6F99DF76F7E7EDBBB7B6DB36D38
S31500034F40ADA66F39B6DDB6EEEEEF00004BFFEFBB55
S31500034F50A5344A6488484922936776891101212436
S31500034F60440C6032488C232212449A2499249124B7
S31500034F708925490134991B7FBFDFFFEDEFFDEDE87E
S31500034F8057F6276FFEDADD9B6DBCDB6EFDCBDB547C
S31500034F90D6DBB7FFFB000003EEFBEFA486690CA686
S31500034FA04649248116D62494A498849180848849FA
S31500034FB02118248924899292492492492449649385
S31500034FC0A557DBEEFFDF7F7B7FE3E666F993EDBF55
S31500034FD06ED6EDB6CF9ADACDB8D6DDB6DFBDB77FDE
S31500034FE0001097FBBEFDD2C984C9249192446992ED
S31500034FF09092449242308864924304494191649268
S31500035000644A449248925249241248EDB5FEFBFF86
S31500035010FFFFFFF7DAF13FEE4CFDFDB776EDB6F293
S31500035020ECD3333736AB6DE6EFFDEF00000FDFEF62
S315000350306DC9293232492424960982391248491204
S315000350404226122250B1124C491249124924924A5D
S3150003505049124925924A5BAD7FFFFFFFFFFFFFD64B
S31500035060D98DF60DB76F99BB36DB3AE775FCDDEBE9
S315000350706B6D3DB36FFB00020FF67BDF65264A447B
S315000350809249249892792449230924892089290C51
S31500035090024482481324929129249249249248492E
S315000350A026466B37FFF6F7DB993BE5FC7FF523FFD7
S315000350B0BF6ECDDB6DCF399CCED33976DBDBDFFF1D
S315000350C0BE00009BBFDEF7D4924949249249692466
S315000350D0CCE488242448244921082148903112C865
S315000350E0924926492491248924924921209A924956
S315000350F0199932CECFEDE6B7ED0CDAF7F7F76DB6C1
S31500035100F59AE6B36ECF36DB6E7DBDEF00003FED5D
S31500035110F7BD92D9A49924924F792426922291918C
S3150003512012448914C69224930C442492492092492A
S31500035130249269249244892996CDB6CD6DAE66D361
S31500035140FBD9BDFA4DF7DF9D3B66DB35EE6BB5ACA0
S31500035150D6CDB76FEFF7FF0009377F7DEF6A44922D
S3150003516024924927C2422012489244911124443082
S31500035170849248C2492524924C9242489212492469
S31500035180922496446DB6E666C9B337DFDFEFFE4376
S315000351907DDBF7ECDB6DCE69B94DB774F76DD9B32B
S315000351A07EDE00207FDBDE7B4936598492492CD292
S315000351B0189944924848892444930224422431226C
S315000351C01124949249309249924924A09244692623
S315000351D0493B9A5B39ADF7E6FBED99CF7FF6DDBB2D
S315000351E06CFB5B9D7A732D99DB77BFEFF600047E2C
S315000351F0FEF3DF5591247249248E1881044924490C
S315000352002262491220C89129850C92C8C924924961
S315000352100C92484924932C92618B99DB496B664C1B
S31500035220CBBDBDBEFB2DFB6DEDB72CDB3366679B9C
S31500035230CCEB6EDB6EDDFDBF00017FB7BFF734C974
S315000352408509249093092462210924920442212C7E
S31500035250249224314248261249249242492649245B
S315000352609042491A324936DD2999D673EFEFEFFAA0
S31500035270EF7FFBFDB3E79BCDBDECE66F3B6E6DBBEE
S3150003528077B7EE1021FBFDEDBE8A6A5924A492433B
S315000352903249098C49049191122C41120884845194
S315000352A024112492492492492124924C92494A4C2E
S315000352B0CE64B4DA6D3337FB737BEFB3DDBFF6DC55
S315000352C0DAECFD999B3B33CDB3B6EDDEFF7E00886A
S315000352D0FEDF7F6ECB244292124929E41248212431
S315000352E052241248811248C492491492C9492492FD
S315000352F0492492492492422492619332C98B46A54A
S315000353006D9B9FDFDEFBBEF7B7F6DF7AB72666D364
S31500035310CBDCF6BDB6DDDBFFFC8003F7F7DB76649B
S315000353209598C952492089209249211088C481241D
S31500035330924432492242482449249249249248926B
S315000353404832492494A4249B693494C9CBF6FDF7C7
S31500035350FEEEBEF6FB658DB5B3EE7674D65ACDDB9F
S31500035360777FDBBC2127FDBDF7D934D22425092459
S3150003537014108C2244892492109448891302212400
S31500035380992324A4924924924926492484924916AE
S3150003539029993224C9D3326BDFB77DB7DBEEDFEF52
S315000353A07DEDCD9D39AD9D37CF766F6DEDFEFD005D
S315000353B00BEFEF7CF99308C690A49184C62124923F
S315000353C02489222224926448488C11242412924967
S315000353D024924924912491112492494A4B4C964A8A
S315000353E04C96B3EDFFBFFDFB7BFBF99B737A674FCF
S315000353F039E7E935B7B5EDBFB7D90493FB7BCFB62C
S31500035400692D18929244220842442244484989222B
S315000354101204892481924288C852492492492490CD
S315000354209249490924C91264C5933264CC9DBEDBF3
S31500035430B35B6FDF6EFEEB1C93B6E5CE766FF6D9E4
S31500035440DDBBB6FF7A204FDFDEFBF28CC4624C492C
S315000354501248611891285122441108C1322224327C
S31500035460489892250C924924924926492424492591
S3150003547024B19431689593234BF3BCFFDFFDF77F8B
S31500035480F66DEEF699B96735B65B5E77BEFFEDF856
S315000354908A4FF6EFBEE9B25309452448910484893D
S315000354A009092210C4490C82489248448444116174
S315000354B024924924924924918490912624132A4ABA
S315000354C0C4323263DF67DDF6DD3DDB7BB4E34DEDEE
S315000354D02E75CDB5CDE7B6E7CFFFF2021F7EEB6F94
S315000354E0CC4B18C931248904922124C4A2189224CE
S315000354F0912249124245124324484C49249264920C
S3150003550048921231264C918DA4CA122B24CCB7F99A
S31500035510DF777BDFEFDFFBB69DB936D399DB6DB65D
S31500035520B9DEFB7B776420BFCF3FFF5348A49209C4
S315000355301221242124103212C244922421249219C6
S31500035540112258214A129249249049264942092197
S315000355502248609491A4A8CD2599EEF37FBB76FBF0
S3150003556076FCDB76B7539DBB36DB76DE7B9EFFDDB3
S31500035570F10CBEFDFDFD66B62424CA49242124444C
S31500035580C608C40911112298924921248901982336
S31500035590229249248B089124494888932B1A49243B
S315000355A0A98491324BEEBDDBB6F79EFFEE696AD650
S315000355B0DCED66E6DB5B67EF77B6FFC9427FFFFF8D
S315000355C0F338919365224912490912118409244932
S315000355D00908824249248891244224A84924922016
S315000355E0A61090912226108893232C8A5666CA67A2
S315000355F0F3ADFEF6DDF7AB7BAF9B6AAD6B5D9B6DE3
S31500035600BBB9B5FDFFB7E2327FFFFF32CB4C921138
S315000356102490C24248909063212124624849188409
S31500035620884A249212908924924924214C8A2489F7
S3150003563020CCA4A498825251081999DB6EAFDBFFE4
S315000356407DFBF6B6D73BAB5BB6F9B6ECDEDECEDB5F
S31500035650FD8889F66DB48C9B6498924926091222BB
S315000356602486184C491084464884B0931088929037
S315000356701A44924921131042224449122233249296
S31500035680631125B34493EDDBBDDB37DB76F6D4EC50
S31500035690D4EBB6B6AEDB6F677BBBFEDF924BE9009E
S315000356A006CD309345889240642484492081108432
S315000356B042249092640A242492244C42524924940C
S315000356C0C8C622491310C4894849252CAD28486603
S315000356D067EDB7FF76EDF7DFBB5DABD66CECD9AE06
S315000356E0DB737DEFFF6FF7924F89B7F973669851B6
S315000356F02624930480910229249231292222120915
S315000357004220892489214912492444201189108879
S3150003571026092449924910A18A4B1249F33CDBF628
S31500035720EF3DFBEDCF3A6F9D9B6F73779DDBBD6DB1
S31500035730FB7F2137B64C9336CCC498612490305AFC
S315000357401230844489090918894492518A492122CD
S315000357502224892443121648249261206224922427
S3150003576092531462909193DEDE47DBBBEF3EF669FC
S31500035770D731D6F36CDDB6FDB6E7FFDFDE24BE64B4
S31500035780DB66C893332649124C8301428444912134
S315000357904444812449220C124449248824A484982D
S315000357A0499122444904891292248924C853122414
S315000357B0AC26EDFB24FB6EFBEDB77DDDDE732D9B87
S315000357C0B6DDA6EFBEDF76FC88FD19B258CE64249B
S315000357D0421249011824184912244C5130A4448812
S315000357E048A0C431121124122492012041125124DB
S315000357F0122490424922492648926422C9EDB9915E
S315000358007DDFBDEFED96699BADCDB36EDDBEDB7F70
S31500035810F7FFF893F5DF259B332D8CD99249314059
S31500035820922112224910890A125222448421849217
S31500035830491292484964961849090248448D191237
S315000358404C9221888C931213F6F4133DB5EF7B79B2
S31500035850B6EEE5AD76ED6B6EDBDDDBFEEDF24FD638
S31500035860E64D65B32262084922442641849089089D
S31500035870922442420249245308124488C221132126
S3150003588012408624625881106084924124982661CE
S3150003589008C933DB7244BEEDDBDF766B367673768F
S315000358A0BDBB6B7B77FEDFFFB27F9BBBD9248CD856
S315000358B09326492412204C122491224244512898BB
S315000358C09123104A4910A6180C90948849219104F3
S315000358D081324906248932490641124824C9FBE824
S315000358E0241EDF7EF7DFDBD59BDE9B96DDFBCF7EBB
S315000358F0EFF7B789BEFA08229A648518B12491880E
S315000359008900C842444918910C0921241824924855
S315000359104A102142489223124849242408893049CF
S31500035920248A49611912469209EEE4926F5BEFBD30
S31500035930E99CDDECCBECF6D69CFDDBBB7EFF49FE9A
S3150003594089CCACD3333144849212224932031049B1
S3150003595010411260C444498088912248C284304A67
S3150003596021242492249248C49083124489244924EE
S31500035970C9309266EDD0112F6EFBEF6EE66B3739A9
S315000359806F6DF6E7B7DFFFEFDE57F1A463252498C3
S315000359904C524892482442046425089624488611AA
S315000359A012422642448921089205224910882492EC
S315000359B0111211261892526492124424844912FD3C
S315000359C0C24493B7BEFBDB3BBADBEF336DBBFFBB16
S315000359D076DDFB7EBFE56D33732CC4C4924A4489DE
S315000359E085124908886240892210924910211212B1
S315000359F024242448490904C6492112492122204066
S31500035A0089121249925324932493DEE00257B7E78F
S31500035A109EF6DBA6DA6DDDB7AE59EF7FF7BFF2FF71
S31500035A209E779C98CB2633249248A41048488892A4
S31500035A30044912124924844C8848884284910922D5
S31500035A4049241122494888890889262124924849EC
S31500035A501090488488F3A02127DCFDF7B6D4FDB760
S31500035A60B66DB6EDDF7DDB7EEDF3FEF392C98C906A
S31500035A709922492108112221022241910944C4890C
S31500035A8008312124892118911260244091108888B5
S31500035A904224924224884C892492492493245264B2
S31500035AA0FFC8892F6FBF7DEDB719ACDBB6DEF7B73D
S31500035AB0DFFFDBFBCFF36CCC6B6776414C924C6319
S31500035AC0112284B1221824642108A249020244A1A6
S31500035AD014811244061134924A24923244443110FA
S31500035AE09310924924924924251213EDC0084BB70B
S31500035AF0EDDE7B3B6EEF6DB6DB9CFDF6EDBF7FBF48
S31500035B00990CB32451092449249100C4081204486A
S31500035B1086221188221244C8C8101444244844908B
S31500035B2044810889244489122484C62086449249E0
S31500035B30249244908988FF624233B67DF3DBCCEB33
S31500035B40336DDB7BFFCF7FBFEDDFFECDF3249519EE
S31500035B5024A9924921340489104444A092841292C0
S31500035B604430241183110924849091241862244912
S31500035B7024812290880848A1249249249248926459
S31500035B8064F7E00097DFDF7FECF7BBDDB67B6E677C
S31500035B907BDBF6FFFFF666336CD366648824920CD0
S31500035BA08120204531110884244449210304922885
S31500035BB042609231090411420921022124884223B9
S31500035BC02112182249249249224912137DC0244FD7
S31500035BD069F3DDBF35B66DB7ADEDFDFEFFFFB3FF70
S31500035BE0D3338C93188493264912401823042082B6
S31500035BF0424A2121244118C85082089212020248BF
S31500035C004844499118B249244918902484C29924D6
S31500035C10844924924449917F70011BBF7EF7DBDDE3
S31500035C206DB6D9EF3F9FB7BF6DDFFE59996CD1248F
S31500035C30B192411048494288448A0898212889111B
S31500035C401442084224822484C8C88242248824C277
S31500035C5008884312424492640884249321249112AF
S31500035C604844FBE41127B7DFBE76D76DDEFF76F334
S31500035C70F6FDEFFF7FF36CCD532CC6264C992642D7
S31500035C802212083090648184461241248925092012
S31500035C9064489112122424222248092224484422C9
S31500035CA01111032462924824884C492648FEE004D5
S31500035CB0AFD9F7EDF6F6DB6BA75DDEFFDF7BB7FF4C
S31500035CC0998E6694A2592041248891822062820487
S31500035CD084241240442C222421240B044212111042
S31500035CE091841224832424911124889244304508F4
S31500035CF0924912230244912277F2048E6F7B7BDF53
S31500035D003BB6EEFDDB7EDB77DEFFFCCCF332A499FC
S31500035D102199332090841889020862112449192194
S31500035D200089218820C01111488C44841144849031
S31500035D3091888494892442098491244821492431F1
S31500035D40308494BDF0417FEFDFDED9EDB7BB5BBB9B
S31500035D50CFFFFDF7FFE6662599AB4D26460C8A4431
S31500035D602040441843084243204128D24848128918
S31500035D7014C114446084244821311444222482210A
S31500035D802108A2122445258C24910C8224913F7963
S31500035D90025F39F5F7BFDDDDBBDBBEFB6DBF7FFE03
S31500035DA0599B399449219040C092230A444181105A
S31500035DB00928982624860912464412040C449102A3
S31500035DC0324122290445124491289218A4104924E9
S31500035DD09124218449421922497FD91ABDEF7F7D37
S31500035DE0EDB67DCEFEE7BFFFEFFFE99B31CA6654F2
S31500035DF0B24D343244884892182449612200888877
S31500035E00902421109142612121091882490408C96D
S31500035E10209091122488C2214524908888921108E3
S31500035E20514499243DFC84FF6FDBDE76EFE77DB7B3
S31500035E30FDEDB6FFFE4CA6664C99924C42058920B1
S31500035E404801008210820408C64892099189110804
S31500035E5008092489224211085146122A24894882B4
S31500035E602204890920922622444926144484849FC5
S31500035E707E64FB73BEF7DEFB7FF7F77F7FFFFFB31F
S31500035E8056ECCCB324A94198C8492912912422423D
S31500035E902090C41042112204444462249212242402
S31500035EA02248461030448882220918925124220A35
S31500035EB0092124492441849242525FDF33FF9EEF36
S31500035EC0BDEB9DDBBEDDDBDBFFF99373193324CC1E
S31500035ED0A5322422444480440908490C1211212482
S31500035EE04920643092048490C22184888A508602B1
S31500035EF048824890A44244491090C8C90891220494
S31500035F0098622259125DF7DBEDFBFBEF3F77FEEF5D
S31500035F10FFFEFFFECC6C8CD324CC93148C85249289
S31500035F204424409049084142124C91244D02822256
S31500035F3024484408881088810120492231124422CA
S31500035F40490922424C1110CA1224D2221889044943
S31500035F500F7FFFFF6F7EFBF5FEEFFB6EEFFFB333A5
S31500035F606CB494CC9330448151112211011884905E
S31500035F70822048C21011244048890881121248928F
S31500035F804922312C492492444413092122222821EF
S31500035F902424114891090982492124EFDFFEDBD924
S31500035FA0DFBEDDAFBB7FFBBFFDADB61366649330CB
S31500035FB0CDB2731249289048222006308C080883F4
S31500035FC0444112482448989188921122110420884A
S31500035FD020888449209124488889824243110912E2
S31500035FE021246244992407F6F7FEF7F7EDFEFBFF3B
S31500035FF0DCDFFFA4CC95D5192A312602090C2488A7
S31500036000824A2200264044112324A812124912412F
S3150003601004020422212408844484844A2231088CFD
S315000360204489124892189110446244948419324266
S3150003603049B37FBDB7B77DFDA7DEDDF7FFF2665235
S31500036040D954C9898C893264888926312202490840
S31500036050310311204420889224411861606044482A
S3150003606042442230923110924222112421244604C2
S31500036070408C244408900412848848922BCDEFFD6B
S31500036080EDDF5FBDF7F7BFFE4C9B73265AA6512281
S31500036090C94C92A249210C20C842418430440C4287
S315000360A0066248848C22090C0B110A489118821047
S315000360B082244408924089248930610620823192E1
S315000360C02661422425249249FF7EDF7FF7F3FF3DB5
S315000360D0BFFFD313318CAD8A30565832491224444C
S315000360E090C089091094048440C118D0044250809A
S315000360F08288218022208488C10944084309884470
S315000361008C2112220908B0424884248889189121D7
S31500036110244995F7DBF7DB7DBE67EFFFFE49B34CFA
S31500036120A4C9259308C584924911324C12442014FC
S315000361302061011811010925121232482480318881
S3150003614094302204484324102022112124C248C239
S315000361502483111249212110824488932494FDEF4C
S315000361607DFFDFEFFDFFFFC92C8CCA6652D44CA21C
S31500036170244C92A4C90843111086430A08582204E2
S3150003618064212124890211221A4410810324242222
S31500036190184124940084124408491221082421102A
S315000361A0892446244892109262EF7FDF6DF6EDBF95
S315000361B07FFD3366693319365240B224B2649224A2
S315000361C0C31044221088418A42826204924888613D
S315000361D0109488C08444288844818900480841482B
S315000361E04244112512488924888926244921248A70
S315000361F0448C4B2A7BDDF7FF7FBFEFFFA59499669F
S315000362004CC989099B099302491224309244892077
S3150003621088442102108892441249044C02110491C5
S31500036220230624109810660A420802180909211247
S31500036230212421088420448929112248A324993E34
S31500036240FF7DB7DB72FFF268D69312C9266264201C
S31500036250484959124989044890908A2210243044A7
S315000362600921118442108160C432108850432222CE
S315000362704480A01082208188C248848C448862307E
S3150003628089122208C911222091959FF7DFFDFFDFAE
S31500036290FE9B4E6964D933311492A64B2844924827
S315000362A04949040A121022930284814109122524C2
S315000362B092210C08804600411849004418840420A2
S315000362C0892422124A2440922602424248924608D0
S315000362D09124989464DDBDF6DF6DFFF3ACD32D2CCA
S315000362E08D24CC949224908692649244226160C257
S315000362F04518205812291448482108424C01224CBB
S3150003630040650920404C110211490802042124105A
S3150003631091120890984912424450922411064C8ACD
S3150003632047BF7FF7FFFECCE6B5A4926298026249A7
S31500036330492651220C9231880904084141088141BA
S315000363400820448998924840D12111190424051242
S3150003635041826120084250910C218484926101217B
S3150003636009043211049124C96322B337EFDB7DFF9D
S31500036370D936599992D332C6D90A49124913299261
S3150003638049821324252492044624144223112442C9
S31500036390210912144C41011090C40410280C0C223C
S315000363A01010011088222421046C049061849262E7
S315000363B024822418B21493FBFFDFFA4D49994A5AF3
S315000363C04C8C311199249251248842480844212047
S315000363D041089120048091880444124921082080B1
S315000363E08C64420210A1042100C100812564820A43
S315000363F04849243200C89208088818889892924D12
S31500036400C4C9FFFFFFDA66CDA66663224189264427
S315000364109249148C4649226490890A492048099076
S31500036420620C08C492910424630A249084294922A5
S3150003643008C244B2101024010862611308848292D0
S31500036440224492624301224248C448266C7F7FFA63
S315000364504598B4E6918CB25A48A044924924A25175
S3150003646024890489244888260AC04309204231081E
S3150003647084B0890041121211891049421890800C88
S315000364804600902209044022211892121121041079
S31500036490A44912244D232913064926F533331999A2
S315000364A03089224619324924A622249224522210E4
S315000364B0912640A0161808425102492402109491CD
S315000364C0124244002484100102096100CA04808830
S315000364D0492C924941214492245194248848852188
S315000364E09923326196D19666CA52664649249144E7
S315000364F089249249298891224224922410920440A5
S31500036500809212044844494946210C410890662268
S315000365102094C44848002408601422210084482497
S3150003652024104484920482224931289258899CB2C9
S315000365305D329899960191329491248922491108E2
S315000365404A24488884424282085222244188A489E4
S315000365502490484048409862230888890210912273
S315000365609204210921218C52210624898924480871
S3150003657060989224424A64C4CC466B49499324A446
S31500036580D82904924C9264892494C64249049251B0
S3150003659018486843028844082108222224821112DB
S315000365A032220888208910620A11000843040089F0
S315000365B00C108499308848248913420A41118208B1
S315000365C0930C9323634CB34C64A6692689512242E8
S315000365D04904912484313109311110810909302884
S315000365E01111882443121122312484824289109284
S315000365F0211208A12454C21850B21040422442006A
S3150003660089124421003188444C30922492283099CF
S315000366103294B32C990920C44929312452449263F4
S31500036620090C608244262490848481442023083004
S3150003663090C448444221091861121244421084420C
S3150003664004100046024423244908CC610249246904
S3150003665084211240849148C326CC94924C89931189
S31500036660A64C3226490C9249249218C8C106242402
S3150003667080489230124C218A204984240905021845
S315000366804864450449211008C41210A10446104861
S3150003669009882481242304688892040424222492EA
S315000366A00C4A38C40326CD634CC4663093099092D2
S315000366B042422124498426111049211902024348E2
S315000366C02088088C420443213128811210903241DC
S315000366D0244AA109108C0861108121221108949380
S315000366E00812042210926184898910C1222431B2CE
S315000366F06064913232888990C8492491199449205B
S31500036700652124911089013129102309126101128F
S3150003671051102402224912862282144488242244D8
S31500036720814908202C844844C2108040C8912244E1
S315000367309208112412441124C589089B1218932A1E
S31500036740A9884C2624489444449226111888891211
S315000367501264444894844442045110112492C8920A
S3150003676024C09048989110A10490843110060B0020
S3150003677010010411222C5608924892218A49244476
S31500036780244C911249498249464C882666432192F4
S315000367904A224449248892424924424404048241B9
S315000367A01090489214448449080884840C230901F0
S315000367B02222049244224484B0485246B09114499A
S315000367C001104222448848212211212302124852F1
S315000367D05269244460C590113098492122331240EE
S315000367E09122491111109121909108488B108880AC
S315000367F084A442412220512120A4644889522109BC
S31500036800184422000082200620C2445243322891B3
S31500036810210A448484890861489992120932B196FF
S315000368203113490C8609244888421A1124912444B9
S315000368304C2098491426222024212A302110948999
S315000368401904248C22124491108848411110C9322C
S315000368502889104A089112180904084482522464AC
S3150003686024400C492424C9928889110C64888260C7
S31500036870A249090249814C44248244410C0209027B
S3150003688040891123244203092422214222920249E8
S31500036890821104249222248244040489112310249D
S315000368A08920814151624431084909111590924565
S315000368B0242448A44A496248A632192412646490DF
S315000368C04C4111245211124160A061188844880872
S315000368D090C848892248089810D104292262421197
S315000368E082842889202444444885212249244C1241
S315000368F004910463108844901224914992492522F5
S31500036900649292204484492204112442224911119B
S315000369102488900C260C22222408C2090842224805
S315000369204661014404608888189244183104202281
S3150003693021310444610812044920849108C10424C6
S315000369402224224249244849244924921092491177
S31500036950249248918909308888C48922210C8100B0
S315000369608082118962124823112409100C6445227E
S315000369701A424901084441025112881882611108DA
S3150003698092C4A4920624204A18908322892248920C
S3150003699049262493124912664912492220849224D5
S315000369A042049226122210946131309248C4100494
S315000369B09092242444A11180849118825222492161
S315000369C01104C8024409000020015E01FFFFFFFF16
S315000369D0FFFFFFFFFFFFFFFFFFFFFFFFFFFFCFFFEE
S315000369E0FFFFFFFFFFFFFFFFFFFFFFFFFFFFFFFFAE
S315000369F0FFFFFFFFFFFFFFFFFFCFFFFFFFFFFFFFCE
S31500036A00FFFFCFFFFFFFFFFFFFFFFFFFFFFFFFFFBD
S31500036A10FFFFFFFFFFFFFFFFFFFFFFFFFFFFFFFF7D
S31500036A207FFFFFFFFFFF7FFFFFFFFFFFFFFFFFFF6D
S31500036A30FFFFFFFFFFFFFFFFFFFFFFFFFFFFFFFF5D
S31500036A40FF00F07BFFFFFFFFFFFC786FFFFFFFFFF9
S31500036A50FFFFFFFFFFFFFFFFFFFFFFFFFFFFFFFF3D
S31500036A60FFFFFFFFF80C1F073FFFFFFFF3F3807FD6
S31500036A707FFFFFFFFFFFFFFFFFFFFFFFFFFFFFFF9D
S31500036A80FFFFFFFFFFFFFFFFF0C303F1CFFFFFFF92
S31500036A90CC0E003FDFFFFFFFFFFFFFFFFFFFFFFF00
S31500036AA0FFFFFFFFFFFFFFFFFFFFFFFF800FFE1E3E
S31500036AB077FFFFFF20180003E7FFFFFFFFFFFFFF3E
S31500036AC0FFFFFFFFFFFFFFFFFFFFFFFFFFFFFFFCD0
S31500036AD0FFFF81C39BFFFFFCD8E1E070F3FFFFFFDD
S31500036AE0FFFFFFFFFFFFFFFFFFFFFFFFFFFFFFFFAD
S31500036AF0FFFFFFFF80FC0C384CFFFFF9C00F0007B8
S31500036B0033FCFFFFFFFFFFFFFFFFFFFFFFFFFFFF5B
S31500036B10FFFFFFFFFFFFFFFC0043038E227FFFF50E
S31500036B2018A00780CFFF3FFFFFFFFFFFFFFFFFFF19
S31500036B30FFFFFFFFFFFFFFFFFFFFFFF800004063BC
S31500036B40113FFFBA618000403303E7FFFFFFFFFFFA
S31500036B50FFFFFFFFFFFFFFFFFFFFFFFFFFFFFFF04B
S31500036B60FC031F98C89FFF748F000000CD801FFF92
S31500036B70FFFFFFFFFFFFFFFFFFFFFFFFFFFFFFFF1C
S31500036B80FFFFFCE380208FE4664FFE6B38000000B6
S31500036B9076C007FFFFFFFFFFFFFFFFFFFFFFFFFFBC
S31500036BA0FFFFFFFFFFFFF8C61F80001B3357FED70B
S31500036BB06000000019A079FFFFFFFFFFFFFFFFFF43
S31500036BC0FFFFFFFFFFFFFFFFFFFF95C840011067B1
S31500036BD08DFBFEFEC800000006D00E4FFFFFFFFF31
S31500036BE0FFFFFFFFFFFFFFFFFFFFFFFFFFFE3991E1
S31500036BF083000819E67DFFBE90001E001B6001B7E7
S31500036C00FFFFFFFFFFFFFFFFFFFFFFFFFFFFFFFF8B
S31500036C10FFFCC1B200000086B93EFDF5220030003C
S31500036C200FF8000BFFFFFFFFFFFFFFFFFFFFFFFF55
S31500036C30FFFFFFFFFFF9DB2478000063449FFFABF0
S31500036C404600400001F80007FFFFFFFFFFFFFFFFBD
S31500036C50FFFFFFFFFFFFFFFFFFF4E369C000001123
S31500036C60A24F77AA8800800004FC0002FFFFFFFF03
S31500036C70FFFFFFFFFFFFFFFFFFFFFFFFFFF8836B32
S31500036C8000000008092FF91E98210700036C002154
S31500036C905FFFFFFFFFFFFFFFFFFFFFFFFFFFFFFF9B
S31500036CA0FFF101460000000410B7A955B0421C00CD
S31500036CB000F5000C6FFFFFFFFFFFFFFFFFFFFFFF66
S31500036CC0FFFFFFF07FE64144000000021857E1553D
S31500036CD020423000046E80062FFFFFFFFFFFFFFFF9
S31500036CE0FFFFFFFFFFFFFFFFFFE5804000000001FE
S31500036CF0048BD5BB608460000337800137FFFFFF39
S31500036D00FFFFFFFFFFFFFFFFFFFFF8001FCB004062
S31500036D100000000080EBF5BB412441C000DB80F29C
S31500036D203DFFFFFFFFFFFFFFFFFFFFFFFFFF87FEA5
S31500036D300FDA404000000000C055ECFAD124C3002E
S31500036D400E6F81467EFFFFFFFFFFFFFFFFFFFFFF83
S31500036D50FFFE7801E2D48020000000016075EEFAA0
S31500036D60A24C84000397C4F996FFFFFFFFFFFFFFC2
S31500036D70FFFFFFFFFFFDC3E3F8DD00200000000770
S31500036D80807FE6FFAA0108100043C20EDFFFFFFF64
S31500036D90FFFFFFFFFFFFFFFFFFFF30FC84DA000367
S31500036DA0F800100180BFF7FFAA8008800C23C107F3
S31500036DB07FFFFFFFFFFFFFFFFFFFFFFFFFFCC0019A
S31500036DC0E0DA003807000F08C0BFF3FF5624198026
S31500036DD0000FC001BFFFFFFFFFFFFFFFFFFFFFFF26
S31500036DE0FFFB000F78DE00600183E304C87FF0FF3A
S31500036DF05404327E0027C000DFFFFFFFFFFFFFFFC3
S31500036E00FFFFFFFFFFFE3F1860DC01800040399261
S31500036E10C54FF96F551C7000000180787FEFFFFFA7
S31500036E20FFFFFFFFFFFFFFFFFF7C60180CD403008B
S31500036E3000308EDA554F3FFF555EE400000A8104A9
S31500036E403FF7FFFFFFFFFFFFFFFFFFFFFEF9800096
S31500036E5000C40600705C27CB574F701F574B880042
S31500036E60000740013FDBFFFFFFFFFFFFFFFFFFFFC1
S31500036E70FDF31E060860040000E613EB6FC7C70D9B
S31500036E80D76B80000001B0009EEBFFFFFFFFFFFF03
S31500036E90FFFFFFFFF974700007100C0003D82BE9FE
S31500036EA06FD5980FD72B90400000F0005FF5FFFFDA
S31500036EB0FFFFFFFFFFFFFFFFFAECC0000000180013
S31500036EC021EC3FD97FD7207FD73B01800019700083
S31500036ED00FF5FFFFFFFFFFFFFFFFFFFFF1B9800085
S31500036EE00000100018BE175B57D6D801FF23E3181E
S31500036EF0000CA8000FE9FFFFFFFFFFFFFFFFFFFFE7
S31500036F00F57B000000000000415E0B5BD797B3F0F2
S31500036F10EBA2E23381C6580007EEFFFFFFFFFFFF38
S31500036F20FFFFFFFFE57600000000000121BB0B5BBE
S31500036F30F7AF6E00FB92C4600032780007FFFFFFD5
S31500036F40FFFFFFFFFFFFFFFFE27C000000000000E2
S31500036F5010DB0D1BEEAFD8E01FD2C4C80002280118
S31500036F6003FFFFFFFFFFFFFFFFFFFFFFEAFC00003A
S31500036F701000000009590D1BFDEF93800FD350D06D
S31500036F8000016C0183DFFFFFFFFFFFFFFFFFFFFF32
S31500036F90EAFC000060040000A5790F77FD5FA700F7
S31500036FA007F150800004EC0081DFFFFFFFFFFFFFC6
S31500036FB0FFFFFFFFEEBC000042080004943F0F7F73
S31500036FC0EBFF0C0701F9F801C0023C0047DFFFFFA6
S31500036FD0FFFFFFFFFFFFFFFFECBC0100863000024F
S31500036FE05ABF2EFFF7FF5D180018A20300023000F8
S31500036FF0427FFFFFFFFFFFFFFFFFFFFFECB81260BB
S31500037000842000036A3F76FFCFFFDF60000CC08455
S3150003701000033002626FFFFFFFFFFFFFFFFFFFFF6B
S31500037020EEA82641046400316EFF8DEF9FDFDA730D
S315000370300E07E2003003B80260EFFFFFFFFFFFFF1A
S31500037040FFFFFFFFE6A864810D4000112EFB33DF2F
S31500037050FFFFDEB47800FB00C001F80120EFFFFF5D
S31500037060FFFFFFFFFFFFFFFFE2A86481290000D9AE
S31500037070AEFFC7FFFF3FEE618000BF118081700145
S3150003708028FFFFFFFFFFFFFFFFFFFFFFE2A84D8182
S315000370902900C3C9B7FFDFFFF3FFEE5E01C0DF3090
S315000370A00032F00123DFFFFFFFFFFFFFFFFFFFFFBC
S315000370B0F08C49012903028537FE7FFFFF8FF7FC1A
S315000370C060706E106004F01362FFFFFFFFFFFFFFA7
S315000370D0FFFFFFFFFFFC4D00200602E5FFFC39E042
S315000370E000F7FFB38383273C00F1501357DEFFFFFE
S315000370F0FFFFFFFFFFFFFFFFFFFC4D001C08FCF334
S31500037100FFFE470FFF1FFF83FE00D6A60006B0361D
S31500037110579EFFFFFFFFFFFFFFFFFFFFE05E6D8050
S315000371200C19C6DB7FFD98C001FFFF0780003B36C5
S3150003713000083024E41EFFFFFFFFFFFFFFFFFFFFF2
S31500037140E17E6E80041302CF7F7E67008007FFC057
S3150003715001FC1E140082602CA038FFFFFFFFFFFF17
S31500037160FFFFFFFFC6F6568000164047FFFD9CF063
S31500037170FFC1FFFC1E018F100004C08B61B07FFFAF
S31500037180FFFFFFFFFFFFFFFFFF6F52C10104804FA9
S31500037190FFFE670FDFFCFF8000006301F800019329
S315000371A074F53FFFFFFFFFFFFFFFFFFF3FEB824249
S315000371B04400004DFFFC9F8000FFFFC00000196FD5
S315000371C0360C0347F475FFFFFFFFFFFFFFFFFFFFCB
S315000371D0FFEBC024C000004DFBFB3C0FFE03FFFF8B
S315000371E0FC9F07E090310CF9B07BFFFFFFFFFFFF29
S315000371F0FFFFFFFFFFFAC019800000DBEBFEF1E79C
S31500037200E7E18FFFFCF0E1FEC0077F000036FFFFDA
S31500037210FFFFFFFFFFFFFFFF1FEAC46960019FFB3C
S31500037220EBFDC7980004E3F07E00001E01FFFE1885
S315000372308C3CFFFFFFFFFFFFFFFFFFFFFEF2DFF2C6
S3150003724040008FE7DFFB9CC3FFF07CFFE0CFFF37F7
S31500037250DE0E1FC08E34DFFFFFFFFFFFFFFFFFFFC2
S315000372609FFB77FA4000C41FDFF7771C3C3E3FFFC6
S31500037270BDF0038FF800030104B6DFFFFFFFFFFF36
S31500037280FFFFFFFF7FFD75FE000439F6BFFEC867EB
S31500037290FFCF8FFFE783E0EFE3FFF18604FEDFFF17
S315000372A0FFFFFFFFFFFFFFFF80E635FE400209CD2C
S315000372B0BFFDB19E0007F1FFFE001C7FCE1F38788D
S315000372C09C7CDFFFFFFFFFFFFFFFFFFF1FFB357AFE
S315000372D041006C035FFB66700001FE03FF0003FFC2
S315000372E0B007BC01BB7DBFFFFFFFFFFFFFFFFFFF33
S315000372F0E07F9D7A4120383CBFF68D81EFF87FF120
S31500037300FC27E1FF60F2D6061239BFFFFFFFFFFF3E
S31500037310FFFFFFFF800F5EAB49984BF33FFD3B0F2B
S31500037320200E1FFFFF8038FA61F95A103C3ABFFF5F
S31500037330FFFFFFFFFFFFFFFF001F03AD6CC1BB2075
S315000373407FFB643C0007CFC1FE0FCFFEC1184A0383
S315000373507954BFFFFFFFFFFFFFFFFFFF0FF001CDD4
S31500037360A6630381FFFEC8F03FC3EFFFFC003FFFA8
S31500037370C3B44B9CD35C7FFFFFFFFFFFFFFFFFFF01
S315000373803FB00276D13C0B0FFFFF99C3E01FFFFF0F
S31500037390C3C38E7F83E64B8386397FFFFFFFFFFFE1
S315000373A0FFFFFFFFFF00100B61F51983DFFFF31CDF
S315000373B000FFFEFFFC0027BF839CDB9CFC72FFFFE4
S315000373C0FFFFFFFFFFFFFFFFC83CE38DB80E63DF40
S315000373D0DFFFE6706000FFC007FF19FF8391919FEF
S315000373E030E6AFFFFFFFFFFFFFFFFFFF33FBE026A4
S315000373F0E40C0FF1FFFFC8CFFFFC07FFFC00DE7FA5
S31500037400D3CFE19FE4816FFFFFFFFFFFFFFFFFFF86
S315000374104E06C0039000147FFFFF93BFF3FFE1FF07
S31500037420C0003F1FD1A3C38788025FFFFFFFFFFF93
S31500037430FFFFFFFF98058000E0008FE7FFFFA7FC33
S31500037440FFFFFF800F870CCFD0FE1EDE3004DFFF69
S31500037450FFFFFFFFFFFFFFFF23C6000038000C3CC2
S31500037460FFFFEFE7FFFFF9FE3E01FFFFF87FF8DFBF
S315000374708019BFFFFFFFFFFFFFFFFFFF643C000014
S3150003748000C70F8E7FFFDF9FFFCFFFFFC3FFFFFF07
S31500037490FE0FE8DF00037FFBFFFFFFFFFFFFFFFF9A
S315000374A0C8F0000001C07FC7FFFFFE7BFFFFFFDFC1
S315000374B0FFFF7FFFFFC048F47004FFFBFFFFFFFFE2
S315000374C0FFFFFFFF93C000000300E007FFFFFDC7B8
S315000374D08FFF0000003FFFFF7F7CD8F47803FFFD9A
S315000374E0FFFFFFFFFFFFFFFF979800000C018F834D
S315000374F0DFFFBC39FF000E0FF8001FFF7F633174F7
S3150003750027FFFFFDFFFFFFFFFFFFFFFFA740000071
S3150003751018253801EFFFF80FE001000000018A7F0C
S31500037520FFF8E7C213F3FBFDFFFFFFFFFFFFFFFFBC
S315000375302E800000308DC00077FDF87F003FC0002D
S315000375400982001FFFFF0CD213FBDBFFFFFFFFFFC8
S31500037550FFFFFFFF0C80000020030C012FFBD1F877
S315000375600000000000004103DFFC18DE4BE1FFFFD3
S31500037570FFFFFFFFFFFFFFFF5D20001064267E0075
S31500037580BF7FA7C30000000000000004FFF783B617
S315000375901B500FFFFFFFFFFFFFFFFFFF5D620010A2
S315000375A04CCD8000577F4318000000000000008088
S315000375B0FFFFFE349BF019FFFFFFFFFFFFFFFFFFF7
S315000375C05B520110494A00031DFF80600000000062
S315000375D0000000021FCFF85C1BFE83FFFFFFFFFFC7
S315000375E0FFFFFFFF7B544110D39CC01FCDFF00005C
S315000375F0000000000000000207F2393E11AE8EFFC4
S31500037600E7FFFFFFFFFFFFFF73D44110D609007F9B
S31500037610EDFE0000000000000000000827FE0066E3
S3150003762031AF1BFFF3FFFFFFFFFFFFFF73C4011023
S31500037630A48800C0F1EC0000000000000000000177
S3150003764004FFFF8605AF8FFFF9FFFFFFFFFFFFFF75
S3150003765033C00098AD51C00073CA9000000000000B
S315000376600000000030DFFC3C09EECFFFFDFFFFFF0B
S31500037670FFFFFFFF73D00888A89600003AC70000F3
S315000376800000000000000000103FFFF8237FE7FE24
S31500037690FCFFFFFFFFFFFFFFF3D4044CD93C00FFC1
S315000376A0BDE4400000000000000000000613FF7860
S315000376B0014779FB56FFFFFFFFFFFFFFFB5406441D
S315000376C0D9780001B9A800000000000000000000FE
S315000376D000C6E42432EF7FFFF7FFFFFFFFFFFFFF44
S315000376E0FDF4022258B000FC63C000000000000055
S315000376F0000000001011FA8004CF7FFFE3FFFFFFB5
S31500037700FFFFFFFFF7AE018819E7078347C00000B5
S3150003771000000000000000000301BFC019DF7FFF67
S31500037720EBFFFFFFFFFFFFFFF9CE00C06FE40E196B
S31500037730AFF00000000000000000000040627FE799
S31500037740E19F5FFFFB7FFFFFFFFFFFFFFCCE08000C
S315000377506E680C0CB3E0000000000000000000009F
S3150003776008089FFFE07A7FFFFBFFFFFFFFFFFFFF96
S31500037770FB6340012EB810005F60000000000000AC
S315000377800000000000001FE4E0D6FFFFFFFFFFFF3D
S31500037790FFFFFFFFFC1800FC3C5020026D40000079
S315000377A0000000000000000000622FE7F024BFDFA6
S315000377B0FFFFFFFFFFFFFFFF8F843E001DB40103A2
S315000377C02C4000000000000000000000040C9BFF9A
S315000377D0D84DFFDDFFFFFFFFFFFFFFFF060184E13B
S315000377E08DA806012E8000000000000000000000A6
S315000377F0008007CFF8097FFEFFBFFFFFFFFFFFFFF4
S3150003780070FFD80605081800A50000000000000058
S3150003781000000000003029F0781277BFF5BFFFFFA4
S31500037820FFFFFFFFC00074880512003C278000009D
S315000378300000000000000000040C11FF9C203FBF65
S31500037840F3BFFFFFFFFFFFFF80002890C450000631
S31500037850272000000000000000000000008022FF37
S31500037860FF037FFFF3BFFFFFFFFFFFFF000192014F
S31500037870045001FE3F00000000000000000000006D
S31500037880003084FFFF1EFFFBE53FFFFFFFFFFFFF07
S31500037890040314320042060F9800000000000000A3
S315000378A0000000002000C9BFFC83FFE7CB7FFFFF7A
S315000378B0FFFFFFFF18651466024A0C7FCE00000027
S315000378C000000000000000000403227FFC7ECFEFCF
S315000378D0F77FFFFFFFFFFFFF30C3244409241C008B
S315000378E027000000000000000000000000A314FFB2
S315000378F0FF01BFFFCE7FFFFFFFFFFFFF69022444A7
S315000379000DB318031E200000000000000000000055
S31500037910202849BFFEFF3BFFF7FFFFFFFFFFFFFFE7
S31500037920D250204446CC1000CEA000000000000038
S3150003793000000000000C317FFFF83FFFEFFFFFFF61
S31500037940FFFFFFFFB6902044436030002400000091
S315000379500000000000000000008314FFFF017FFF0A
S31500037960FFFFFFFFFFFFFFFFBCB4204440BFE387D9
S31500037970CD80000000000000000000000020C9FFC9
S31500037980FE027FFFFFFFFFFFFFFFFFFF2D24000027
S3150003799060031C003C000000000000000000000023
S315000379A0040C337FFD04BFFFFFFFFFFFFFFFFFFF55
S315000379B02D2420023007A0001EC000000000000096
S315000379C000000000018316FFFFF92FFFFFFFFFFFF3
S315000379D0FFFFFFFF2D042021180B420FCE000000EE
S315000379E000000000000000000020CD9FFFC267FEDC
S315000379F0FFFFFFFFFFFFFFFF2D0410118E739C187F
S31500037A00E64000000000000000000000040C4B7F6D
S31500037A10FFCCD7FFFFFFFFFFFFFFFFFFAD040018FB
S31500037A20C00B301FDA000000000000000000000059
S31500037A30018336FFFFF1E5FEFFFFFFFFFFFFFFFFB9
S31500037A40B584000C701367801F000000000000005F
S31500037A5000000000002009FFFFC2EBFFFFFFFFFF4E
S31500037A60FFFFFFFF948000021F009800CF10000065
S31500037A7000000000000000000008C9FFFFFFD3FF5D
S31500037A80FFFFFFFFFFFFFFFFD6A200018000B0004C
S31500037A90120000000000000000000000000133FF98
S31500037AA0FFF637FFDFFFFFFFFFFFFFFFD2C0000038
S31500037AB030434C00C6200000000000000000000018
S31500037AC0002103FFFFF8CFFFAFFFFFFFFFFFFFFF1D
S31500037AD0ABC000000F8251807FC000000000000091
S31500037AE00000000000004DFFFFFF1FFF9FFFFFFF89
S31500037AF0FFFFFFFF25E000000006A7000FD80000E8
S31500037B000000000000000000008033FFFFDC7FFF61
S31500037B10DFFFFFFFFFFFFFFFD4700000000FEF0042
S31500037B207BC0000000000400004000010000127F3B
S31500037B30FFDFE7FFDFFFFFFFFFFFFFFF3A0C00005A
S31500037B40000BDE007FCC00000071E10000000000A6
S31500037B50406CCDFFFFDAB3FFEFFFFFFFFFFFFFFF31
S31500037B60D9FE0000001BFC78C74000000C1C7C00FB
S31500037B708140200403DFF2FFFFF955FBAFFFFFFF50
S31500037B80FFFFFFFF3C7F00007F3FE9C01B100000A3
S31500037B9010FFC7080C4008414BFF35FFFFB9AAFF8A
S31500037BA0EFFFFFFFFFFFFFFFE3058000185B5B1F8F
S31500037BB0EF80000FF81CFBF8C70080144E7FFDFE14
S31500037BC0FFFCA6FFFFFFFFFFFFFFFFFF01CA6000E9
S31500037BD000BB5A6FF780001F01FBF9F0180223550B
S31500037BE04FFFFFFFFFDCD7FFF5FFFFFFFFFFFFFFA1
S31500037BF08C3DEE01027B5CBFFFC000783F3FFF7FF9
S31500037C00202087C5FFF7FFFFFF3C57FFF5FFFFFF68
S31500037C10FFFFFFFF640E0800F8DB59F1EFD000F019
S31500037C20F8FFFFFFE74807D4FFFFFFFEFFC857FF34
S31500037C30F7FFFFFFFFFFFFFF329F0000013B4BFFF4
S31500037C40F7D001F7CFFFFFFFFEC013D7FFFFFFFFFC
S31500037C50FF9887FFF3FFFFFFFFFFFFFFD85BBC0023
S31500037C60067F6FCFFBF003CF3FFFFFFFFDB087DF3C
S31500037C70FFFFFFFFFF3027FFF7FFFFFFFFFFFFFFBA
S31500037C80C8489F007CFFB73FFBE0059FFFFFFFBF90
S31500037C90FFE023FFFFFFFFFEFFF00EFDF7FFFFFFF1
S31500037CA0FFFFFFFF2848F00001FF9FFFFBE00DFFEA
S31500037CB0FFFFFFFFFFD003FFFFFFFFFFFFFC0CF5F6
S31500037CC0FFFFFFFFFFFFFFFF0948073007DDDFE682
S31500037CD07BC03FE9FF83FFFFFD8003FFFFFFFFFF3D
S31500037CE0FFFFCDFF7FFFFFFFFFFFFFFF964470F807
S31500037CF01FF9FFFF3FC07F37C03FFFFFFFC003FFF2
S31500037D00FFFDFFFFFFFEDDFEFFFFFFFFFFFFFFFFA0
S31500037D1086441F300FE3FFFFBFC05E7F0F7FFEFF6A
S31500037D20FF9003FFFFDB43FFFFFFBBDFFFFFFFFF09
S31500037D30FFFFFFFF000A01D80007FFFFFB80FAF6EB
S31500037D4001FFFFFFFF0003FFFFFFFB7DFFFFEDFFCB
S31500037D50FFFFFFFFFFFFFFFF000B806C003EFEBF30
S31500037D60F681D5EC1FE3FFFFFF4012FFFFFFFFFE87
S31500037D70FFE99BFFFFFFFFFFFFFFFFFF0009E11284
S31500037D8001E5FAFFF98183D8FE00FFFFFF8007FFB5
S31500037D90FFFFFFFF7FFFCFFFFFFFFFFFFFFFFFFF9A
S31500037DA00000F64B8719DEFFFB020383E0009FFF0B
S31500037DB0FFC00FFFFFC1FFFFFFFFFFFFFFFFFFFF37
S31500037DC0FFFFFFFF0007FBAFE071DEFEFE000207C9
S31500037DD000007FFFFF8003FFFF817FFFFFFDFFFFA3
S31500037DE0FFFFFFFFFFFFFFFF000C88747BE19FFF90
S31500037DF0FE040006801FFFFFFE0007FFFB801FFF38
S31500037E00FFFFFFFFFFFFFFFFFFFFFFFF1C00781EC3
S31500037E100783BFBFF804000700FFFFFFFF8003FFD0
S31500037E20EFFF8FFFFFFFFFFFFFFFFFFFFFFFFFFFD9
S31500037E30F007CD3F181FFF9B8000201E07FFFFFFA3
S31500037E40FF0009FFF3FFFFFFFFFFFFFFBFFFFFFF7A
S31500037E50FFFFFFFFC01E01BF0FFFFFBFC0000038BB
S31500037E601FFFFFFFF2A001FFCFFFFFFFFFBF6FFF63
S31500037E70FFFFFFFFFFFFFFFF0001FF0E161FBFFE01
S31500037E80000040D27FFFFFFFFF0001FFFFFFFFFF60
S31500037E90FFFEFFFEBFFFFFFFFFFFFFFF010E07EF22
S31500037EA00FFE6FFFC00083CDFF01FFFFFC0005FF40
S31500037EB0FFFFFFFFFFFDFFFE9FFFFFFFFFFFFFFF2C
S31500037EC00EF80FFF2F81CFFE80011F9BF81FFFFBCC
S31500037ED0F00002FFF1FFEFFFFFFBFFFF4FFFFFFF86
S31500037EE0FFFFFFFF1023880717FE37BEE000DF7F83
S31500037EF0F03FFFFC000001FFF1FFEFFFFFFFFFFF75
S31500037F008FFFFFFFFFFFFFFF26C001F69F0047BF5E
S31500037F10900009FFC03FFFFE900004FFC1FFFDFF75
S31500037F20FFFFF7FEAFFFFFFFFFFFFFFF58801FFEB8
S31500037F30DC3F1F77200007FF001FFFFF6000027F63
S31500037F40D1FFFDFFFFFFEFFFE7FFFFFFFFFFFFFF90
S31500037F50E3403F07FE0037F6500005E1801FFEF9B8
S31500037F60000001FFE0FFF5FFFFFFEFFF97FFFFFFB5
S31500037F70FFFFFFFFCF827FF3FEE3F6E790000004E7
S31500037F80000FFCF80000007FE07FD9FFFFFFFBFF37
S31500037F9097FFFFFFFFFFFFFFD38CF04DFF1F67CF58
S31500037FA0F00000010807F91C0000027F9E1FBFEFC7
S31500037FB0FFFFFBFFD7FFFFFFFFFFFFFFA310C7E492
S31500037FC0FF80CFDE000000004401FE78000000FFC2
S31500037FD0F01FFFE7FFFFF6FFF7FFFFFFFFFFFFFFC0
S31500037FE0A6219FFFFFFFBFCF78000001007CF0FCB6
S31500037FF00000003FFC003FF4FFFFEDFFF7FFFFFF2C
S31500038000FFFFFFFF8C4120FFFFFFFC1F1400000052
S31500038010040003F00000033F8FDFFFF7FFF9DDF7EE
S31500038020F7FFFFFFFFFFFFFF8CC341FDFF03FEFFCB
S31500038030E700000011800FC80000003F1DFFFFEBA3
S31500038040FFFFBBFFF7FFFFFFFFFFFFFF90830EFF5F
S315000380507FFFFFF3FF800000027FFFB00000003FB9
S31500038060E161FFE9FFFFF7FFF7FFFFFFFFFFFFFFF9
S31500038070A98F99F7FFFFEF9FE30000000467FEC097
S315000380800000003FD24BBFD5FFFFEFFFF7FFFFFF17
S31500038090FFFFFFFFA98B23FBFFFE0101FF800030DB
S315000380A0001FFD000000001FD09FCFCEFFFF9FFFE4
S315000380B0F7FFFFFFFFFFFFFFA91327FFDFF8F81FF7
S315000380C0F18000000006F8000000005FC0C07FEAF0
S315000380D0FFFFFFFFEFFFFFFFFFFFFFFF89134727A9
S315000380E0FFF00002FF400000007800000000001FC0
S315000380F0A039C680FFFFFFFFEFFFFFFFFFFFFFFF74
S31500038100C91746FBFFF8E0007EC000000000000030
S315000381100000001FF0244B557FF8FFF7FFFFFFFF1A
S31500038120FFFFFFFFC9174FFFFFF38003BF200002C6
S31500038130000006000000001FE6002D03FFEFBFEF5F
S31500038140FFFFFFFFFFFFFFFFD9954F8FFFF60000ED
S31500038150CF400000000030000000003FE812942AE0
S31500038160FFFEFFDFFFFFFFFFFFFFFFFF79D5CE0314
S31500038170FBE980003FC00000110800000000009FDB
S31500038180F101528CFFFCFFFFFFFFFFFFFFFFFFFF25
S31500038190FDDFCEF1FAF300039FB0000000000000FC
S315000381A00000001FD0010045FFF3FFFFFFFFFFFFA5
S315000381B0FFFFFFFFFCCE67FD7BE66000FFC000000C
S315000381C0000000000000000FFA501577FFFF7FFF45
S315000381D0FFFFFFFFFFFFFFFF06E8673EBDECC01C86
S315000381E03FD800000000000000000007E04000AB9D
S315000381F0FFF8FFFFFFFFFFFFFFFFFFFF036D731C8A
S31500038200BDE93E7CDDE00000000100000000001F28
S31500038210F4254AABFFFA7FFFFFFFFFFFFFFFFFFFD8
S3150003822001BD9F097FDA7C073FFC000000000000C8
S315000382300000000FC0000317FFF3FFFFFFFFFFFF60
S31500038240FFFFFFFF004ECF9E7ED5E180DFC8000013
S315000382500000000000000007FA528557FFFFFFFFEA
S31500038260FFFFFFFFFFFFFFFF000331DCFDFF86007B
S315000382707F780000000000000000000FFC40000FA4
S31500038280FFFCDFFFFFFFFFFFFFFFFFFF00018EF194
S31500038290FBBF8007FF60000000000000000000072E
S315000382A0F42002AFFFF9BFFFFFFFFFFFFFFFFFFF52
S315000382B00000C07FF7BF03EEFB7C00000000000058
S315000382C000000017F8A52A9FFFF07FFFFFFFFFFFBF
S315000382D0FFFFFFFF0000787FEFBE0FC7DB582000CC
S315000382E0000000000000000BE8000057FFF1FFFF4D
S315000382F0FFFFFFFFFFFFFFFF00003C1FF7FE9FFE90
S315000383006E780000000000000000000FE142954374
S31500038310FFFFFFFFFFFFFFFFFFFFFFFF00000FFF52
S31500038320EF7F3F87B6C00800000000000400000787
S31500038330E0000003FFFFFFEFFFFFFFFFFFFFFFFF6D
S31500038340000013FFDF7F6E7DF78000000000000052
S315000383500C000013FAB50AAFFFFFFFFFFFFFFFFF95
S31500038360FFFFFFFF00001CDF637EEDFEF3D8000076
S31500038370000000002C000009FA11082FFFFFFFFF81
S31500038380FFFFFFFFFFFFFFFF800007FC83FEDBBC51
S315000383905B9000800000000078000005FD4005D5D5
S315000383A0FFFFFFFFFFFFFFFFFFFFFFFFC00030FCE4
S315000383B003FEDE7E5B601000000000017000000318
S315000383C0F78A8557FFFFFFFFFFFFFFFFFFFFFFFF53
S315000383D000001F8C03FF9FFFEA400000000000041B
S315000383E0C0000009FA84402FFFFFFFFFFFFFFFFFD6
S315000383F0FFFFFFFF0002003C03FF9EFFE3D00002E6
S315000384000000000380000004FF156BAFFFFFFFFFB2
S31500038410FFFFFFFFFFFFFFFFE00109FC07FF8EFFE2
S31500038420F20000000000000700000003FF0003073E
S31500038430FFFFFFFFFFFFFFFFFFFFFFFF00019FFCA3
S3150003844007FFCFFEF7A00080000002070000000927
S31500038450DFAB3577FFFFFFFFFFFFFFFFFFFFFFFFE9
S315000384608002C0780FBFC6F87E0000000000000A35
S3150003847000000005FE20157FFFFFFFFFFFFFFFFF44
S31500038480FFFFFFFFE00361F81F36FDFF6DC000002D
S315000384900000000200000003FF001A7FFFFFFFFF3A
S315000384A0FFFFFFFFFFFFFFFF3000FFF03F7B7FD1A2
S315000384B0FB0000000000011203FE0009BF55AA2FAE
S315000384C0FFFFFFFFFFFFFFFFFFFFFFFF080C01E0BA
S315000384D07EEB7E04FEE00000000000230FFF003762
S315000384E0FF400A2FFFFFFFFFFFFFFFFFFFFFFFFF17
S315000384F00007FFC1FDCDFFE17FE00000000002C3DE
S315000385009FFF801FFFEAD55FFFFFFFFFFFFFFFFF10
S31500038510FFFFFFFF0021FF8FF95DBC053F900000C1
S3150003852000000041FFFFD26FFFA951DFFFFFFFFFEE
S31500038530FFFFFFFFFFFFFFFF0038037FB2DDBBE353
S31500038540EFD8000000000141FFFFC1BFFFF55AFF4E
S31500038550FFFFFFFFFFFFFFFFFFFFFFFF007FFEFCA5
S31500038560E7BFDE187FF800000000010087FFE2FF87
S31500038570FFF5AABFFFFFFBFFFFFFFFFFFFFFFFFFA5
S315000385800033FCFFDF7FD001FFFC0000000010007A
S315000385907FFFE97FFFC20A3FFFFFFFFFFFFFFFFFEA
S315000385A0FFFFFFFF000FFF7E34F46C0CBFFC0000DF
S315000385B00000000000F1F6FFFFEAD57FFFFFFFFF93
S315000385C0FFFFFFFFFFFFFFFF0001FE38F9EC780016
S315000385D0FFFC000000000000001FFFFFFFE4547FC4
S315000385E0FFFFFFDFFFFFFFFFFFFFFFFF0001F9EFC5
S315000385F0F7DB60003FB400000000000000087FFFC7
S31500038600FFD55D7FFFFFFFFFFFFFFFFFFFFFFFFFBD
S3150003861003FFFD8E7FF6C7001BFC00000000000071
S315000386200000FFFFFFF088BFFFFFFFFFFFFFFFFF15
S31500038630FFFFFFFFC03CFE387FED8C007DFE000090
S31500038640000000400001FFFFFFAAAABFFFFFFFFFD4
S31500038650FFFFFFFFFFFFFFFF23F3FF6FFCFB180086
S315000386607FFF0000000000000000FFFFFFFEFEFF8B
S31500038670FFFFFFFFFFFFFFFFFFFFFFFF0004FF9862
S3150003868079E510000FEF0000000000000000FCFF7A
S31500038690FFD440FFFFFFFFFFFFFFFFFFFFFFFFFFCB
S315000386A003F8FB80F39D218007EE00000000000025
S315000386B00000FCBFFFFD457FFFFFFFFFFFFFFFFF3E
S315000386C0FFFFFFFF0182FF98E679230003F700000F
S315000386D0000000000000FCDBFFE8B9FFFFFFFFFF1F
S315000386E0FFFFFFFFFFFFFFFF200CFFD06D8126007A
S315000386F003F70000000000000000FD57FF1008FF0D
S31500038700FFFFFFFFFFFFFFFFFFFFFFFF0031EFC587
S31500038710FB7F240093FF4000000000000000F95592
S315000387207FF7FBFFFFFFFFFFFFFFFFFFFFFFFFFFDC
S315000387300003FBD87CE18C007FDD00000000000015
S315000387400000D2057E8140BFFFFFFFFFFFFFFFFF53
S31500038750FFFFFFFF400D5FE0797CC40F9FED200014
S315000387600000000000004222F79811FFFFFFFFFF01
S31500038770FFFFFFFFFFFFFFFF3CF3D5627AFF4000D9
S3150003878075EC400000000000000022FAB7FF9FFFCF
S31500038790FFFFFFFFFFFFFFFFFFFFFFFF0F86B56C26
S315000387A03DFFE00013ECC00000000000803C07FA28
S315000387B0B3101AFFFFFFFFFFFFFFFFFFFFFFFFFFE0
S315000387C000193F703D8060000FECC00000000108F7
S315000387D001FE0FFE5BB0BBFFFFFFFFFFFFFFFFFFC7
S315000387E0FFFFFFFF00767F603F7720002FE8C00082
S315000387F0000000000FFFFFFF5BD7A3FFFFFFFFFF94
S31500038800FFFFFFFFFFFFFFFF0F8CFE401FCF807CA4
S3150003881007DDC000000011243FFFFFFFF00037FF14
S31500038820FFFFFFFFFFFFFFFFFFFFFFFF0039F6C05C
S315000388301FB841C607DD800000000039FFFFFFFFB8
S31500038840FFEBF7FFFFFFFFFFFFFFFFFFFFFFFFFF4B
S3150003885011C6FE800F7843030BD500000000003DD0
S31500038860FFFFFFFFFC0007FFFFFFFFFFFBFFFFFF0D
S31500038870FFFFFFFF0019FD010FF30401D98E00006E
S315000388800000003FFFFFFFEFF622FFFFFFFFFFFFA2
S31500038890FFFFFFFFFFFFFFFF0027F907CFEC007F76
S315000388A0FF6E000000000063F803FFFFB7403FFFC1
S315000388B0FFFFFFFFFFFFFFFFFFFFFFFF0FFDFB1C98
S315000388C06BD821F1F1D80000000001C00001FFF3CD
S315000388D09F41FFFFFFFFFFFFFFFFFFFFFFFFFFFFBD
S315000388E00083F631EBB0C3C07FFA400000000300FB
S315000388F01B01FFFF5775FFFFFFFFFFFFFFFFFFFF93
S31500038900FFFFFFFF800784273BE1E71037F80000EE
S315000389100000008006C1FFFECC014FFFFFFFFFFFF3
S31500038920FFFFFFFFFFFFFFFF700F180418F60C0091
S3150003893013B1000000000200011FFFFDEC2B7FFFB7
S31500038940FFFFFFFFFFFFFFFFFFFFFFFF1FFE3808CD
S315000389501EEC08780A50000000000000063FFFFFE7
S31500038960B6AB5FFFFFFFFFFFFDFFFFFFFFFFFFFF4D
S3150003897000FCF031176880000F7C00000000000047
S3150003898003DFFFFC10007FFFFFFFFFFFFDFFFFFF7D
S31500038990FFFFFFFF8001F072177304000FFC8000D6
S315000389A000000000001FFFFBCA47FFFFFFFFFFFF9A
S315000389B0FFFFFFFFFFFFFFFF780FE0243F76000076
S315000389C00FF800000000000000FFFFEDE940FFFF85
S315000389D0FFFFFFFFFFFFFFFFFFFFFFFF1FFBC12C93
S315000389E07FFC80000CFB000000000000001FFFF569
S315000389F0A005BFFFFFFFFFFFFFFFFFFFFFFFFFFF17
S31500038A00000701387FF900000DFE4000000000005A
S31500038A10107FFEF6B413FFFFFFFFFFFFF7FFFFFF15
S31500038A20FFFFFFFFE03F2070FFFB00000FFC00008D
S31500038A3000000000081FFFDE0083FFFFFFFFFFFFAC
S31500038A40EFFFFFFFFFFFFFFF1FFF6271BFFE600027
S31500038A50E37580000000000000FFFF2B4A7FFFFF45
S31500038A60FFFFFFFFFFFFFFFFFFFFFFFF00664477E8
S31500038A702FFC8001FBFF1000000000000E1FF9A071
S31500038A804200DFFFFFFFFFBFFFFFFFFFFFFFFFFF09
S31500038A90F3E604564F7D18000FBE004000000000A9
S31500038AA030FFFFB003AFFFFFFFFFFFFFFFFFFFFF37
S31500038AB0FFFFFFFF0F8800DCD77F2000E3FE0800DF
S31500038AC0000000000E7FFEF2AA8DFFFFFFFFFFFFEF
S31500038AD0FFFFFFFFFFFFFFFF3DF20191AFFE4400E3
S31500038AE0FFFF811000000000000009C0000FFFFF18
S31500038AF0FFFFFFFFFFFFFFFFFFFFFFFFFFEE019EED
S31500038B006FFE98007FDF900000000000000000E980
S31500038B10557FFFFFFFFFFFFFFFFFFFFFFFFFFFFF86
S31500038B20DEFE03BC97FFE300F3FFE2000000000054
S31500038B300000000D001FFFFFFFFFFFFFFFFFFFFF0A
S31500038B40FFFFFFFFBFE407332FFF0C001DFBE444C9
S31500038B50000000000000003405FFFFFFFFFFFFFFDA
S31500038B60FFFFFFFFFFFFFFFFFDCC1930EFFE0600FF
S31500038B703FFFF8800000000000000038917FFFFFF0
S31500038B80FFFFFFFFFFFFFFFFFFFFFFFFFF980271DE
S31500038B909FFC8C007FFFF0900000000000000000A7
S31500038BA0007FFFFFFFFFFFFFFFFFFFFFFFFFFFFF4B
S31500038BB0FC700CFF3FFD0000FBFFF1080000000006
S31500038BC000000007A97FFFFFFFFFFFFFFFFFFFFF77
S31500038BD0FFFFFFFF23C071307FFE6200EDBFE62477
S31500038BE08000000000000000007FFFFFFFFFFFFF83
S31500038BF0FFFFFFFFFFFFFFFFFC000273FFFFCC0039
S31500038C0017FFFEC00800000000000006EFFFFFFF8D
S31500038C10FFFFFFFFFFFFFFFFFFFFFFFFE0007CFEFD
S31500038C206FFED8001FFBF8C92000000000000000FB
S31500038C300FFFFFFFFFFFFFFFFFFFFFFFFFFFFFFF2B
S31500038C40C00001F1DFFCE4007E6DEAD010000000F5
S31500038C5000000907EEFFFFFFFFFFFFFFFFFFFFFF18
S31500038C60FFFFFFFFC504077F3F3BCC007F97F7510C
S31500038C70040000000000090008FFFFFFFFFFFFFFDD
S31500038C80FFFFFFFFFFFFFFFF55C13CCE7E7B980032
S31500038C90CFE3F568800130000000000DEFFFFFFF12
S31500038CA0FFFFFFFFFFFFFFFFFFFFFFFFD4701BE187
S31500038CB0DDF7B3007F7FCC69790000000000020175
S31500038CC0E7FFFFFFFFFFFFFFFFFFFFFFFFFFFFFFC3
S31500038CD0AC1F9FFF3FC7780307FDE8A12040400074
S31500038CE000004A12F7FFFFFFFFFFFFFFFFFFFFFF33
S31500038CF0FFFFFFFF4819FEF8DF8FF3C0FE7EB8C5FE
S31500038D006E44080000004A5FF7FFFFFFFFFFFFFF07
S31500038D10FFFFFFFFFFFFFFFF90381CF7BFCA660286
S31500038D203F9EF554ADD902400000A40AFFFFFFFFA2
S31500038D30FFFFFFFFFF7FFFFFFFFFFFFF2867E4FE45
S31500038D406F967E000CCEFF5A95B006080200352FAB
S31500038D50FFFFFFFFFFFFFFFFFFFFFFFFFFFFFFFF1A
S31500038D60C780096197267800017A7FEA12964C82BA
S31500038D70000A5FBFFFFFFFFFFFFFFFFFFFFF3FFF8E
S31500038D80FFFFFFFF006011772ECCF1E000FF3FFFEE
S31500038D9002C6D9A04C877CBFFFDFFFFFFFFFFFFFA3
S31500038DA0FFFFFFFFFFFFFFFF05D3E370DD9DB3006A
S31500038DB0022E975D6B42537C8195FEFFFFFFFFFFFB
S31500038DC0FFFFFFFFFFFFFFFFFFFFFFFF33F302E39B
S31500038DD0BF39AC00187F8BFEAD0A4DDDB3FFFFFF35
S31500038DE0FFFFFFFFFFFFFFFFFFFFFFFFFFFFFFFF8A
S31500038DF01F6004FE7E73F8C0077F44EAD5296DBF62
S31500038E003FFFFFFFFFFFFFFFFFFFFFFFFFFFFFFF29
S31500038E10FFFFFFFF00C01960DDF7FB0001FF2277AC
S31500038E2056A52DB67FFFFFFFFE7FFFFFFFFFFFFF68
S31500038E30FFFFDFFFFFFFFFFFC7E072F73B6B760025
S31500038E40047F91BD6AD4B5A6BFFFFFFFFCFFFFFFFA
S31500038E50FFFFFFFFFFFFFFFFFFFFFFFF3C61C4FEB6
S31500038E607816DC000337E84EAB5A96A7BFFFFFEF31
S31500038E70F1FFFFFFFFFFFFFFFFFFFFFFFFFFFFFF07
S31500038E8001FF09E1DF6EF000009BF407D52B529733
S31500038E902D5FFAAFE3FFFFFFFFFFFFFFFFFFFFFFBC
S31500038EA0FFFFFFFF878033CFDF9DE000015DFB01FE
S31500038EB0F2B56A40AD5FAEFF8FFFFFFFFFFFFFFF17
S31500038EC0FFFFFFFBFFFFFFFF31C0E6FDBE79E0F0CA
S31500038ED000AD9FC07A56AD4A15AEBFFE1BFFFFFF1E
S31500038EE0FFFFFFFFFFFFFFFFFFFFFFFF03BF8DCF67
S31500038EF07FF7C3800676E7E01F4A54AB5EAFFFF009
S31500038F0077FFFFFFFFFFFFFFFFDFFFFFFFFFFFFF10
S31500038F1005001BDCDFFF86403136D3F007E54AB593
S31500038F20EAFFF5C0FFFFFFFFFFFFFFFFFFFFFFFFA6
S31500038F30FFFFFFFF3B006783BFFF8D807CFB64F071
S31500038F4001FFAD5ABFFFF003FFFFFFFFFFFFFFFF68
S31500038F50FFFFFFFFFFFFFFFFFFFF8D8E6B77FF0016
S31500038F600E7B5278007FFFEADDFF801FFFFFFFFFC6
S31500038F70FFFFFFFFFFFFFFFFFFFFFFFFF87833FC55
S31500038F80DB2FFE0003FB65820003FFFFFFE070FF9C
S31500038F90FFFFFFFFFFFFFFFFFFFFFFFFFFFFFFFFD8
S31500038FA09C01C703372FFC0039FF2341800DF007CF
S31500038FB0FC0FC0FFFFFFFFFFFFFFFFFFFFFFFFFFEA
S31500038FC0FFFFFFFFF87E1F1E7FEFF8601E7F2D80D9
S31500038FD07003F803FFFE47FF9FFFFFFFFFFFFFFF3F
S31500038FE0FFFFFFFFFFFFFFFF78007AF8BFEBF200FA
S31500038FF04E5B330008007F1EFFFCBFFC7FFFFFFFB5
S31500039000FFFFFFFFF7FFFFFFFFFFFFFFDC0FFA0383
S315000390102FFF9C001359BC8000000CFFE001FFF1F9
S31500039020FFFFFFFFFFFFFFFFFFBFFFFFFFFFFFFF87
S3150003903038FFFE1E5F57B8004F5B3E400000026DCF
S31500039040C003FFE77FFFFFFFFFFFFFFFFFBFFFFF3A
S31500039050FFFFFFFF4804FFF9F777F6003F1B678022
S31500039060000001930C0D7F9FFFFFFFFFFFFFFFFF34
S31500039070FFFFFFFFFFFFFFFF9C33F167EFFF6C006E
S315000390801F3F7FE0000101A6188AFFFFFFFFFFFFD6
S31500039090FFFFFFFFFFEFFFFFFFFFFFFF3807C00DD7
S315000390A0DEEF78004BEEDFF000001E0C3115FFFFFC
S315000390B0FFFFFFFFFFFFFFFFFFFFFFFFFFFFFFFFB7
S315000390C0DC59802F9FFEF0003DE987F000600C0815
S315000390D06311FEFFFFFFFFFFFFFFFFFFFFFFFFFF22
S315000390E0FFFFFFFF9F0320427FD7F3000D6B99EC31
S315000390F000020918422BFBFFFFFFFFFFFFFFFFFFE5
S31500039100FFFFFFFFFFFFFFFF78986080DFBFEE00E2
S315000391106DEF660180037A10C4E3F6FFFFFFFFFFDE
S31500039120FFFFFFFFFFFFFFFFFFFFFFFFB800C107C2
S31500039130BF6FF8000FDF99802000143080F3FDFF26
S31500039140FFFFFFFFFFFFFFFDFFFFFFFFFFFFFFFF28
S31500039150F803861E7CDFF00007FE6600000004218C
S315000391608143FF7FFFFFFFEFFFFFFFFFFF7FFFDF70
S31500039170FFFFFFFFFA0F182DDDBFA00067FDB1004B
S315000391800031E82101E7FCFFFFFFFFEFFFFFFFFFD1
S31500039190FFFFE73FFFFFFFFFC7F8000F3F3BE70077
S315000391A07FF66700000070410387FFEFFFFFFF4F65
S315000391B0FFFFFFBFFFFF30FFFFFFFFFF8000004CF5
S315000391C0FBB7D8001F9FF9800000704202C7FFFF5C
S315000391D0FFFFFF4BFFFFFEFFEFBFFFFFFFFFFFFF9B
S315000391E00000018BFEEFC003FFF77E0000006082E4
S315000391F007D7FFFFFFFFDEDFFFFFFEFFFFBF3FFFD8
S31500039200FFFFFFFF0000031EDFFB8000EFF99C005A
S315000392100000E0820797FFFFFE7FBE9FFFFFFEFF72
S31500039220FDEF7FFFFFFFFFFFC00000109FB7800029
S3150003923037F667000000C1800FAFFFFF3FFFADBFEA
S31500039240FFFF7FFFFDFE7FFFFFFFFFFF800000376D
S31500039250B7A73800FFFDDC80000101000F2FFFFFD9
S31500039260FFFF4D7FFFFD7FFFFDBF7FFFFFFFFFFF7B
S315000392701000006FEFBFE0007FF0700000010100F7
S315000392800F7FFFFFFFFEDB7FD6DD7FFF7DFF7FFFC7
S31500039290FFFFFFFF200000CBCB7F80003FFDBF40D9
S315000392A0000001001F5FFFFFFFFFB7FF2DDFF7FF82
S315000392B07FFFFFFFFFFFFFFF42000113F77B000164
S315000392C0DDF7FCDFE392020017DFFFFFFFFE77F017
S315000392D0DFBFF7FFEFFFFFFFFFFFFFFFC4000067DE
S315000392E0ED7F0000FDFF3B60C002020027FFFFFF8A
S315000392F0FFF8CFF3FF7FF7FFEFFFFFFFFFFFFFFF50
S31500039300880000CDDB7F20003FFE72830E40020003
S315000393102FBFFFFFEFF9BFFFFFFFF7FFF7FFDFFEEB
S31500039320FFFFFFFF1200001BD2F6600F97FEB73058
S315000393304C4000002FFFFFFFFFFCF7FE7F7FFFFF80
S31500039340FBFFBFFDFFFFFFFF3488003BCDF6C000E8
S31500039350D3FF6C418DC000004FFFFFFFFBFFFFE40F
S315000393607FF7EAFFFCFFBFFBFEFFFFFF2D9000F632
S31500039370FDDED00039F55882088000004FFFFFFF5D
S31500039380FE3FFDCDC1FFFEFFFFDE7FFFFF7FFFFF39
S315000393904B20008CF2D7E0039FFE980609000000DD
S315000393A00FFFFFFFF3BF7FD2004FFFFFFFF9FFFF62
S315000393B0FFFFFFFF53600119CCBFE801FDFBB20CB1
S315000393C0160000009FFFFFFC0EFFFEB78C21F5FF82
S315000393D0FFFFFFFFFFBFFFFFD64001F2F96FD80083
S315000393E07FF53408140000009EFFFFFFC37FF5AE30
S315000393F07F1F0D7FFFFF7FFFFFBFFFFFF6C800251F
S31500039400F24FD0001FF66810041000001FFFFFF094
S3150003941001FFF5FC87C09B7FFEFFFFFFFFFFFFFFFA
S31500039420E69020C3FC9FD000EFE2683020100000D6
S315000394301FFFFFFFC4FFFD7D18FF32FFFFFF7FFF06
S31500039440FFFFFFFFE5A081FFFB3FD88F37F6D02054
S31500039450200000001FDFFFFFFFFFFD7B2043E4EF3B
S31500039460FFFCFFFFFFFFFFFFED2300CDFE7EF8416C
S31500039470CFF4E040002000001FFFFFFE3BFFFD7E10
S31500039480407F8DDFFFFFFFFFFF7FFFFF6D2200138E
S31500039490F8BEF80067F5E000002000003FBFFFFFBD
S315000394A09FFFFD7C93CC13FFFFFFFFFFFFFFFFFF33
S315000394B07C6400E6F76EEC2737E1400000200000ED
S315000394C03FFFFFF8FFFDFD75B703E7FFFFFFFFFF54
S315000394D0FFFF6FFF7C48000DFCDFF437BFE14080E0
S315000394E0000000003FFFFFFFBFFFBF712C003CEFF2
S315000394F0FFFFFFFFFFFFFFFF7CC8003AF33DF609BE
S31500039500DFEA8000804000003FFFFFE1CFDF9FB925
S31500039510587E03FFFFFFFFFF7FFDFFFFDD9001E4A2
S31500039520FE7B720CCFF38100804000003FFFFFFEFD
S3150003953067FF9F9A919802FEFFFFFFF9FFFFFFFF68
S31500039540FD800009F1FBF184EFD161024040000088
S315000395503FFFFFF392BCCCCAA27721BFFFFFFFFFF9
S31500039560FFFFFFFFED810036CFDBF806FDB3630295
S31500039570409000003FFFFFF85AFE4CCAE4F1B33DAA
S31500039580FFFFFFFFFFFBBFFFFD820079FDCEDC0679
S31500039590FB364202019000007FFFFFFF3BFE4C5A61
S315000395A0C9C08063FBBFFFFFFFFD9FFFFCC4000133
S315000395B0F3DF7F027C7E0202819000007FFFFFFFC4
S315000395C0CFF64C7AD3004086FBFFF7FFFFFFD9FFA8
S315000395D0FFC80001FDDF39E2B9BC86028110000035
S315000395E07FFFFFE3EFD24C7B9600403DBFFDFFFDBF
S315000395F0FFFFFDFFFFC8001BFDDFBC02A7FC040243
S31500039600010000007FFFFFF827D24C6FAC27E1FF74
S31500039610FF5FFFE3FFFFFFFFFF500019FFDEDE04DE
S31500039620A7F90C02012000007FFFFF1E37D24C77FB
S31500039630AC0E006FFEFFFFFFFFFFDFFF1B6000396D
S315000396407FDECF8DFFF90C0201A000007FFFFFC76D
S3150003965037D65C73ECA0FFCFFFFFFFFFFFFFEFFFE3
S31500039660376000297EDA60FBFFD008020320000082
S31500039670FFFFFFF9B7D4DC5BD9738797DFFFFFFFE3
S31500039680FFFFFEFF2FC0000976C93002FFA21802B2
S3150003969002200000FFFFFFCD979498A9D26603FF2F
S315000396A007FFFFFFFFFFFFFF768000097E4D800C5B
S315000396B0FFA0100202200000FFFFFFF4DFACB8A8F2
S315000396C0D2C803FC87FFFFFFFFFFFFFF6D00001BF0
S315000396D076E4C011FFE0100002400000FFFFFFFF29
S315000396E0FF2931AAC0901FFB0FFFFFFF7EFFFEFF7E
S315000396F0EB20003B76E2128FFFE0100002400000F1
S31500039700FDFFFFEFFE53712BB1A1F8063C1FFFFFD0
S31500039710FEFFFF7FD244007AB6B113FFFFE02000BD
S3150003972006400002FDFFFFF7EFF78243B523E00093
S31500039730000FFFFFFFFFFFFFD08980D6B6D034FFAF
S31500039740FFC0200006400004F7FFFFDB7FEFB6B53E
S31500039750FD46C0000FFFFFFF7FFFFFFF9113002DA4
S3150003976066D867F7FFC8000005200004F77FFFED02
S315000397703FCF6D257E4580003C07FFFEFFFFFFFFC1
S31500039780C92600EB6F4C27FFFE88000005A00005E5
S31500039790FDFFFFF59F3CFF6D6E53100061F9FFFD62
S315000397A0FFFEFFFFCA6C03C69F67F7FFFF9000002B
S315000397B004A00005FDFFFFBA9FE9979ACE9E6000BD
S315000397C00FFDFFC7FFFFFFFFCA4800051FA1F9FFF3
S315000397D0FF1000000CA00005FDFFFFFC8FCF8E37A6
S315000397E0D68EC0801DFFFFFFFFFFFFFFCAD881890A
S315000397F03FB07E3FFF0000000E800005FDFFFFFC2B
S315000398008E0EC7EFFED4830073FDFFFFEFFFFFFF4E
S315000398104A9100107AD83BC3FF00000008C0000538
S31500039820FFFFE0DC8ECCC0F03FFD0400E7FEFFFF48
S31500039830DFFFFFEF4EB200344A6C37FFFF01000033
S315000398400840000DFFFFCFE487CED20007FD0801D5
S31500039850CFFFFFFFBFFFFFFF2DB400189B339FFF12
S31500039860FE01000019400009FBFFFDD717DEE7E004
S31500039870008918038FFFFFFE7FFFFFFF2DA4000360
S315000398803990FFFFDE0000001940000BFBFFFFFBD2
S31500039890155EEF0020191006003FFFFFFFFBFFFFD9
S315000398A025E8001E799F3F7FDC02014011C0000BB3
S315000398B0FBFFFFDD245E726000DD30040006FFFF60
S315000398C0FFF3FFFF27C80000FDCFFF9FFC02014007
S315000398D01180000BFBFDDE0F0A9C64C000DF300025
S315000398E070F17FFFFFF7FFFF23D00003FDE37FF750
S315000398F0FC0003401380000AF9FFFF83089C49001C
S31500039900007E320180FC7FFFFFF7FFFF2073000319
S31500039910DEB0BFFFFC04030033800002F9F7FFE16A
S3150003992015184B280077540001FE7FFFFFEFFEFF5B
S3150003993020620000FACCFFFFF80403003380000224
S31500039940FBEFE019AFB81A58003BCC0400FF7FFFCA
S31500039950FF9FFB7F20E440007B63FFFFF808028044
S3150003996023000002F97FFE09FE201AF30019E8011D
S31500039970F00FFFFFFFBF7FBF00EDC0033938FFFFC6
S31500039980F808028023000006F1FFF001EF4016E419
S31500039990000C32330003FFFFFF2F7FFF00EB800134
S315000399A0FC9EFFFFF808060067000006F9FEC003E9
S315000399B0EFC015C9C00710D80001FFFFFF5FFF7F87
S315000399C000E68000FCC7FFFFF00006006700000703
S315000399D0F9FDBE0300C03DDB0000F4904000BFFF6D
S315000399E0FFBEFF3700E50000BE60FFFFF010060074
S315000399F047000005F9FFF39780602796380035B3D3
S31500039A0080005FFFFFFFFF93087E0000FE3CFFFF21
S31500039A10F230060057000005F0FFC1E0003027AC26
S31500039A20F0001D2600005FFFFFFFFBC9087EC00094
S31500039A30FF077FFBF2200C00DF000005F0F9FF1F94
S31500039A40081225A98000152810007FFFFFFFFFFDE0
S31500039A50893DC000FF03FFFFF2600C00CE00000546
S31500039A60E0FBC0FFC40827DB00000970C3E03FFF2B
S31500039A70FFFFEFFF897D8000FFE3FFFFE0600C003F
S31500039A80CE000005E1BF0380008033D21C000573BE
S31500039A9019F03FFFFFEFF99F8B670000FFB9FFFF48
S31500039AA0E0400C018E00000FE1FF77000C8033D4F9
S31500039AB06000C67686F07FFFFFDF7CCF824E000014
S31500039AC0DFBCFFFFE0400C019C00000FE3FF0E38F4
S31500039AD07E0033DCCC00336533D86FFFFFFFF667B8
S31500039AE09BD80000DFBBFFFFE4403C01BE00000F34
S31500039AF0E3FE4CFFE30039FDB800196CC1D8DFFF64
S31500039B00FFFFFF27445241573A206661696C65643B
S31500039B1020746F206F70656E000000004452415739
S31500039B203A20547269656420746F20616C6C6F63AC
S31500039B3061746520612062756666657220256420FE
S31500039B40782025640A20616E64206661696C656409
S31500039B502E2E2E007634322D332D67323764642D44
S31500039B6064697274790000000A5B4150505D00001D
S31500039B700A5B48575D0000000A5B524144494F5D4A
S31500039B80000000000A5B4750494F5D000A5B4C45E5
S31500039B90445D00000A5B444953505D000A5B4E5620
S31500039BA04D5D00000A5B464C4153485D00000000D2
S31500039BB00A5B4F544845525D0000000052656769D1
S31500039BC073746572656420696E74657272757074F8
S31500039BD0206F6E2070696E20256420666F722042A6
S31500039BE07574746F6E20310A000000005265676950
S31500039BF073746572656420696E74657272757074C8
S31500039C00206F6E2070696E20256420666F72204275
S31500039C107574746F6E20320A00000000526567691E
S31500039C2073746572656420696E7465727275707497
S31500039C30206F6E2070696E20256420666F72204740
S31500039C4050494F0A000000005265676973746572D4
S31500039C50656420696E74657272757074206F6E2008
S31500039C6070696E20256420666F72204E4643206617
S31500039C7069656C64206465746563740A000000009A
S31500039C802A2A2043617567687420616E20657863AC
S31500039C90657074696F6E21202A2A0A0020204952B2
S31500039CA051206E756D2025640A000000202053485C
S31500039CB043535220253038780A00000020204346BB
S31500039CC0535220253038780A0000000020204846E9
S31500039CD0535220253038780A0000000020204446DD
S31500039CE0535220253038780A0000000020204D4DBD
S31500039CF046415220253038780A000000202042468B
S31500039D00415220253038780A0000000020204146C1
S31500039D10535220253038780A00000000556E6162E0
S31500039D206C6520746F20726561642F66696E6420AA
S31500039D3064657669636520696E697469616C20730D
S31500039D40657474696E67732C202530386C580A0065
S31500039D5057726F6E672076657273696F6E206F66D2
S31500039D602064657669636520696E697469616C2030
S31500039D7073657474696E67730A0000004E6F20661C
S31500039D806C61736820726567697374657265642CA8
S31500039D9020726572756E6E696E67206175746F6485
S31500039DA065746563740A0000526164696F205258D2
S31500039DB02064697361626C65640A00004E6F2066F5
S31500039DC069726D77617265206D6574612064617473
S31500039DD06120666F756E642C206372656174696EAB
S31500039DE0670A0000436865636B696E672063757273
S31500039DF072656E74207265762025642061676169D9
S31500039E006E73742070726576696F75736C792073DF
S31500039E10746F7265642025640A00000055706772CA
S31500039E206164652068617070656E65640A00000090
S31500039E30446F776E67726164652068617070656EE2
S31500039E4065640A004C6F6F6B696E6720666F7220DC
S31500039E50696D616765207769746820686173682036
S31500039E603078256C6C780A004C6F6F6B696E6720CF
S31500039E70666F7220696D61676520776974682074FF
S31500039E8079706520307825780A000000466F756E74
S31500039E906420617420696478203078257800000096
S31500039EA052657175657374696E67206D6574616457
S31500039EB061746120666F7220696D616765206174E4
S31500039EC02069647820307825780A0000577269740F
S31500039ED0696E67206D6574616461746120666F7273
S31500039EE020696D6167652069647820307825780A72
S31500039EF0000000004000000057616B657570206D1F
S31500039F0061736B2066726F6D20454D343A2030784D
S31500039F102530386C780A00000A5B4150502D4352B5
S31500039F204153485D200000000A5B48572D435241C8
S31500039F3053485D20000000000A5B524144494F2DFF
S31500039F4043524153485D20000A5B4750494F2D4316
S31500039F50524153485D2000000A5B4C45442D435251
S31500039F604153485D200000000A5B444953502D438A
S31500039F70524153485D2000000A5B4E564D2D435215
S31500039F804153485D200000000A5B464C4153482D6F
S31500039F9043524153485D20000A5B4F544845522DB6
S31500039FA043524153485D20002D2D2D2D2D2D2D2D52
S31500039FB02D2D2D2D2D2D2D2D2D2D2D2D2D2D2D2DC8
S31500039FC02D2D2D2D2D2D2D2D2D2D2D2D2D2D2D2DB8
S31500039FD02D0000005265626F6F74696E67000000A2
S31500039FE0536C656570696E6720666F726576657218
S31500039FF000000000556E6B6E6F776E20666C6173A2
S3150003A0006820636F6E66696775726174696F6E0A3D
S3150003A01000000000445241573A204E6F7420737576
S3150003A02070706F72746564206D6F64652100000043
S3150003A030457865637574696E67204C454420636F84
S3150003A0406D6D616E643A20002530327800000000A1
S3150003A050556E6B6E6F776E206D6F64652025642C6D
S3150003A0602063616E277420657865637574650A00DD
S3150003A0704661696C656420726573657474696E679D
S3150003A08020746F20666163746F72790A00000000A2
S3150003A0904661696C65642042544C20696E6974207C
S3150003A0A077697468202530386C780A00426F6F74BC
S3150003A0B06C6F616465722077697468206D756C7462
S3150003A0C069706C6520736C6F7473206973206E6F8F
S3150003A0D07420737570706F72746564202879657463
S3150003A0E0290A00004661696C65642042544C20735A
S3150003A0F06C6F7420696E666F2077697468202530EB
S3150003A100386C780A000000004465746563746564FE
S3150003A11020626F6F746C6F6164657220736C6F7409
S3150003A1202073697A6520256C64420A004465746568
S3150003A130637465642072617720666C617368207747
S3150003A1406974682073697A6520256C64422C2070D3
S3150003A1506167652073697A6520256C64420A00008D
S3150003A160576F726473697A652025642C2070616762
S3150003A1706520657261736520256C646D732C207090
S3150003A18061727420657261736520256C646D730A50
S3150003A1900000000052617720666C61736820636F6C
S3150003A1A06E74656E74206265666F72652065726192
S3150003A1B073653A0A000000004661696C65642066AF
S3150003A1C06C61736820646576696365206572617383
S3150003A1D0652077697468202530386C780A0000009A
S3150003A1E053746F726564206E657720646576636F5A
S3150003A1F06E6669670A00000053746F7265642064B3
S3150003A200656661756C7420746167636F6E666967F2
S3150003A2100A0000004469646E2774206D616E6167ED
S3150003A2206520746F2073657420746167636F6E664F
S3150003A23069673F0A000000004661696C6564204255
S3150003A240544C206465696E697420776974682025A7
S3150003A25030386C780A0000004E6F206861726477AC
S3150003A26061726520636F6E66696775726174696F83
S3150003A2706E20646566696E65640A0000556E7265D4
S3150003A280636F676E69736564206465627567206FC3
S3150003A29075747075740A00002A2A2A205265626F43
S3150003A2A06F7465642064756520746F2063617463DD
S3150003A2B068696E67206120686172647761726520E0
S3150003A2C06661756C74202A2A2A0A0000556E6B6E25
S3150003A2D06F776E20493243207065726970686572C4
S3150003A2E0616C0A00493243206661696C2025303867
S3150003A2F0780A000049324320526573706F6E7365A6
S3150003A30020253032780A00004932432052657370A3
S3150003A3106F6E73653A200000253032782000000006
S3150003A3204E65656420746F206175746F646574652A
S3150003A33063742C206C6F7374204E564D0A00000014
S3150003A34048656C6C6F204F45504C207461672074D0
S3150003A350797065203078253032780A004861766551
S3150003A36020256420696D61676520736C6F747320A3
S3150003A3706F662025642062797465730A0000000005
S3150003A3804572726F723A206E6F2076616C69642033
S3150003A390646973706C617920636F6E666967757241
S3150003A3A06174696F6E0A00004661696C65642042D8
S3150003A3B0544C206572617365207769746820253073
S3150003A3C0386C780A00000000557067726164652076
S3150003A3D0636F6E6669726D656420696E204E564DB5
S3150003A3E00A0000004552523A2046575520777269B3
S3150003A3F074696E67206F7574206F66207365717557
S3150003A400656E636520626C6F636B20256420287715
S3150003A41072697474656E202564290A00436F756C2E
S3150003A420646E2774206D61746368204657552062F5
S3150003A4306C6F636B20777269746520636F756E74D6
S3150003A44065720A004661696C65642073746F726194
S3150003A4506765207772697465207769746820256C4F
S3150003A460640A000045726173696E6720696D6167EE
S3150003A470652061742069647820307825780A0000A5
S3150003A480496D61676520736C6F7420307825782079
S3150003A490756E6F636375706965640A00496D6167FC
S3150003A4A06520736C6F742030782578206E6F742066
S3150003A4B06D6164652076616C69642C2066726565DE
S3150003A4C0696E6720697420666F72207573650A006A
S3150003A4D0496D616765206F662074797065203078F1
S3150003A4E0257820686173206F6C64657374207365C7
S3150003A4F071203078257820696E20736C6F74203054
S3150003A5007825782C2066726565696E6720616E64AE
S3150003A5102072657573696E670A0000004572617380
S3150003A520696E672063616368656420696D61676549
S3150003A53073206F66207479706520307825780A0059
S3150003A540577269746520256420746F206164647290
S3150003A550203078253038780A000000004E6F2073CB
S3150003A5607461676564207570677261646520666FE0
S3150003A570756E6420696E204E564D0A004E6F207329
S3150003A5807461676564207570677261646520696EBE
S3150003A590666F20666F756E640A0000005665726901
S3150003A5A06679696E67204D4435206F6E20256420D9
S3150003A5B0627974657320696E206368756E6B7320A8
S3150003A5C06F662025640A00004661696C656420464F
S3150003A5D0575520726561640A000000004D4435201A
S3150003A5E06661696C65642C20676F74205B200000CC
S3150003A5F0205D206578706563746564205B200000C8
S3150003A6004661696C656420696D616765207665726C
S3150003A610696669636174696F6E207769746820255A
S3150003A62030386C780A0000004F45504C5F554E4950
S3150003A63000000000496E636F7272656374206D6576
S3150003A6407461646174612C2074686973204F54418A
S3150003A6502066696C65206973206E6F74206D656171
S3150003A6606E7420666F7220746869732070726F64EB
S3150003A6707563740A0000000053756363657366753A
S3150003A6806C6C7920766572696669656420696D61AB
S3150003A690676520696E20736C6F7420300A000000B2
S3150003A6A0496E76616C69642068616E646C650A0044
S3150003A6B05061636B657420746F6F206269672C2029
S3150003A6C02564203E2025640A0000000049676E6F5A
S3150003A6D072696E67207061636B657420776974684D
S3150003A6E0206D616C666F726D6564204352430A0088
S3150003A6F04D69736D61746368204648520A00000011
S3150003A700556E6578706563746564207061636B6507
S3150003A71074207479706520253032780A00000000B1
S3150003A72044726F7020706B74206C656E20256420F4
S3150003A7306368616E2025640A00000000537570701B
S3150003A7406C7920766F6C74616765202564206D765D
S3150003A7500A0000004552523A206578697465642000
S3150003A7604C4544206C6F6F700A000000446F6E65A1
S3150003A770204C454420626C696E6B696E670A000063
S3150003A7804552523A20756E737570706F72746564B4
S3150003A790206D6F64650A00004E65787420736361EB
S3150003A7A06E20696E20256C64207365636F6E647317
S3150003A7B00A0000005265717565737420626C6F63DD
S3150003A7C06B20256C64206F6620256C642062797487
S3150003A7D065732C20626C6F636B2073697A65202521
S3150003A7E06C6420696E20256C642070617274730A30
S3150003A7F0000000004572726F723A20636F756C64D5
S3150003A8006E277420616C6C6F636174652062756674
S3150003A8106665720A000000005242202564205B5DD3
S3150003A820000000005D0A0000547279696E672074A7
S3150003A8306F2072657175657374206120626C6F6336
S3150003A8406B207768696C652077616974696E672028
S3150003A8506F6E20626C6F636B2061636B0A0000008E
S3150003A8605458575220253038780A00005458455218
S3150003A8705220253038780A005061727469616C2061
S3150003A88000000000426C6F636B207265717565731F
S3150003A8907420737461727465640A00005241202542
S3150003A8A0640A0000436F6E6669726D6174696F6E48
S3150003A8B02073656E740A000054584649464F202596
S3150003A8C0640A00004D6178207469636B20657870B3
S3150003A8D072657373696F6E20256C64206D730A004D
S3150003A8E050414E494420253038780A0045554920C1
S3150003A8F0253038780A00000044656C6179696E6713
S3150003A90020726164696F2062792025646D730A0081
S3150003A910547279696E6720666173742D6173736F00
S3150003A9206369617465206F6E206368616E6E656C22
S3150003A9302025640A000000004E65787420706F6C51
S3150003A9406C20696E202564730A00000053686F72D9
S3150003A950740000004C6F6E6700000000426C6F636A
S3150003A9606B696E6720706F6C6C20696E20737461FF
S3150003A97074652025640A0000506F6C6C0A000000A1
S3150003A98052502025640A0000257320706F6C6C20DA
S3150003A990737461727465640A00000000426C6F632D
S3150003A9A06B696E67206173796E6320706F6C6C20C0
S3150003A9B0696E2073746174652025642025640A001A
S3150003A9C05363616E6E696E6720616E65770A000078
S3150003A9D0506F6C6C696E670A0000000054696D6500
S3150003A9E07220657870697265642062757420776574
S3150003A9F020776F756C646E2774206B6E6F77207784
S3150003AA0068792E2E2E0A0000525820706F6E67202A
S3150003AA10286C656E3D25642C20525353493D2564AD
S3150003AA202064426D2C204C51493D25642C206368DB
S3150003AA30616E3D25642920000A5374726F6E676543
S3150003AA4072207369676E616C206174206368256484
S3150003AA502077697468204C51492025640000000062
S3150003AA60525820696E6420286C656E3D25642C203F
S3150003AA70525353493D25642064426D2C204C514961
S3150003AA803D25642C206368616E3D25642920000002
S3150003AA90417661696C44617461496E666F3A200060
S3150003AAA057726F6E6720636865636B73756D0A0013
S3150003AAB05061796C6F61642073697A65202564201F
S3150003AAC06E6F742065787065637465640A000000B0
S3150003AAD0525820626C6F636B207061727420286C0D
S3150003AAE0656E3D25642C20525353493D25642064ED
S3150003AAF0426D2C204C51493D25642C206368616EC0
S3150003AB003D25642920000000526563656976656406
S3150003AB1020626C6F636B2064617461206E6F7420B6
S3150003AB20696E2063757272656E7420626C6F636BF7
S3150003AB300A000000756E7365656E2070617274207D
S3150003AB4025640A0052656D205B00000050524F5485
S3150003AB504F3A20496D706F737369626C6520646147
S3150003AB6074612073697A653B2073697A65203D2099
S3150003AB7025640A00436865636B73756D206F6E20E9
S3150003AB80626C6F636B20696E76616C69642C2065F9
S3150003AB907870656374656420307825303478206274
S3150003ABA075742063616C63756C617465642025300C
S3150003ABB034780A00436F6D706C6574650A00000093
S3150003ABC048656164657220627974657320307825FF
S3150003ABD0303278203078253032782030782530327C
S3150003ABE078203078253032780A00000043686563A0
S3150003ABF06B73756D6D65642062797465733A0000D5
S3150003AC004475700A0000000070617274206F7574D9
S3150003AC1073696465206F66206D61736B2072616E64
S3150003AC2067650A005363686564756C696E672062BD
S3150003AC306C6F636B20525820696E202564206D73F8
S3150003AC400A00000053697A65206D69736D61746348
S3150003AC506820666F7220626C6F636B207265717514
S3150003AC606573742061636B0A0000000043686563C3
S3150003AC706B73756D206F6E20626C6F636B20696EEC
S3150003AC8076616C696420616674657220736B6970A2
S3150003AC9070696E6720626C6F636B726571206163A6
S3150003ACA06B0A0000426C6F636B20706172742063E1
S3150003ACB06865636B73756D206D69736D6174636825
S3150003ACC00A00000053697A65206D69736D617463C8
S3150003ACD06820666F7220626C6F636B20706172749A
S3150003ACE00A0000007061636B6574207479706520D7
S3150003ACF0253032582073686F756C642068617665F9
S3150003AD00206265656E2066696C74657265640A0007
S3150003AD10525820636F6E6661636B20286C656E3DC7
S3150003AD2025642C20525353493D25642064426D2CDF
S3150003AD30204C51493D25642C206368616E3D256492
S3150003AD40290A000041434B20726563760000000028
S3150003AD50556E68616E646C656420737461746520F6
S3150003AD6074696D65722065787069727920696E20E1
S3150003AD7073746174652025642025640A000000004D
S3150003AD80B0AF030094AF030078AF03005CAF0300DA
S3150003AD90010000000101010000280A28000000004C
S3150003ADA00B0F14191A00000000C00550020202021C
S3150003ADB00203040540420F000800000000000000E3
S3150003ADC00001000000000000010100000000000077
S3150003ADD0A086010000000000F0000000E1BC0100B5
S3150003ADE0000002000000000000000000BA0400009A
S3150003ADF00000000000000200000000000000000048
S3150003AE00BA04000000000000EE000000E6000000A7
S3150003AE10E8000000E9ECE800EB0200002C0000006B
S3150003AE200005FF00FF00FF00FF000000FF00FF001A
S3150003AE30FF00FF00FF00FF0000000000010100000B
S3150003AE4000000800FF00000000000000000006509C
S3150003AE50290000000004FF000100000000030301B5
S3150003AE60010203000006030000C0055002010200B0
S3150003AE7002020203FF00000001020103FF00FF00BC
S3150003AE80FF0000000000015A030303010300000052
S3150003AE90020602070205FF00FF000302000000028C
S3150003AEA00101000000000800000500000000010089
S3150003AEB000000650290000000003FF000004010003
S3150003AEC0FF000006000800070000010000C005504F
S3150003AED00201020002020203FF0000000005000651
S3150003AEE0FF00FF00010401000000065029000000D6
S3150003AEF00005FF0000060103FF000302010202032F
S3150003AF00FF00020000050006FF00FF000104000029
S3150003AF10FF00FF00FF000303FF00FF000000000027
S3150003AF20010000000000000001010000000008000D
S3150003AF3000C00550280000000200FF0002020206BE
S3150003AF400000FF00FF00FF000217000000C00550CD
S3150003AF500200020102020204FF0000000750000083
S3150003AF6068AE03004CAE030034AE03002CAE030000
S3150003AF700000000020AE030003000000CCAE030077
S3150003AF80B0AE030098AE030090AE030084AE030098
S3150003AF9078AE030002DD00004CAF0300E8AE030009
S3150003AFA018AF030010AF030000000000DCAE03007F
S3150003AFB001DC00004CAF030030AF030018AF030001
S3150003AFC010AF03000000000004AF0300232D302B55
S3150003AFD02000686C4C006566674546470030313291
S3150003AFE033343536373839414243444546003031E8
S3150003AFF03233343536373839616263646566000245
S3150003B00002030000000000000000000088010000A9
S3150003B010182200200000020800000000FFFFFFFFC7
S3150003B020FFFFFFFFFFFFFFFF00000000000000001F
S3150003B0300000000000000000000000000000000007
S3150003B0405241494C00000000A0000000D10A020052
S3150003B05050000000490A020000000001000001013F
S3150003B0600001010100000038000000180000002064
S3150003B070000000001D0D0200010D0200453C020008
S3150003B080ED3E0200253E0200000000000000000025
S3150003B090FFFFFFFFFFFFFFFFFFFFFFFFFFFFFFFFB7
S3150003B0A0FFFFFFFFFFFFFFFFFFFFFFFFFFFFFFFFA7
S3150003B0B000B801B802B800B0DCE80300C4E8030036
S3150003B0C00304040808050000000000000000000057
S3150003B0D000000000C0320000F8040000B83700008A
S3150003B0E004000000303E00000300000000000000E2
S3150003B0F0C0320000343E000000000000343E000071
S3150003B10041000000C13200000000000070B50822B3
S3150003B110804B1A60804B1B68DC0302D50020088035
S3150003B12070BD0C880019401E00787C4DA870641C05
S3150003B1300C8045076D0F052D05D8794E3668F60642
S3150003B14003D5022D0DD0032070BD9604AE401E40DC
S3150003B15001D1082070BD052D03D1104201D1641E13
S3150003B1600C80AA484860002070BDF3B582B00888F9
S3150003B1706C490978491CC9B2814204D2029909185B
S3150003B180491E097800E00021644A517093785B07F1
S3150003B1905B0F01933023019C052C28D1194232D130
S3150003B1A09478E5081E242C40CD0702D525000124FA
S3150003B1B02C430125A14EE6402E4072D0019FA04E9E
S3150003B1C0E641402426403E434C0602D53400202661
S3150003B1D02643947889080D40A7080C213940294352
S3150003B1E0C02525400D4320212943967051704A49B5
S3150003B1F00C685578022123262E4008D0660302D513
S3150003B2002B40202B01D0052082E0424B1960937816
S3150003B2109B0601D4202203E09278120702D540222E
S3150003B2203C4B1A603D4A92786B461A70C022854B96
S3150003B2301E680E4001D1154212D06E463778272676
S3150003B2403E40232E03D1E60207D4012606E0252E2F
S3150003B25003D0212E04D1260302D504262D4F3E60AA
S3150003B2601B6819402026019F002F1CD11E4027D0A2
S3150003B2702A4B5B781A40402A13D00C221A40042A20
S3150003B2800FD02A073BD40122002902D0E100CB0FBD
S3150003B2905A4069460978CB07DB0F1A422FD02101A2
S3150003B2A02AD4072034E0022FE2D11E4008D0002919
S3150003B2B0DED1CC232B4003D16B461B785B0601D52D
S3150003B2C0032025E0A30311D59C4E73691B051B0DB3
S3150003B2D05B1C3668F60205D5994E36683607B60FF7
S3150003B2E09B1B5B1E9BB2052B04D1C1E7029B1B78FC
S3150003B2F0052BBDD006200BE08021064A1160E90725
S3150003B30002D4401C03990880AB4803994860002087
S3150003B31004B0F0BD481002A8C43E0000303E000051
S3150003B320440002A8503E0000F2B586494978CA0790
S3150003B33005D4009A12888018401E037800E0002383
S3150003B3409E4A106802249E4D2E68F60611D5126990
S3150003B3505340DBB2002B03D16E68D30973402340FD
S3150003B360002B03D0020204D40A20F2BDE206954E56
S3150003B3703260744A1E02C0230B403343914E33603E
S3150003B38093785E07760F022E06D16D682C4003D1A3
S3150003B390002000990880F2BDA0250D409E081027C5
S3150003B3A037402F433D090E0702D42E00102535439F
S3150003B3B0CC240C401A262E400A2E04D1CC2C02D0C3
S3150003B3C02E00FD253540804EEE40F60705D40004D9
S3150003B3D016D5412B10D1082912D17C48E8401121FA
S3150003B3E0014021432020084310700D21014000989D
S3150003B3F008D000F0A9F8F2BD0B2B01D10029ECD03F
S3150003B4000720F2BD00F020F8F2BD00001F33000054
S3150003B41038B50C006E490B781A095339950049194A
S3150003B42025881B071B0FEB1A9A1A8018FEF762FE74
S3150003B430010002D1200000F007F832BDF300A3E3B8
S3150003B44098144068480002A8F8B5040061480568E6
S3150003B4503C4F3878D026304202D00D21014005D02A
S3150003B46008205D490860EF20FEF702FE39782000C8
S3150003B470314204D00909397000F066F8F2BD05219E
S3150003B48029401FD002884D49CA60544BEC0705D5A5
S3150003B490521C0280690607D4514B05E043242C4015
S3150003B4A0422C03D1521C028043600DE010224A4B0A
S3150003B4B01A604C4A09688B00DB0F1901D16280219F
S3150003B4C009031160002101800020F2BD0A8880185B
S3150003B4D0401E0078830601D4121D0A8018220240FA
S3150003B4E004D0088852088018C01E088039480068AE
S3150003B4F0C00702D50888401C0880394848600020E8
S3150003B5007047344A1368DB0708D51268920705D4D7
S3150003B5100A888018401E007804280CD110202E4A71
S3150003B52010603048254A12689300DB0F1A01C26285
S3150003B5308022120302600020088070470C4000A896
S3150003B540080001A8303E000031B581B0264900202D
S3150003B55000900822254B1D7802230C24254202D194
S3150003B5600022234903E02C40082C00D10222EC07D9
S3150003B57003D50C001E21614000931D4207D01549D7
S3150003B5800968090601D51B4901E00021C943019B4E
S3150003B590194C21601949FF248C70009C1501254321
S3150003B5A0CD700870188800994018801818801448C0
S3150003B5B05860002036BD0000DD340000C43E0000A4
S3150003B5C0440002A8441002A80D0F0C0D07170850DB
S3150003B5D0473F0000480002A8482002A88136000021
S3150003B5E0B73600001C1002A8DE1B2501303E000002
S3150003B5F02084100000FCFF01F03E0000443F0000E1
S3150003B600C5350000303E00008D320000A532000033
S3150003B610A5320000A5320000A5320000A5320000C5
S3150003B6200000000000000000000000000000000011
S3150003B630A5320000A5320000A5320000152B00003C
S3150003B640A5320000432C0000532C0000D92C000027
S3150003B650212D0000A32D0000092F0000C32D00009B
S3150003B660992F00000F2E00004D2E0000C12E000062
S3150003B670F9300000CD310000152C000071280000C0
S3150003B680212400008F280000E1280000A5320000D5
S3150003B690BF29000091290000A5320000A532000051
S3150003B6A01D2A0000A5320000A5320000A5320000C5
S3150003B6B0F90F0000E90F0000031000000D10000051
S3150003B6C0171000008C488068000200D4704780B5CC
S3150003B6D080208002A8490860CF2000F04BFA01BD04
S3150003B6E0F8B586480068864C802292032260854E10
S3150003B6F0316809051DD5110BA023034001D0216034
S3150003B70017E002403FD180277F4A17607F4A1760C0
S3150003B710084038D0784D287A400705D501207C4962
S3150003B720086000027B4908602878002801D00628B3
S3150003B73001DB0020F2BD00F057FB716889684E6893
S3150003B7402978052907D1B905A1606E60B668CC21B1
S3150003B7508901704A116000F050FB012E00DA0226BF
S3150003B760BC208005854908609420800584490860CB
S3150003B77065480021C94301647142416481490F60F0
S3150003B78040210160D5E7B1480160FFF79BFF012027
S3150003B790F2BD5A480168890504D5C06E0004000F3E
S3150003B7A0022801D0002070470120704738B5802455
S3150003B7B05548046000F018FB05007348006800F064
S3150003B7C065F9280000F019FBFFF77CFF4A48007A69
S3150003B7D0000705D5A0004A49086000F0E6FB31BD25
S3150003B7E060039A490860B048046031BDFEB50500A0
S3150003B7F0CC20800196494860012696480660FFF7EB
S3150003B800C8FF002877D03C4C2078002873D031023B
S3150003B8100195052802D02A460A406CD1CC27BF01E0
S3150003B8208B4A1760A14A126853075B0F022805D19A
S3150003B830022B5ED3080137490860F7BD4D01032883
S3150003B84004D1022B55D933480560F7BD042802D12C
S3150003B85011404ED0F7BD05284BD10198002848D09A
S3150003B860C005C10F684641700198C004C10F684600
S3150003B870017000F0B9FA02906068694649780029B8
S3150003B88003D006688021214A11602C0488496A4640
S3150003B8901278002A0CD0C2680B68D21AA74B1B6811
S3150003B8A0234001D0066800E04668964200DD160094
S3150003B8B0684640786A461278024308D008684242CE
S3150003B8C0B01E824202DA7042886000E000260298C7
S3150003B8D000F093FA0198800501D599480460019810
S3150003B8E0054001D097480460002E02D0094807603E
S3150003B8F0F7BDFFF75BFFF7BD343E0000400002A82B
S3150003B900402002A8C43E00000CC001A890E001A894
S3150003B91094D000A8505201A838B580248A48046000
S3150003B92001204C490860894D2878052802D060001B
S3150003B93087490860FFF72DFF002812D012480068D8
S3150003B940000A80214140A868000EC9B2814208D28C
S3150003B950564800684007400F022802D2FFF726FF29
S3150003B96031BD7C480168C0220A4002D1C06F204025
S3150003B97001D00448046031BD1C1002A808E001A8E8
S3150003B98008D001A894D001A818C000A8F1B582B0C8
S3150003B9900F008026B600A020384002D06E4806600D
S3150003B9A052E000F021FA00906C480468F80202D5D0
S3150003B9B0A0680069029000F045FBB102606800F0E0
S3150003B9C06FF9227820000021521C4378934200D25B
S3150003B9D0002218235343C5180C352B78082BF3DAAA
S3150003B9E01400027085602878584A10703E400CD0C7
S3150003B9F000F0FAF9594909688968CE6800F0FDF93B
S3150003BA00F80201D4032086433100504881600126A1
S3150003BA100846304003D100F0D2FB00F07BFFF1046F
S3150003BA20686900F03DF93C2000F0A4F8E0B200F0AC
S3150003BA30A1F8009800F0E1F9300547490860484845
S3150003BA4006603002024908600298FEBD401002A853
S3150003BA504C6201A894E000A810B54248006880052E
S3150003BA6001D4FE2010BDC02080033F49086000F0CA
S3150003BA70BBF93A4909688A78D20702D589688C786E
S3150003BA8000E00C7800F0B9F9200010BD33490968CD
S3150003BA908A688B78DB0704D5927818235A438A1869
S3150003BAA00C32906070470000100002A8084001A8FD
S3150003BAB048C001A8F1B582B02C4F3C680026200F80
S3150003BAC0000702D1E00102902AE000F023FF00F014
S3150003BAD08BF9019080210903606800F0E1F825786D
S3150003BAE06D1C6078A84200D20025E80020180C30AF
S3150003BAF0009000680290802109030098406800F0D6
S3150003BB00CFF83D2000F036F8E8B200F033F82570A0
S3150003BB100098A060019800F070F902A800F05EFF9B
S3150003BB2013480068800407D5786901F026FC02995A
S3150003BB300818029000D502960298FEBD480002A896
S3150003BB40481002A8482002A894E001A8343E000049
S3150003BB50506201A814C001A8402002A8C83E0000F4
S3150003BB6090E000A8400002A8401002A8CC3E0000C6
S3150003BB70FC0302A841490968002901D54049086028
S3150003BB807047F3B581B03F4FB9683F4C4A004CD577
S3150003BB900125090100D5212501003C4A1068566894
S3150003BBA022689206920E94463A68930080221340C6
S3150003BBB062461343802252001A4300920A0023D09E
S3150003BBC0890601D5012008E0F021014007D1694625
S3150003BBD0097A0C220A4002D0022000F03FF82C49D1
S3150003BBE0096809040AD53968090701D5022605E05B
S3150003BBF03968490301D5002600E003264835009A33
S3150003BC0024490968890003E0009A2249C969090998
S3150003BC104023194011439A00002E02D0164326668C
S3150003BC2008352166024322662566E06D4407640FE4
S3150003BC3000F0C4F8A0070BD0052C09D0B86800049F
S3150003BC4006D400F0D1F80221134A116000F0D5F8AA
S3150003BC5000F0BDF8002000F001F8F7BD0B490A68B3
S3150003BC60F0239A43000110430860C0B27047802056
S3150003BC70C0020A4908607047000000004C0002A891
S3150003BC80884000A8440002A8284000A8683F000096
S3150003BC90384101A8084001A87CD40350485000A8A5
S3150003BCA080B55E4A116001F093FBFFF7E0FF01BD2B
S3150003BCB0FEB500F099F80290102059490860002358
S3150003BCC0584803600220584908605848C068400530
S3150003BCD0C20DD52A01D2D52204E0D12040008242EA
S3150003BCE000D9020010000100514C0194883C2468DD
S3150003BCF064011DD54F4C0094251D4F4E36780627FB
S3150003BD007E43AA530024019D2D7CE540ED070CD507
S3150003BD10009D06266643AD19AD888FB2BD4200D29B
S3150003BD20290086B2AE4200D22800641C022CEAD354
S3150003BD3089B246310904414C0C404638C005C00D52
S3150003BD4020433A490860C02000063D490860384848
S3150003BD50017D00290CD03B49D52A02D98024E4056C
S3150003BD600C60D1246400A24202D2802424060C6013
S3150003BD701021354C216035490B604188002900D1DB
S3150003BD800280029800F039F8F7BD80B53048314992
S3150003BD9008603148C1680902090A19225143416002
S3150003BDA005210160FFF784FF01BD2B480068C0032E
S3150003BDB000D4704780B5FFF77BFF01BD8020C0022A
S3150003BDC016490860254800684007FBD47047802061
S3150003BDD0C00223490860704701E0224908602249EE
S3150003BDE009680140F9D17047204800682021204A9C
S3150003BDF0116010211F4A116070473021014002D1A2
S3150003BE0010201B490860704718480068302101401C
S3150003BE10102901D10120704700207047401002A865
S3150003BE20F41302A8048002A8409002A87C400050A4
S3150003BE30743F0000603E00005C3E00000000FF010E
S3150003BE40A0600050A4500050F42302A818E000E0BC
S3150003BE507F1A0601500002A810E000E0400002A885
S3150003BE60402002A8282002A8280002A85C0002A8F5
S3150003BE705C2002A85C1002A8F8B54E48802149024E
S3150003BE80816102214C4A516000214C4A11604C4A9F
S3150003BE9011800321484A116002210160202049498B
S3150003BEA00860802048490860CC2080014749086023
S3150003BEB00120474908604148806F00900F24070B13
S3150003BEC0274044480068C505ED0D103DC0202843B2
S3150003BED0C0B2FFF74FFE40480068C00505D5092FDD
S3150003BEE003D001F0ADFB01F0C9F8009804400094BB
S3150003BEF03A4804680098032803D0022806D1032F82
S3150003BF0035D000F0EBF90098032803D0062F2ED185
S3150003BF10062D2CD0324800680104C90F01D001F068
S3150003BF2081FD30480068000109D5052D07D101259B
S3150003BF3001202D4908604005FFF74EFF00E000256C
S3150003BF402100380000F0CCF90400284E002D06D05D
S3150003BF5000F068FB0120306002202549086080203C
S3150003BF608003706580092349086001F049FB124884
S3150003BF7080214902C161002F08D1022141600020BE
S3150003BF800E490861C020C0001B4908602000F2BDAD
S3150003BF9080B5FFF713FF19480078800602D4022004
S3150003BFA017490860FFF713FF01BD02201549086012
S3150003BFB0704700002C1002A8282002A8340002A80B
S3150003BFC0703E000094E001A80CC001A8506201A8CD
S3150003BFD094E000A804ED00E0B40002A8B44000A871
S3150003BFE000E200E0EC3E0000645000A8646000A894
S3150003BFF02C4000A880E200E02C6001A8C43E0000AB
S3150003C000081002A8082002A87F480068800700D409
S3150003C010704730B57D4804218C4A0123E024E400AF
S3150003C0208568254002D01360D160D3600068044060
S3150003C03002D013605160536030BD85480121816091
S3150003C0400160704710B5012071498A680240FCD12E
S3150003C050804A0423D3600C680440FCD1536010600B
S3150003C06010BD7D4908680122104200D1704710B502
S3150003C070E023DB000340FF24A41CA34204D3774B35
S3150003C0801B689B0600D54868024001D000F0ABF858
S3150003C09010BDFEB50700C820714908600620714926
S3150003C0A00860802040037049086070480168704A40
S3150003C0B00A4080210901114301606E4CC020C00073
S3150003C0C020600225A56168036B4908606B4E6C48C6
S3150003C0D0F0664C206B49C86638686B4989688142AB
S3150003C0E001D2019100E001900199401A38600121C3
S3150003C0F0380000F040FB694608703868019940181B
S3150003C1003860FFF781FF5F4800685F4908605F4852
S3150003C1100168490601D55E4900E05E493167694613
S3150003C1200978002908D10321E161006830680540D8
S3150003C13002D080208002206168460078FEBDF8B5F3
S3150003C1400400554D8020C0012860544801218162B6
S3150003C150534A11601F23036056234366062303666F
S3150003C160504B1B68002B02D40823036643664E4BD1
S3150003C1700365C023DB004D4E3668F827FF013740C1
S3150003C18001D1836700E05361E86B014008D0286B57
S3150003C190C00705D446480078800701D401F0E0FCC7
S3150003C1A0444845490860FFF72FFF200001F084FD4E
S3150003C1B0286B8001FCD4286AC8490860F1BD3F4852
S3150003C1C001214161C1603E4A3E4B5366364B1365BE
S3150003C1D00323036000203C4B186011609162C8037F
S3150003C1E02D4908607047F0210901384A1160014062
S3150003C1F037480160202037490860374909680840F5
S3150003C200B7490860704700004C0002A86C0102A8F9
S3150003C210700102A880B5B3480821B34A13680B40DE
S3150003C22001D0016141611178C90602D58621090150
S3150003C2300160FFF716FF1420AC490860AC4801689B
S3150003C240490701D0FF21416101BD0000681102A821
S3150003C2506C2102A8682102A8783F0000400002A8CA
S3150003C260548001A80C9001A8942002A8680102A892
S3150003C270FFF1FFFF441102A8A01002A8E40002A8E0
S3150003C280294E0600300002A8A03F0000FC0302A8C6
S3150003C290CC3F0000C43F0000100002A8E01002A833
S3150003C2A0442102A828C000A80C1E0000A88001A8EB
S3150003C2B03C3E0000FFFF7F7FB46000A8602102A818
S3150003C2C0E02002A85E060000400102A82C6001A837
S3150003C2D02C5001A8442002A8084001A8704700007A
S3150003C2E0F8B586B005000C008248866AFFF77CFD28
S3150003C2F00590B00503D580480068FFF7C7FB00200B
S3150003C300029001227306DB0F7C498E688860B82091
S3150003C31040007B4F38606708B82038400978F0271B
S3150003C3200F40402F02D10100402008430D2D02D1BA
S3150003C330310004260E43710704D501001420084377
S3150003C34010218C43AC4909686D462A700493019603
S3150003C35005006C4FC80506D580204000A249086039
S3150003C3602800012505430498002811D10C202840F4
S3150003C37008280DD028005F49496BCA0601D410224C
S3150003C3809043890601D420218843B12101405AD024
S3150003C39068460078002859D0B86DC004C00C7928C7
S3150003C3A009D380250620534908606802A14908601D
S3150003C3B00020694608708120284049D00820049946
S3150003C3C0002900D138620199084301901020844363
S3150003C3D004200390000598490860400897490860BF
S3150003C3E00120974908606846007800282ED00398F4
S3150003C3F0062833D39348806BC0062FD5924800682E
S3150003C400000E02908F480668B6B28F48006A00068F
S3150003C41003D0300080267601064301F060F8002839
S3150003C42009D0FB2080010078C00604D030008026A6
S3150003C430F6010643B6B23E61301238616E480168B2
S3150003C440C80587D40AE0082039460862009531E01A
S3150003C4508FA06906C90E405C0390C4E70095039854
S3150003C4602449CB6A784A12683D686E46B581282509
S3150003C4701D400543980CC00128431D001B0E2B408D
S3150003C48010252B400343900040221040184303AA73
S3150003C4909070086B000A03A9C870FFF7DDFA03A9B9
S3150003C4A008710298487169480068C8800398F8665D
S3150003C4B00498F8660598FFF7A0FC0820610601D5E5
S3150003C4C05D498860624908600198C1B20098C0B2AC
S3150003C4D0FFF757FB200007B0F0BD00009C3F0000AC
S3150003C4E0441002A8301102A8F84F0000703F000064
S3150003C4F00C4000A8180002A81CC000A8683F000052
S3150003C500B46000A8540000AAF8B5524F524C0F2548
S3150003C51001265249606BC00621D501200870504898
S3150003C520006850490A68824204D289695118491C35
S3150003C530081A00E0101A4C4909684018012852DB12
S3150003C54001F062FE49490968090B0D40022D48D1E5
S3150003C5507105474A11601021F963266041E0E06BDB
S3150003C560C00026D543480068E021890501403AD03A
S3150003C5703E4C41480068C00504D42068000B28409F
S3150003C5800228F5D03D480668FFF72EFC3C49F2B277
S3150003C5900A603204120E0A603202120E0A60320E6A
S3150003C5A00A60FFF72AFC2068000B28400228DFD028
S3150003C5B0F1BD344C2068002815D00E7001F07CFBC9
S3150003C5C0002810D101F020FE28490968090B0D4007
S3150003C5D0022D06D13104264A116002213960002159
S3150003C5E0216001F015FEF1BD1C2100AA8020800404
S3150003C5F025490860704700001C0100AA80204004FA
S3150003C6002149086070478020C0041F4908607047AD
S3150003C610802000051C4908607047802040051A49A0
S3150003C6200860704719480168490701D0FF21416135
S3150003C63070470000141100AA401002A8205001A858
S3150003C640006101A81C4000A8084001A8448001A875
S3150003C650845000A8082002A8100002A8733E000018
S3150003C6601CC101A820C001A8DC3E0000AC0002A842
S3150003C6701C1002A8204001A8084000A8904000A86A
S3150003C680640000AA483E0000382002A80C4000A817
S3150003C690030107060301070605010606050106064B
S3150003C6A00302070603020706050206060502060637
S3150003C6B0FF2807D0032805D2AC490978C140C8072B
S3150003C6C0C00F704700207047F8B580200002009025
S3150003C6D08E48038808208E4908600A220120012417
S3150003C6E0944000990C43A249B6A5AD5C25438D60E1
S3150003C6F0F025A04E3560864DB5A6B65C02273743B6
S3150003C7002F6004262E60814D9B4E3668064008D165
S3150003C7102E88F61AB6B2012E03D88E6C3603F3D4DE
S3150003C72001E00220F2BD8D6CCE6C6D036D0BAE4243
S3150003C73000D20094521ED2D508228E4B1A60009A5C
S3150003C7408A608E4A1268520113D58D4B5A78541C4F
S3150003C750012525405D70140006256C431C190968E4
S3150003C760A1800099E1801A7080490B7890401843A4
S3150003C77008700020F2BDF1B582B0FFF75EFC00241D
S3150003C7807E480068400102D4012001901DE07D48E7
S3150003C790826B00207A49C3B206256B43CB189B886C
S3150003C7A095B2AB4204D0401CC3B2022BF3D3FF2095
S3150003C7B008700120019071480068400105D508788A
S3150003C7C0FFF776FF002800D001946F4800686F4991
S3150003C7D088616F4D02980068296D4618002E15DD95
S3150003C7E000F07FFD2860C001301A00280EDDFFF738
S3150003C7F029FC00F08FF802980068296D401801F0B3
S3150003C8005BFA010002D002990C60FEBD614F8020E5
S3150003C810800038605D4A10680226072829D0052162
S3150003C8200840052805D011600C2001F057FA0100D5
S3150003C8306AD1594D59482862FFF704FC2E60E0205F
S3150003C840C0025749086000025649486030067860BE
S3150003C8503E60012001F042FAF0012862022001F055
S3150003C8603DFA902040012862022001F037FA700257
S3150003C87028624D4DE02040002860042001F02EFA86
S3150003C88007003BD147480660B002A862C001A86210
S3150003C89010203C4908600126EE65402543480068A0
S3150003C8A028401BD135480068400113D53448007829
S3150003C8B06946087068460078FFF7FAFE002809D033
S3150003C8C02F4869460978062251434018C0882D49E6
S3150003C8D0086403E0FFF7F8FE07000FD12948066056
S3150003C8E0C467022001F0FAF9314C2560A8002060E4
S3150003C8F0022001F0F3F98120C002A062019800280A
S3150003C90001D0FFF752FA3800FEBD0000703E00006A
S3150003C910889001A870B5FFF790FBFFF793FB0226FB
S3150003C92018480660234DF0022862C4082C620120D1
S3150003C93001F0D4F9600828622E601F482862E020BF
S3150003C94040001B490860174D2E60FFF737FA1B4E50
S3150003C9503078002800D005200C490860FFF737FA25
S3150003C9602C6017480068706370BD0000843F0000A8
S3150003C970448001A888A001A8140002A8EC3E000088
S3150003C9805C3E00000C8001A8F80302A83C0102A843
S3150003C9908C3F0000941002A83C1102A8BD080000B9
S3150003C9A0142102A8942002A82C9001A84C0002A8E6
S3150003C9B02CA001A83C2102A8FD680000603F0000EE
S3150003C9C0300002A800000001010204081020200024
S3150003C9D0505050404040403020202000F8B504001D
S3150003C9E0FFF730FB2948C021C900294A1268F823FA
S3150003C9F0DB01134002D1274A116000E00160009475
S3150003CA002549AC2252008A640A220A6023498022FD
S3150003CA1052030A60224C626A224B13408022D200E0
S3150003CA201A43626280222260022242605003C86077
S3150003CA301D48E0601D4E4C20F0661D4D6869962129
S3150003CA40C901471800980068874200D30700C01B36
S3150003CA500099086000210098FFF78DFE0099096888
S3150003CA60C919009A11603168296012490968490693
S3150003CA7001D5114900E011492161F2BD8020000171
S3150003CA800F49086000010F4908607047582102A842
S3150003CA90AC8001A8581102A80C8001A8941002A822
S3150003CAA0440102A8FFF1FFFF286E0600300002A82A
S3150003CAB0903F0000FC0302A8CC3F0000C43F0000E7
S3150003CAC0401002A8685000A8F1B584B0BD480068BC
S3150003CAD00290BD48006B9621C9014018049988420B
S3150003CAE005D2081A01F0E8F8002800D027E2B74C6F
S3150003CAF06068C00700D522E20420B5498862800336
S3150003CB00B4494862B44800680090606B8607B60F64
S3150003CB101025032E02D0AE48856222E0084669033B
S3150003CB204162A26B920601D5012065E0009A1206C6
S3150003CB300FD5A36B022213400BD1A84B05271F6009
S3150003CB40A76B2F403A431A6000221A60626B120ADF
S3150003CB501A6004228262A06B002802D59C484162B7
S3150003CB600026606B400704D5606BC00029010840AE
S3150003CB7003E095488068C10701D5FFF734FBC14937
S3150003CB80009805220240052A07D1BF48B201801842
S3150003CB90006AC004C00C401E08600020BB4AD26E67
S3150003CBA012041AD5BA4A1268002A16D401220120A1
S3150003CBB04969002911D0B7490A700021B64A1160A4
S3150003CBC0B6498D62C106B64A91670722B44B1A600D
S3150003CBD00022B24B1A601A46D167B249C0229200AC
S3150003CBE00A603302002801D0100000E01800AE4DA1
S3150003CBF028604A606B600020E16B942292050A402C
S3150003CC00150000D00125802636022843000637D0BA
S3150003CC1071482821405CC021014040290DD1FFF70E
S3150003CC20B7F96948C06D00906846FFF732FA0028E5
S3150003CC3076D10098FFF783FA01E0FFF7B6F92020D3
S3150003CC4020602D0600D17AE1944D606B400708D52C
S3150003CC507008604948620220E86200F05DFA002825
S3150003CC6006D004205A49886240025A494862EE6255
S3150003CC7059480078000600D461E130015449FFE0C9
S3150003CC800125606828404BD1AE480068C005400FB7
S3150003CC90022803D0032801D0062802D169464D7025
S3150003CCA005E0002069464870A748A849486068041B
S3150003CCB048498862FFF782F8E06B064006D1FFF722
S3150003CCC093F80221A24A1160FFF797F8FFF77FF85E
S3150003CCD0280320609F4EC0200006706028049B49ED
S3150003CCE00860606B4007C10F68460170E027FF02CA
S3150003CCF03020029949072FD54021A54A11624901DF
S3150003CD00924A11660321A24A9164002111603060A0
S3150003CD108E48456580207060062000F0DFFF0028FE
S3150003CD2000D00CE1894D80204000E866022000F027
S3150003CD30D5FF802040009749886618207060082038
S3150003CD4000F0CCFF0028EBD1242070609148C76522
S3150003CD50A020C002286672E0E16BC90249D5C0492A
S3150003CD6049680902090E01914909022901DB8A4929
S3150003CD7001E0B3218900019A302A3AD3124A128874
S3150003CD80E72A36D395235B009A4205D89A1A1209E5
S3150003CD905143890A4B4204E0804BD218120951438E
S3150003CDA08B0A5BB20199C918074A126B9446064A65
S3150003CDB0D26B53436246D218034B1A639F290FD390
S3150003CDC09F2110E0FC0302A8743F0000100002A894
S3150003CDD01C2002A81C1002A8C43E0000E40000AAFE
S3150003CDE0202900D821210A020A4309041143274AAC
S3150003CDF011606749AA020A629A4A8A6414220A607F
S3150003CE003060524845656348C765A8034F4988663D
S3150003CE1040027060062000F061FF002831D12D0624
S3150003CE204A48C566022000F059FF5A4885666809D4
S3150003CE307060082000F052FF002822D1756003209D
S3150003CE4000F04CFF88481649886700F04AFA874D78
S3150003CE50401DC001296B47188548406F8021C901D1
S3150003CE6008400190084683490860049887421ED209
S3150003CE70296B401A00F020FF002817D001987E493D
S3150003CE8008605CE0204000A80C0000AACC4001A882
S3150003CE90784201A8723E00006C3E00003C5000A898
S3150003CEA03C6000A8046100A8045100A8049F206AFE
S3150003CEB0E8620298400701D5402003E08020800401
S3150003CEC07060C0087060012000F008FF80204000F9
S3150003CED01E490860380000F0EFFE8B4E6846007866
S3150003CEE0002806D162480068F0618020C0038749A4
S3150003CEF008600198604908608548864908602548A6
S3150003CF0080210901416669464978002901D1042136
S3150003CF100160206A686268460078002809D001200B
S3150003CF2000F0DCFE3078000603D58020000391492B
S3150003CF300860E06BC00202D549480068286305B063
S3150003CF40F0BD0000204001A8040000FFB41002A8B1
S3150003CF507CE40350441102A810B5FEF745FF864949
S3150003CF6000240C600A22CA61FEF747FF8348C021EA
S3150003CF708902016082494160824810210160C90526
S3150003CF8041654020804908608048047010BD000058
S3150003CF90400102A8B82002A833070000D6FEFFFF0F
S3150003CFA07B48406B800300D47047F8B57948046822
S3150003CFB00027002000257849E20706D5C020800215
S3150003CFC08025ED03EA0A0A6003E0A20701D40320E1
S3150003CFD040252843C862012000F080FE80204000DF
S3150003CFE06E49086708206E4908606E490968090298
S3150003CFF003D46D4909680140FBD0012000F06EFEA1
S3150003D0006A4EE00702D5802080043064356404202C
S3150003D01000F064FE600702D5E020C002F0606448B9
S3150003D0203064012000F05AFE62483064C3200006D3
S3150003D03030645A488021490201671021B16389028D
S3150003D04071615D490F60012232603022F2638F62A3
S3150003D050802189014E4A116009010160F1BD00007A
S3150003D060F83F0000F3070000FFFF7F7F743F0000D7
S3150003D07020C001A894E001A894D001A8F8B54F48B0
S3150003D08000680D2707400424002F00D104274C48CD
S3150003D0901025660308214B4A4B4B1B682340126835
S3150003D0A014D04260394004D00220FEF7D7FD47482A
S3150003D0B006603C4007D0464800680543444805607F
S3150003D0C0B008424908600220424915E0026039402F
S3150003D0D005D00220FEF7C2FDA0023C4908603C4091
S3150003D0E006D03B4801680D4305607009374908605F
S3150003D0F038480660300329490860FFF751FF0021CD
S3150003D1000020FEF73EFDF1BDC43E00001C1002A840
S3150003D11003000300482102A810B580202E490A689F
S3150003D12002400AD02D4B1A680624144005D15C6EC2
S3150003D1302B4A22401B6D9C0101D5002010BD0968B6
S3150003D14008400DD02748824203D1180501D5012096
S3150003D15010BD25480068C107C90F481E8041C00F8E
S3150003D16010BD22480321C163A821816310210160F8
S3150003D170704700001C2002A8D80000AA402002A87D
S3150003D18004000080646000A82C4000A8723E0000E2
S3150003D190100002A8FC0302A81C1102A8442002A83E
S3150003D1A04C6201A8C44001A84C4201A8082102A868
S3150003D1B02400000198008800600102A8B44000A87A
S3150003D1C0E43E00001CC101A8440002A8401002A8C6
S3150003D1D0683F0000685000A8400002A814C001A8D8
S3150003D1E01F1F0000010C000030C101A8082002A87F
S3150003D1F06C4800680121084209D16B4A12686B4BDF
S3150003D200000C1840F03291400B40984201D00220A6
S3150003D210704700207047F8B507000F386A4610803C
S3150003D220604CA0680A0004D16B461B8882B29A42FE
S3150003D2303AD200226B461A80012502263A0013D001
S3150003D2402268324007D000292ED059480088401C56
S3150003D2505749088000203900E16056490E6080B2C4
S3150003D260B84201D369460D805348456000E030BF9C
S3150003D2702068304003D1FFF7BBFF0028F7D04D48A5
S3150003D2804560390010D02168314005D048490A88E5
S3150003D2906B461B88D2180A8006600020E060A068EF
S3150003D2A0B84201D244480660FFF7A2FFF2BD38B583
S3150003D2B0050000F0A9FF0400012199204543A809B0
S3150003D2C03E4A12688018123880B2FFF7A4FF0500A1
S3150003D2D08020C0013A490860200000F099FF280029
S3150003D2E032BD334803883549096802889342F9D128
S3150003D2F0100408187047FEB51238070C69460880F3
S3150003D30000F082FF0190274C294D2888B8421ADA8B
S3150003D31001202C490860274E30BF022021680140B6
S3150003D32006D030604003264908602888401C2880C0
S3150003D330FFF75EFF010002D12988B942ECDB012128
S3150003D340716000280DD12888B8420AD1A0686946C1
S3150003D3500988884205D2002168460088FFF75BFFEB
S3150003D36001E0FFF745FF04008020C001144908606F
S3150003D370019800F04DFF2000FEBD10B512490A6862
S3150003D3800E4B1B680C689442FAD0DB014033141A27
S3150003D39002D288692418641C0C4800684443181B8D
S3150003D3A010BD0000280002A804ED00E0FF3F0000C6
S3150003D3B0703E0000282002A8281002A8300002A808
S3150003D3C080E200E02C1002A820C001A8B43F0000B0
S3150003D3D0F0B502E00A601C602E607EC84F1C07D0C1
S3150003D3E05F1C04D06F1CF5D10A601C60F0BD0A6097
S3150003D3F0F0BD00000006800F70479D490968414350
S3150003D400880B70478A4800680104C80F704788482C
S3150003D4100168090407D587490A68964B1A604A6862
S3150003D42042618868C860704780B5FEF7DDFC01205D
S3150003D4308149087081480068022808D28E4800682E
S3150003D440F02109050140C02080048142F2D08B48B7
S3150003D4500068C01C8A4901438A48016001BD8A48A5
S3150003D4608849086000208949086080218902884A22
S3150003D4701160714908707047F1B582B00F0014004E
S3150003D480C006000E00901038912827D2FFF7BAFF86
S3150003D490002823D0002501260298FFF7ABFF0028BA
S3150003D4A002D0022804D004E07A480068304000D055
S3150003D4B001252600784C38000C30FFF79EFF8019B3
S3150003D4C0206000983818FFF798FF80196060C02025
S3150003D4D0800172490860280371490860F7BD6D48E9
S3150003D4E000780621014001D100207047B848006842
S3150003D4F002288041C00F7047F8B56A4C634A04217D
S3150003D500C0239B04F0252D055B4E2069084204D0F9
S3150003D510107C8006C10F490020E0800720D5D06823
S3150003D520042803D2306828409842F8D0107C0007BC
S3150003D530000F072814D1507C022811DD907C800649
S3150003D540800E02280CDBD07C009007460F4207D0E2
S3150003D550C00700D50A21B80700D5891D002904D1C3
S3150003D560FFF77DFF0020A061F1BD481CD768874205
S3150003D57003D237682F409F42F8D09648405CA0619B
S3150003D580C300F821194002D08023DB04136049004D
S3150003D5905160A168002932D10102F82252010A40E2
S3150003D5A06168914200D20A0023681D1F8A498B6174
S3150003D5B0AA184A61864A1368002B01D1BF2600E0E8
S3150003D5C09326304B1D686769BF00BF0BF6193603F8
S3150003D5D0AD05AD0D35431D6080235B010B608109ED
S3150003D5E008D11168002901D1282200E0192200215F
S3150003D5F0FFF742FF207C000701D40120A060F1BDA4
S3150003D60080B5FFF76CFF002811D01A48416800293E
S3150003D61003D0724A11600021416007480078002850
S3150003D62005D0FFF71CFF1C486D490160416001BD31
S3150003D630584201A8983E0000743E0000D04000A85E
S3150003D64080B5FFF74CFF002811D006206549086016
S3150003D650002065490860F0200001644908608020C5
S3150003D6604000634908600C485D490160416001BDA3
S3150003D670BC3E0000403E00000C0002A8204000A86B
S3150003D68000F0FF3F544201A8FFF3FF3FC44000A848
S3150003D6904C6201A8B83E00005C4201A8586201A88A
S3150003D6A0585201A8A83E0000F0B581B00400A003BB
S3150003D6B01CD547480068002800D081E04748016828
S3150003D6C04C4A5160CAB2FF239943D30702D5EC23D0
S3150003D6D0DB02C91852080A4302600E2000F0FEFA64
S3150003D6E0082045490860C003444908604448016866
S3150003D6F0444D09043FD569694161FEF775FB3D4910
S3150003D7000A68531C6A68934200D32B681E78B706CF
S3150003D710BF0E5B1C934200D32B68BC461E78B70131
S3150003D720FC2636013E4067463E435B1C934200D3CC
S3150003D7302B68B4461E783603FC27BF02374066467D
S3150003D74037435B1C934200D32B68BC461E78B70451
S3150003D750FC2636043E4067463E435B1C934200D399
S3150003D7602B681A781706FC2292053A4032430B605F
S3150003D7706A61FEF742FBA00727D58020C0021F4936
S3150003D7800860FFF7ACFE00281FD0686AC0B2002805
S3150003D79002D006211C4A1160810916D01B490A686A
S3150003D7A0012AFBD949680905090D091DC900084A5B
S3150003D7B01268012A00D14908002A03D1282202E06F
S3150003D7C00C208BE71922FFF757FE01B0F0BD0000CE
S3150003D7D06C3F0000D44000A82C4000A8EC4001A8F0
S3150003D7E0FFFF0300846201A8504000A80C6000A854
S3150003D7F00C5000A8403E0000846000A84C6201A8BB
S3150003D800584201A8903E0000845201A81C4000A87B
S3150003D81080B5FEF723FA01207E49086001BD80B575
S3150003D820EB2000F001F801BD30B57B490B681840C9
S3150003D8301022134210D0794B794C2468224008D029
S3150003D840A94A14682402FF252D022540DD6200241F
S3150003D8501460802252031A60086030BDF3B50100DC
S3150003D86016001C0000250095A048019A33000027E6
S3150003D8700BE0BC464F5D4743AE009E597E40575D65
S3150003D88047433740664637436D1CA542F1D33909F2
S3150003D89039438A080A43510811430840C109014321
S3150003D8A00F208A0B0A4302405040F6BDF1B582B001
S3150003D8B00E0000208C4908608D4DEF7AA87A0190FE
S3150003D8C00F21394000910ED00B468A4A8A490298A5
S3150003D8D0FFF7C4FF0199014083480160874841432C
S3150003D8E08748084001D1012400E04401380915D0D6
S3150003D8F032003B0929000298009E6D7A751940197A
S3150003D900FFF7ACFF019909110140774802680B0143
S3150003D91013430360002901D0480044437948006853
S3150003D920204001D10420FEBD0020FEBD80B50A00C3
S3150003D93000211180744952888018FFF7B7FF02BD92
S3150003D94070B50F22714B5C7905780F202040C540D6
S3150003D950200928409C79C440E40701D4032070BD04
S3150003D9602F4C2468A50705D59D684600AD5B6D1E43
S3150003D970674E3560DD78DE79C640F00711D5E006DF
S3150003D9800FD5002D0DD06348486008884880088865
S3150003D9901C7800192A4080185A7880182A0980189A
S3150003D9A000E000200880002070BD80B55A48016859
S3150003D9B05A4A0820014201D050611061C90602D5B6
S3150003D9C08621090111605649564A126812040CD57C
S3150003D9D0554A1268530401D5C00305E0C0239B01D1
S3150003D9E013404202934200D008600D480078C022DB
S3150003D9F0024002D18020400508604C48006820227E
S3150003DA00104008604A480068C00101D4FFF707FFC9
S3150003DA1001BD00002C4000A8703F00001C1002A8A6
S3150003DA20C43E0000F8B5434F38687E680640424856
S3150003DA303040424908608024A403414DF00228D5B2
S3150003DA4040480168080606D53F480068A8600120DB
S3150003DA502870022015E00120014202D03B49A9604B
S3150003DA600FE00020C9060CD52A49A960384A9178E7
S3150003DA700B071B0F12789A1809095118A980E88019
S3150003DA80A888A880A888002801D0264301E0FFF7CC
S3150003DA90C6FE264026D0294E74603460A888002826
S3150003DAA00ED0F96981420BD3291D2A48AA689047EB
S3150003DAB00100F3D0FEF7D2F8012027490860F1BD33
S3150003DAC001000CD0FC218902B161244902038A6159
S3150003DAD034604C60FA69824204D30C60F1BDEB20DA
S3150003DAE0FFF7A2FEF1BD00004C3E0000010101015B
S3150003DAF03C3F0000F43E0000343F000011110000DB
S3150003DB0021840000F03E0000143F0000443F000063
S3150003DB10204000A829230000F84F0000302102A866
S3150003DB20441002A8384101A8204201A8084001A8D0
S3150003DB30CC4000A8B44000A8FFFFDFFFB46000A8F4
S3150003DB40503E0000C43E0000B83700003D230000ED
S3150003DB50453F0000D44000A82C4000A8B45000A8BC
S3150003DB60FEB5C020C0043649086036483649C86544
S3150003DB70102436480460102000F0B0F801005ED18E
S3150003DB80FF200005324908603248334908603348AC
S3150003DB902D49086025042E4805603148076808208A
S3150003DBA000F09CF801004AD108262E4806600120A1
S3150003DBB000F094F82A48806802902B4806602B48A8
S3150003DBC02149086022480560082000F087F8010013
S3150003DBD035D124480660012000F080F8204DA8685E
S3150003DBE0019021480660184E214830600299019839
S3150003DBF000F046F80104FC208003084000900298D8
S3150003DC00C10B0198C00B00F03BF80006FC21890507
S3150003DC1001400098014317480A0C4240FF239B1C0E
S3150003DC20D2181040084330602F60E00308490860AB
S3150003DC302868286010480460104981640020FEBDEE
S3150003DC4020E000A8F71700002C0102A8401102A843
S3150003DC50B02002A80000380EB01002A81010303011
S3150003DC60E04001A8E05001A8E06001A830301010A0
S3150003DC70202020203F3F0000402102A8F7FFF000AC
S3150003DC8010B54904CA104004C310991A00209A1803
S3150003DC90D30F9A18521052188B115B0E5B18DB11B7
S3150003DCA0D2182023541A01D422001843CC0F61182A
S3150003DCB049105B08F6D110BD10B5C409FFF711FB77
S3150003DCC0201A312806DAC000183801D4C01EFDD543
S3150003DCD0002010BD2000FFF70EFB10BDC3214843F3
S3150003DCE06F3801D41E38FDD50020704710B5C20029
S3150003DCF018231340FF249C40E2438907090E9940E9
S3150003DD00030004D476489B089B00C01806E0B64B74
S3150003DD100007000F083880088000181803681A40A7
S3150003DD201143016010BD80B578225421002000F014
S3150003DD3023FA01BD10B500F067FA01218D4A11607F
S3150003DD408D4B8E4A13608E4A136003238D4C2360DA
S3150003DD508D4C23608D4B19608D4B19608023A34C2A
S3150003DD602360D16000F054FA10BD00F04DFA0500AF
S3150003DD700024012160B2FFF7B9FF641C0E2CF8D30F
S3150003DD8001210F20FFF7B2FF01211120FFF7AEFF9C
S3150003DD9001211320FFF7AAFF01211720FFF7A6FF92
S3150003DDA003210120C043FFF7A1FF01211B20FFF739
S3150003DDB09DFF01211C20FFF799FF01211D20FFF77D
S3150003DDC095FF01211E20FFF791FF01211F20FFF779
S3150003DDD08DFF8748874908608748C16AC162016821
S3150003DDE001600220854908600120854908604704CF
S3150003DDF0844C20683840FCD0FDF7C7FF280000F0AC
S3150003DE0007FA814D0AE000281BD0FDF7EDFF18E065
S3150003DE1020683840FCD0300000F0FAF9206D000489
S3150003DE20000F022801D1FEF76FFB00F0EDF90600A3
S3150003DE30FDF7EAFF0028A878E5D0002801D1FDF711
S3150003DE40DCFF01206978002909D12978002905D149
S3150003DE506E490968890601D46849086030BF002104
S3150003DE60697029780029D6D10221644A1160644970
S3150003DE700860CDE76648016842680A406548104075
S3150003DE803E490860800703D5B8480188491C0180CC
S3150003DE90704770B56048016840680840000E000688
S3150003DEA05E4980221205104218D0974B1C68641CE9
S3150003DEB01C60964C964D2D682D0407D5A568002D3C
S3150003DEC004D007250D600125B44E35604025256035
S3150003DED01B68012B02D910238B62CA67886770BD42
S3150003DEE000E400E070B582B08A4C206B616B0140A0
S3150003DEF0009108469E49086000989E49014001D05A
S3150003DF00FFF7D2FB8020009901401ED0F821C901FA
S3150003DF1023680B4019D0C0221201934215D88023DF
S3150003DF201B06934DEB6225680D409D4E36683604FD
S3150003DF30360F022E01D0032E03D1002D01D09542B8
S3150003DF40F1D398490B608A490860974800780628F8
S3150003DF500DDA0098CC218901014008D000F054F96C
S3150003DF6004000098FDF742FC200000F051F902B0CE
S3150003DF7070BD0000040002A80000FF3F282002A88D
S3150003DF802C1002A840E002A844C002A804C001A8BD
S3150003DF90044001A810B58548016844680C408448CC
S3150003DFA0046080210C4205D0416082480160002054
S3150003DFB0FDF71CFC600403D5802040057E490860FC
S3150003DFC010BD38B57D48016844680C40E00707D5A5
S3150003DFD000F01AF90500FDF79FFC280000F018F978
S3150003DFE07748046031BD00001CED00E0505201A8E3
S3150003DFF0FFFF9BF800E100E0E04001A85C2002A8D7
S3150003E0005C1002A85C0002A8723E0000F40302A89A
S3150003E010280002A8FFFF00C0B44000A83C6000A887
S3150003E020FEB5684C206C666C064001273E4216D04E
S3150003E0303D0665480560206864490F60002802D0E4
S3150003E0400021FDF72DFE62480068A021C901884220
S3150003E0508041C043C00F5F4988705F480560FDF784
S3150003E060C3FE029002210E4049D06068C2B20192FB
S3150003E070000A009008224E4B4C03584D0020019E87
S3150003E080012E27D0022E38D1009E012E24D1EE79FF
S3150003E0900096534E2F780C2047430020F0512878E2
S3150003E0A0400590277F04C719032038434D4F386036
S3150003E0B01C604D480460301D2B780C2463434B4C85
S3150003E0C02468009FE419C45028780C235843315020
S3150003E0D0474811E00091DCE7002E0ED1454E37602C
S3150003E0E03F4E361D2D780C277D4370515C601C60B6
S3150003E0F0C804414B186041480260344801600298E5
S3150003E100FDF77BFEF7BD00006C3E00002C4000A827
S3150003E110384101A81C4201A870B5FDF765FE04004D
S3150003E12000F072F82F490A68D20718D52C4A121D37
S3150003E130FA239B015D790C26754356592B4D2D68A1
S3150003E1401E60CE689E604968D9808021C9041E4E30
S3150003E1503160197B69185B790C256B43D15000F04C
S3150003E16057F82000FDF749FE70BD0000703E000021
S3150003E1704C6201A802000600002800D0704710B5C3
S3150003E1800C00FDF731FE1E490C6001221D4B1A607F
S3150003E1900B6C1340FCD1FDF730FE10BD3C5000A8BC
S3150003E1A0AC0002A8785201A8343E000090C001A832
S3150003E1B090E001A80CC001A804ED00E090C000A8FF
S3150003E1C090E000A800C002A8401002A840E002A800
S3150003E1D0404000A8723E0000402002A8853E000091
S3150003E1E0300000A860C101A894D001A8200000A8AF
S3150003E1F0F42302A860E101A880E200E0F41302A878
S3150003E200008002A8409002A8EFF3108072B6704710
S3150003E210002800D162B6704780B5FDF72DFEB348DE
S3150003E220006800030AD4FEF759F8FEF7B9FEFDF7B6
S3150003E230C6FF0120FEF790FEFEF76CFB80208005EB
S3150003E240FDF7CAFD01BD80B5FDF716FE802040022D
S3150003E250FDF7C2FD01BDF8B5FDF7B0FD05209849F0
S3150003E2600860FDF7B4FDFDF7E8FEFDF705FEA048DF
S3150003E270016800919F4B406818609F4801688A05B2
S3150003E280D00F0022012421420FD000929B4D6E68CD
S3150003E2901E602E689A4B1F68BD1BBE4202D39F6940
S3150003E2A0ED196D1C974FBD42F5D3974D2A60002893
S3150003E2B003D00098FDF76AFB00902868204004D13C
S3150003E2C06846FDF7E6FE002802D10098FDF737FF02
S3150003E2D0AA4804606004FDF77FFDF1BD38B5A84C7C
S3150003E2E0E06BC00506D580200006206000BF00BF96
S3150003E2F040082060FDF78EFFFDF7BEFDFDF7F0F940
S3150003E3000500A048A0490860FFF781F88020C002F5
S3150003E310FDF762FD002D01D08020206001209B497E
S3150003E320087031BDF8B5FDF7A7FDFDF747FD0224DB
S3150003E3309348C06B000405D4FDF756FD94490C6061
S3150003E340FDF75BFDFDF743FD1020C04391490860CF
S3150003E35000258B48856390480560FFF7C0F80700E2
S3150003E360FB26B601002F02D0FFF75EF800E035600A
S3150003E3702C20305C0521014002D0FDF709FE01E0A7
S3150003E380FDF713FEF06A044002D001207C490860C1
S3150003E390FFF70BFB002F01D0FFF7AEF88020000339
S3150003E3A0FDF71AFDF1BD80B5FDF766FD4F48006820
S3150003E3B0000303D4FDF703FFFEF7ACFA8020400306
S3150003E3C0FDF70AFD01BD38B5FDF756FD6C4C20255A
S3150003E3D0FEF7A2FE002806D0206B000704D5FEF741
S3150003E3E0C0FEFEF74BFB2560FDF7E9FEFEF792FA4A
S3150003E3F0BD4800780C210140042902D1FDF7C8FD70
S3150003E40001E0FDF7D2FD6804FDF7E6FC402020603D
S3150003E41031BD1CB5FDF7D2FC052029490860FDF77F
S3150003E420D6FCFDF729FDFEF79CFEB0480068009078
S3150003E4306846FEF7D3FA0400FEF7E9FF002C02D183
S3150003E4400098FEF741FB80204004FDF7C5FC13BD91
S3150003E450F8B5FDF711FDA64C256A5020284002D0D9
S3150003E460FDF796FD01E0FDF7A0FD454FFEF754FECF
S3150003E47000281BD1786B40071DD4386BE021490176
S3150003E480014018D1A80611D4FDF798FC256A994EC8
S3150003E490354207D0FF20C0432D1825628020000592
S3150003E4A095490860FDF793FC2E4002D001203860A1
S3150003E4B001E00020206080208004FDF78DFCF1BD83
S3150003E4C03C1102A880B5FDF7D7FCBC48006840069E
S3150003E4D001D5FDF774FE0120FEF73EFDFEF71AFA9D
S3150003E4E08020C004FDF778FC01BD00000C0002A8E3
S3150003E4F0B83F0000483E0000400002A8D03E00009E
S3150003E50020C001A801FF00003C3E000010B576487C
S3150003E5100468FDF7B1FCAA490968090328D4032155
S3150003E520C00601D5214001E0A0080140012902D11E
S3150003E530FDF72EFD0BE0200107D50E20FFF768F946
S3150003E540A0480421016008210160FDF72EFD9E4CC1
S3150003E55020699E490860FEF75AFF2068002807D005
S3150003E5604000122802D2FFF7B9FB01E0FEF79FFE37
S3150003E57080208003FDF730FC10BD0000402002A878
S3150003E580100002A870012000B46000A8733E0000CA
S3150003E5907CE40350442002A84C3E0000F8B584B046
S3150003E5A001266846067000270297FDF765FC03906F
S3150003E5B0834C2068000300D58FE00320A449C86379
S3150003E5C0A4480068A44D0F210F220240032A03D05A
S3150003E5D0000B014006294DD1A0480068A0498E6D65
S3150003E5E0E16B890701D59E49CE6DFEF7C6FE8619F6
S3150003E5F0FEF775FF00280ED02879C1060BD02868D0
S3150003E600090D4143890B761895490968002902D1FA
S3150003E6100002400C3618002E01D5019700E0019642
S3150003E620606B0107C80F03212A6B0A40022A1BD11C
S3150003E630039AD20618D5AA68D30513D5A66B894BB8
S3150003E6401E409E4203D11021814AD1630CE09205FC
S3150003E6500AD4E26B2823134006D16B461F70264A61
S3150003E660116001E06A461770029068460678002E2C
S3150003E67003D10FE07A48406D0190FEF74DFD002867
S3150003E68008D0FEF76EFD0298002802D0FEF7F6F9D1
S3150003E69000E0002602206E490860002E10D03020CC
S3150003E6A0285C0C210140042902D0A06BC00602D5C8
S3150003E6B0FDF76EFC01E0FDF778FC202060600CE0BE
S3150003E6C0FDF77DFD01A8FEF789F90400FEF79FFE1D
S3150003E6D0002C02D10198FEF7F7F980200004FDF71C
S3150003E6E07BFB05B0F0BD0000EC3E0000CC3F000014
S3150003E6F0CC3E000000FFFF00441002A8FEB5002434
S3150003E7000194FDF7B9FBFEF782FE574EF06E574DA7
S3150003E7100007000F072807D17068002804D40020DB
S3150003E720FEF71AFC286841E001210320504A73686A
S3150003E7305B070BD44F4B1B680B4007D01368DF05F1
S3150003E7400BD55B0502D43368DB0503D40191916ACB
S3150003E750890904E01021484B1960916A09090840A8
S3150003E76000900020FEF7F8FB0098002805D170689A
S3150003E770C00602D4FDF719FC01E0FDF709FC0020F1
S3150003E7800199002903D13D480068FEF7F6FD696942
S3150003E790401801D5009400E000906846FDF779FC27
S3150003E7A0002805D10098FDF7CAFCA8690749086047
S3150003E7B080200005FDF710FBF7BD0000440102A809
S3150003E7C00C0002A880E200E0AC3F0000483E0000D7
S3150003E7D0F8B5FDF751FB002400252948066B802771
S3150003E7E07F05300606D5300709D5FEF7BAFCFEF7D6
S3150003E7F045F929E001251F480068284019D0002063
S3150003E800FEF7AAFB0220064002D01E490C60C8612F
S3150003E8101D480468002D03D02000FDF74BF90400C2
S3150003E820FEF79FFC2000FEF74FF93800FDF7D4FAF8
S3150003E830F1BD16480078C0210140402902D1FDF7F9
S3150003E840A7FB01E0FDF7B1FB20200D490860ECE7CB
S3150003E850082002A8AC0002A8BC3E00000CC101A817
S3150003E8606C3F000010000010400002A8BC3F0000EF
S3150003E870C43E0000B44000A8441002A81CC101A86D
S3150003E880100002A8180000AAD83F0000EC3E0000C2
S3150003E890FFF750FA024803494860FFF766FA00BFDC
S3150003E8A0672700000000000080B5EFF305800B2802
S3150003E8B001D23A2100E029218C2252000020FFF7E1
S3150003E8C05BFCFEE73CE9030000000000F4E80300FC
S3150003E8D0010000000000000000F049023CE90300CB
S3150003E8E00000000018E9030001000000000000001A
S3150003E8F000F04902000000004063598F404B4C0072
S3150003E9000B000B001A00FF7F5409002000000000D3
S3150003E9100000000000000000000000004063598F63
S3150003E920404B4C000B000B001A00FF7F54090020DC
S3150003E9300000000000000000000000000C40020080
S3150003E940018014007F400000204002000000000008
S3150003E9500000000030400700000000000000000037
S3150003E960000000000000000000000000004000005E
S3150003E970A007040050400100000000005C400200B4
S3150003E9800000000000000000A8400100070000008E
S3150003E990BC4004000000000000000000000000006E
S3150003E9A0000000000441040000400000FF4C00008A
S3150003E9B0FF5D0000FF4D000020C0011000F80700B6
S3150003E9C020C00130F502080024C00800001800002A
S3150003E9D0EC80B38343754051A00F004830400000DC
S3150003E9E000000000000000002E02000050C00400DA
S3150003E9F0511130040E2D09E654060708D1B602005C
S3150003EA0064C00A000430001C403018090D647920E4
S3150003EA10EBFCFB017FF6E803BD4B721511A318054A
S3150003EA2010325476980A0000000000000800010125
S3150003EA300407000018000101000000002000010186
S3150003EA40088400001C4008011000000020F913048C
S3150003EA5007C0520000000000000000000000000391
S3150003EA600000000000000000584006016402FF0099
S3150003EA704108000001000000B0070800A7000000DD
S3150003EA8000000000804011014B01A0089BC34A749B
S3150003EA90F003000000000000000000000101103038
S3150003EAA050707F7F0000000000000000000000009F
S3150003EAB0000000000000000000000000000000004D
S3150003EAC0000000000000000000000000E04002011A
S3150003EAD03300000000000000EC4001017DA8D98B43
S3150003EAE0F4400501640483078813C83A9C200A008E
S3150003EAF000612000B75635120C410301F954120088
S3150003EB002030042988BB4040244102010000000054
S3150003EB100310000030410A016406660C0C01000074
S3150003EB20E853FA00000000000000000000000000A7
S3150003EB3000000000000000000000000001010000CA
S3150003EB406841030164048307881382000000000000
S3150003EB5030420401000000000000000E0000000027
S3150003EB60000000004442020100000000F4811F007F
S3150003EB7054420C010000000000003C0000000000AD
S3150003EB800000000055555555170000000000000011
S3150003EB9000000000AAAA0600000000000000000012
S3150003EBA0000000001080010103000000388002010C
S3150003EBB011491000010000009C800301EB40020094
S3150003EBC070780300D5C00000A8800111F001000091
S3150003EBD0A88001310542CB01AC800111F001000090
S3150003EBE0AC80013105228D00B080020100030002D2
S3150003EBF03700000198000202000C00044C000000DC
S3150003EC00A400010200040000D0000202050040AA8D
S3150003EC1088010000E40001026C2C5111F400020289
S3150003EC20000000003D210811FC0001123F00000016
S3150003EC30FC0001320054040030010102600051025D
S3150003EC4054010102C43F00006801010200040000F0
S3150003EC50FC4F01035CEC0300FFFFFFFF1000000005
S3150003EC60666666000000000010ED030004ED030075
S3150003EC7000000000001A9A00005A620280841E00F7
S3150003EC800420F5001149500200000000ACEC03001B
S3150003EC90000000000000000000000000B0841E0019
S3150003ECA00000000000000000000000000200000059
S3150003ECB000F049020614000000E093040538000042
S3150003ECC0A00800000000580901040706100A010401
S3150003ECD00707C80A00040807800B00040808380C55
S3150003ECE0000409086108000000006808000000002D
S3150003ECF0C709010404032C0B01040404920C010448
S3150003ED0005040000ED170000ED17000000000000E9
S3150003ED10193F010604100100000101060010270037
S3150003ED200009000000000000000000002401FD7F30
S3150003ED300100000040ED030000080020010300006D
S3150003ED4000000000FFFFFFFF010100000020050097
S3150003ED5000600000481A0020C8000000FE00000002
S3150003ED6000000000C8830200040008070200000038
S3150003ED70FFFFFFFFE82C002000F0490200C005500A
S3150003ED80280000000200FFFF02020000000000004E
S3150003ED90AD7E00005D7E000000000000956E000061
S3150003EDA00000000002000000B96E0000A000000091
S3150003EDB06B6E0000020000002D750000800000004D
S3150003EDC0000000000000000000000000000000003A
S3150003EDD0000000000000000000000000000000002A
S3150003EDE0000000000000000000000000000000001A
S3150003EDF0000000000000000000000000C008002022
S3150003EE000000000070280020D82800204029002098
S3150003EE1000000000000000000000000000000000E9
S3150003EE2000000000000000000000000000000000D9
S3150003EE3000000000000000000000000000000000C9
S3150003EE4000000000000000000000000000000000B9
S3150003EE500300000070280020A575020008B0030017
S3150003EE60FFFFFFFF0F7802000B780200FFFFFFFF93
S3150003EE701B780200FFFFFFFFE77B02003D7C0200D9
S3150003EE80FFFFFFFFFFFFFFFFFFFFFFFFFFFFFFFF89
S3150003EE9023270000FFFFFFFF00000000FFFF0E0017
S3150003EEA000000000080301FF0EFF0F7F30BF094B70
S3150003EEB0D3F8F03013F0010F0BD082B00023019387
S3150003EEC002E0019B01330193019B052BF9DD02B09F
S3150003EED07047704700ED00E0194A5AB3194BDB69D6
S3150003EEE013F0040F29D110B40AE003EA00048C429C
S3150003EEF010D0013AB2B1134BDB6913F0040F14D1EE
S3150003EF0010F0010FF1D1104C1C40002CEDD06FF026
S3150003EF1001000CE00C4A1A400AB9002007E06FF022
S3150003EF20010004E06FF0020001E04FF0FF305DF8EE
S3150003EF30044B70476FF0020070474FF0FF30704785
S3150003EF4080969800000003500200010010B5134B91
S3150003EF504FF400329A6603F51C33DC6904F48034FB
S3150003EF6041F67132DA6303F580520121D1605861AB
S3150003EF7002221A6100212120FFF7AEFF40B1084BA0
S3150003EF800122DA601CB1A3F500530022DA6310BD37
S3150003EF9000212120FFF7A0FFF1E700BF00900050FA
S3150003EFA00020035038B51A4B5861DB6913F0040F80
S3150003EFB02AD10C4654F8041B154B9961151F06E01C
S3150003EFC0214651F8042B124B9A61043D0C465DB160
S3150003EFD008210846FFF780FF03460028F0D00C4AB5
S3150003EFE004211161184638BD094B04221A61002118
S3150003EFF02120FFF771FF03460028F3D100212120CA
S3150003F000FFF76AFF0346EDE74FF0FF33EAE700BF7A
S3150003F010000003502DE9F0410F46164605461A4BEC
S3150003F0204FF400329A6603F51C33DA6902F480382A
S3150003F03041F67132DA6303F580530122DA60002365
S3150003F04002E025442744361B8EB105F5005424F40B
S3150003F050FF5424F01F04641BB44228BF34462246DF
S3150003F06039462846FFF79EFF03460028E9D0074A9C
S3150003F0700121D160B8F1000F03D0A2F5005200219F
S3150003F080D1631846BDE8F08100900050002003507C
S3150003F0902DEE0000CF33010005EE00000000000056
S3150003F0A00000000000000000000000000000000057
S3150003F0B00000000000000000000000000000000047
S3150003F0C00000000000000000000000000000000037
S3150003F0D00000000000000000000000000000000027
S3150003F0E00000000000000000000000000000000017
S3150003F0F00000000000000000000000000000000007
S3150003F10000000000000000000000000000000000F6
S3150003F11000000000000000000000000000000000E6
S3150003F12000000000000000000000000000000000D6
S3150003F13000000000000000000000000000000000C6
S3150003F14000000000000000000000000000000000B6
S3150003F15000000000000000000000000000000000A6
S3150003F1600000000000000000000000000000000096
S3150003F1700000000000000000000000000000000086
S3150003F1800000000000000000000000000000000076
S3150003F1900000000000000000000000000000000066
S3150003F1A00000000000000000000000000000000056
S3150003F1B00000000000000000000000000000000046
S3150003F1C00000000000000000000000000000000036
S3150003F1D00000000000000000000000000000000026
S3150003F1E00000000000000000000000000000000016
S3150003F1F00000000000000000000000000000000006
S3150003F20000000000000000000000000000000000F5
S3150003F21000000000000000000000000000000000E5
S3150003F22000000000000000000000000000000000D5
S3150003F23000000000000000000000000000000000C5
S3150003F24000000000000000000000000000000000B5
S3150003F25000000000000000000000000000000000A5
S3150003F2600000000000000000000000000000000095
S3150003F2700000000000000000000000000000000085
S3150003F2800000000000000000000000000000000075
S3150003F2900000000000000000000000000000000065
S3150003F2A00000000000000000000000000000000055
S3150003F2B00000000000000000000000000000000045
S3150003F2C00000000000000000000000000000000035
S3150003F2D00000000000000000000000000000000025
S3150003F2E00000000000000000000000000000000015
S3150003F2F00000000000000000000000000000000005
S3150003F30000000000000000000000000000000000F4
S3150003F31000000000000000000000000000000000E4
S3150003F32000000000000000000000000000000000D4
S3150003F33000000000000000000000000000000000C4
S3150003F34000000000000000000000000000000000B4
S3150003F35000000000000000000000000000000000A4
S3150003F3600000000000000000000000000000000094
S3150003F3700000000000000000000000000000000084
S3150003F3800000000000000000000000000000000074
S3150003F3900000000000000000000000000000000064
S3150003F3A00000000000000000000000000000000054
S3150003F3B00000000000000000000000000000000044
S3150003F3C00000000000000000000000000000000034
S3150003F3D00000000000000000000000000000000024
S3150003F3E00000000000000000000000000000000014
S3150003F3F00000000000000000000000000000000004
S3150003F40000000000000000000000000000000000F3
S3150003F41000000000000000000000000000000000E3
S3150003F42000000000000000000000000000000000D3
S3150003F43000000000000000000000000000000000C3
S3150003F44000000000000000000000000000000000B3
S3150003F45000000000000000000000000000000000A3
S3150003F4600000000000000000000000000000000093
S3150003F4700000000000000000000000000000000083
S3150003F4800000000000000000000000000000000073
S3150003F4900000000000000000000000000000000063
S3150003F4A00000000000000000000000000000000053
S3150003F4B00000000000000000000000000000000043
S3150003F4C00000000000000000000000000000000033
S3150003F4D00000000000000000000000000000000023
S3150003F4E00000000000000000000000000000000013
S3150003F4F00000000000000000000000000000000003
S3150003F50000000000000000000000000000000000F2
S3150003F51000000000000000000000000000000000E2
S3150003F52000000000000000000000000000000000D2
S3150003F53000000000000000000000000000000000C2
S3150003F54000000000000000000000000000000000B2
S3150003F55000000000000000000000000000000000A2
S3150003F5600000000000000000000000000000000092
S3150003F5700000000000000000000000000000000082
S3150003F5800000000000000000000000000000000072
S3150003F5900000000000000000000000000000000062
S3150003F5A00000000000000000000000000000000052
S3150003F5B00000000000000000000000000000000042
S3150003F5C00000000000000000000000000000000032
S3150003F5D00000000000000000000000000000000022
S3150003F5E00000000000000000000000000000000012
S3150003F5F00000000000000000000000000000000002
S3150003F60000000000000000000000000000000000F1
S3150003F61000000000000000000000000000000000E1
S3150003F62000000000000000000000000000000000D1
S3150003F63000000000000000000000000000000000C1
S3150003F64000000000000000000000000000000000B1
S3150003F65000000000000000000000000000000000A1
S3150003F6600000000000000000000000000000000091
S3150003F6700000000000000000000000000000000081
S3150003F6800000000000000000000000000000000071
S3150003F6900000000000000000000000000000000061
S3150003F6A00000000000000000000000000000000051
S3150003F6B00000000000000000000000000000000041
S3150003F6C00000000000000000000000000000000031
S3150003F6D00000000000000000000000000000000021
S3150003F6E00000000000000000000000000000000011
S3150003F6F00000000000000000000000000000000001
S3150003F70000000000000000000000000000000000F0
S3150003F71000000000000000000000000000000000E0
S3150003F72000000000000000000000000000000000D0
S3150003F73000000000000000000000000000000000C0
S3150003F74000000000000000000000000000000000B0
S3150003F75000000000000000000000000000000000A0
S3150003F7600000000000000000000000000000000090
S3150003F7700000000000000000000000000000000080
S3150003F7800000000000000000000000000000000070
S3150003F7900000000000000000000000000000000060
S3150003F7A00000000000000000000000000000000050
S3150003F7B00000000000000000000000000000000040
S3150003F7C00000000000000000000000000000000030
S3150003F7D00000000000000000000000000000000020
S3150003F7E00000000000000000000000000000000010
S3150003F7F00000000000000000000000000000000000
S3150003F80000000000000000000000000000000000EF
S3150003F81000000000000000000000000000000000DF
S3150003F82000000000000000000000000000000000CF
S3150003F83000000000000000000000000000000000BF
S3150003F84000000000000000000000000000000000AF
S3150003F850000000000000000000000000000000009F
S3150003F860000000000000000000000000000000008F
S3150003F870000000000000000000000000000000007F
S3150003F880000000000000000000000000000000006F
S3150003F890000000000000000000000000000000005F
S3150003F8A0000000000000000000000000000000004F
S3150003F8B0000000000000000000000000000000003F
S3150003F8C0000000000000000000000000000000002F
S3150003F8D0000000000000000000000000000000001F
S3150003F8E0000000000000000000000000000000000F
S3150003F8F000000000000000000000000000000000FF
S3150003F90000000000000000000000000000000000EE
S3150003F91000000000000000000000000000000000DE
S3150003F92000000000000000000000000000000000CE
S3150003F93000000000000000000000000000000000BE
S3090003F94000000000BA
S5033DFEC1
S70500000000FA
